patch_id,site,split,source_split,label,label_source,caption,state,region,lat,lon,bbox_wgs84,before_date,after_date,before_scene,after_scene,crs,tile,qwen3vl_32b_says,qwen3vl_235b_says,image_dir
andhra_pradesh_038_r1c3,andhra_pradesh_038,test,test,change,automatic,The quarries have expanded and a new row of structures has appeared along the east edge of the town,Andhra Pradesh,deccan,16.49932,79.88164,"[79.86958, 16.487691, 79.893696, 16.510957]",2019-11-10,2025-11-08,S2A_T44QLD_20191110T051135_L2A,S2C_T44QLD_20251108T052006_L2A,EPSG:32644,MGRS-44QLD,change,change,images/andhra_pradesh_038_r1c3
andhra_pradesh_038_r3c3,andhra_pradesh_038,test,test,no_change,human,,Andhra Pradesh,deccan,16.45305,79.8819,"[79.869848, 16.441415, 79.893958, 16.464681]",2019-11-10,2025-11-08,S2A_T44QLD_20191110T051135_L2A,S2C_T44QLD_20251108T052006_L2A,EPSG:32644,MGRS-44QLD,change,seasonal,images/andhra_pradesh_038_r3c3
andhra_pradesh_t1_019_r0c0,andhra_pradesh_t1_019,test,test,seasonal,automatic,,Andhra Pradesh,deccan,15.35107,77.54209,"[77.530035, 15.339372, 77.554143, 15.362766]",2020-03-14,2026-03-13,S2B_T43PGS_20200314T051939_L2A,S2B_T43PGS_20260313T052208_L2A,EPSG:32643,MGRS-43PGS,seasonal,seasonal,images/andhra_pradesh_t1_019_r0c0
andhra_pradesh_t1_019_r0c1,andhra_pradesh_t1_019,test,test,seasonal,automatic,,Andhra Pradesh,deccan,15.3508,77.56592,"[77.553862, 15.339098, 77.577972, 15.362494]",2020-03-14,2026-03-13,S2B_T43PGS_20200314T051939_L2A,S2B_T43PGS_20260313T052208_L2A,EPSG:32643,MGRS-43PGS,seasonal,seasonal,images/andhra_pradesh_t1_019_r0c1
andhra_pradesh_t1_019_r0c2,andhra_pradesh_t1_019,test,test,seasonal,human,,Andhra Pradesh,deccan,15.35052,77.58974,"[77.577688, 15.338822, 77.6018, 15.36222]",2020-03-14,2026-03-13,S2B_T43PGS_20200314T051939_L2A,S2B_T43PGS_20260313T052208_L2A,EPSG:32643,MGRS-43PGS,change,seasonal,images/andhra_pradesh_t1_019_r0c2
andhra_pradesh_t1_019_r1c2,andhra_pradesh_t1_019,test,test,seasonal,automatic,,Andhra Pradesh,deccan,15.3274,77.58946,"[77.577404, 15.315701, 77.601514, 15.339098]",2020-03-14,2026-03-13,S2B_T43PGS_20200314T051939_L2A,S2B_T43PGS_20260313T052208_L2A,EPSG:32643,MGRS-43PGS,seasonal,seasonal,images/andhra_pradesh_t1_019_r1c2
andhra_pradesh_t1_019_r1c3,andhra_pradesh_t1_019,test,test,no_change,automatic,,Andhra Pradesh,deccan,15.32712,77.61328,"[77.601228, 15.315422, 77.625339, 15.338822]",2020-03-14,2026-03-13,S2B_T43PGS_20200314T051939_L2A,S2B_T43PGS_20260313T052208_L2A,EPSG:32643,MGRS-43PGS,no_change,seasonal,images/andhra_pradesh_t1_019_r1c3
andhra_pradesh_t1_019_r2c1,andhra_pradesh_t1_019,test,test,seasonal,human,,Andhra Pradesh,deccan,15.30455,77.56535,"[77.5533, 15.292856, 77.577404, 15.316251]",2020-03-14,2026-03-13,S2B_T43PGS_20200314T051939_L2A,S2B_T43PGS_20260313T052208_L2A,EPSG:32643,MGRS-43PGS,change,seasonal,images/andhra_pradesh_t1_019_r2c1
andhra_pradesh_t1_019_r2c3,andhra_pradesh_t1_019,test,test,seasonal,human,,Andhra Pradesh,deccan,15.304,77.613,"[77.600942, 15.292302, 77.62505, 15.315701]",2020-03-14,2026-03-13,S2B_T43PGS_20200314T051939_L2A,S2B_T43PGS_20260313T052208_L2A,EPSG:32643,MGRS-43PGS,change,seasonal,images/andhra_pradesh_t1_019_r2c3
andhra_pradesh_t1_019_r3c2,andhra_pradesh_t1_019,test,test,no_change,automatic,,Andhra Pradesh,deccan,15.28116,77.58889,"[77.576839, 15.269459, 77.600942, 15.292856]",2020-03-14,2026-03-13,S2B_T43PGS_20200314T051939_L2A,S2B_T43PGS_20260313T052208_L2A,EPSG:32643,MGRS-43PGS,seasonal,seasonal,images/andhra_pradesh_t1_019_r3c2
andhra_pradesh_t1_024_r1c1,andhra_pradesh_t1_024,test,test,change,human,,Andhra Pradesh,deccan,14.34271,79.84565,"[79.833719, 14.331085, 79.857574, 14.354343]",2020-03-21,2026-03-25,S2B_T44PLA_20200321T050439_L2A,S2C_T44PLA_20260325T050734_L2A,EPSG:32644,MGRS-44PLA,change,seasonal,images/andhra_pradesh_t1_024_r1c1
andhra_pradesh_t1_024_r2c0,andhra_pradesh_t1_024,test,test,seasonal,human,,Andhra Pradesh,deccan,14.31945,79.82203,"[79.810103, 14.307825, 79.833958, 14.331085]",2020-03-21,2026-03-25,S2B_T44PLA_20200321T050439_L2A,S2C_T44PLA_20260325T050734_L2A,EPSG:32644,MGRS-44PLA,change,seasonal,images/andhra_pradesh_t1_024_r2c0
andhra_pradesh_t1_024_r3c3,andhra_pradesh_t1_024,test,test,seasonal,human,,Andhra Pradesh,deccan,14.29666,79.89335,"[79.881424, 14.285029, 79.905269, 14.308282]",2020-03-21,2026-03-25,S2B_T44PLA_20200321T050439_L2A,S2C_T44PLA_20260325T050734_L2A,EPSG:32644,MGRS-44PLA,change,change,images/andhra_pradesh_t1_024_r3c3
chhattisgarh_033_r0c0,chhattisgarh_033,test,test,no_change,human,,Chhattisgarh,central_east,20.04521,82.06636,"[82.054046, 20.033571, 82.078678, 20.056848]",2019-11-12,2025-11-10,S2B_T44QPH_20191112T050448_L2A,S2B_T44QPH_20251110T050141_L2A,EPSG:32644,MGRS-44QPH,change,seasonal,images/chhattisgarh_033_r0c0
chhattisgarh_033_r1c0,chhattisgarh_033,test,test,no_change,human,,Chhattisgarh,central_east,20.02208,82.06621,"[82.053892, 20.010441, 82.07852, 20.033718]",2019-11-12,2025-11-10,S2B_T44QPH_20191112T050448_L2A,S2B_T44QPH_20251110T050141_L2A,EPSG:32644,MGRS-44QPH,change,seasonal,images/chhattisgarh_033_r1c0
chhattisgarh_033_r1c3,chhattisgarh_033,test,test,no_change,human,,Chhattisgarh,central_east,20.02162,82.13962,"[82.127302, 20.009979, 82.15194, 20.033266]",2019-11-12,2025-11-10,S2B_T44QPH_20191112T050448_L2A,S2B_T44QPH_20251110T050141_L2A,EPSG:32644,MGRS-44QPH,change,change,images/chhattisgarh_033_r1c3
chhattisgarh_033_r2c0,chhattisgarh_033,test,test,seasonal,human,,Chhattisgarh,central_east,19.99895,82.06605,"[82.053738, 19.987311, 82.078362, 20.010589]",2019-11-12,2025-11-10,S2B_T44QPH_20191112T050448_L2A,S2B_T44QPH_20251110T050141_L2A,EPSG:32644,MGRS-44QPH,change,seasonal,images/chhattisgarh_033_r2c0
chhattisgarh_033_r2c2,chhattisgarh_033,test,test,no_change,automatic,,Chhattisgarh,central_east,19.99865,82.11499,"[82.102671, 19.987007, 82.127302, 20.010291]",2019-11-12,2025-11-10,S2B_T44QPH_20191112T050448_L2A,S2B_T44QPH_20251110T050141_L2A,EPSG:32644,MGRS-44QPH,seasonal,seasonal,images/chhattisgarh_033_r2c2
chhattisgarh_033_r2c3,chhattisgarh_033,test,test,seasonal,human,,Chhattisgarh,central_east,19.99849,82.13945,"[82.127137, 19.98685, 82.151772, 20.010136]",2019-11-12,2025-11-10,S2B_T44QPH_20191112T050448_L2A,S2B_T44QPH_20251110T050141_L2A,EPSG:32644,MGRS-44QPH,change,seasonal,images/chhattisgarh_033_r2c3
chhattisgarh_033_r3c2,chhattisgarh_033,test,test,no_change,human,,Chhattisgarh,central_east,19.97552,82.11482,"[82.10251, 19.963878, 82.127137, 19.987161]",2019-11-12,2025-11-10,S2B_T44QPH_20191112T050448_L2A,S2B_T44QPH_20251110T050141_L2A,EPSG:32644,MGRS-44QPH,change,change,images/chhattisgarh_033_r3c2
chhattisgarh_033_r3c3,chhattisgarh_033,test,test,seasonal,human,,Chhattisgarh,central_east,19.97536,82.13929,"[82.126973, 19.963721, 82.151603, 19.987007]",2019-11-12,2025-11-10,S2B_T44QPH_20191112T050448_L2A,S2B_T44QPH_20251110T050141_L2A,EPSG:32644,MGRS-44QPH,change,seasonal,images/chhattisgarh_033_r3c3
chhattisgarh_042_r1c0,chhattisgarh_042,test,test,no_change,human,,Chhattisgarh,central_east,22.72259,83.05909,"[83.046465, 22.710879, 83.071725, 22.734311]",2020-01-06,2026-01-06,S2A_T44QQL_20200106T050722_L2A,S2A_T44QQL_20260106T050240_L2A,EPSG:32644,MGRS-44QQL,change,change,images/chhattisgarh_042_r1c0
chhattisgarh_042_r1c1,chhattisgarh_042,test,test,cant_tell,human,,Chhattisgarh,central_east,22.72227,83.08401,"[83.071377, 22.710554, 83.09664, 22.73399]",2020-01-06,2026-01-06,S2A_T44QQL_20200106T050722_L2A,S2A_T44QQL_20260106T050240_L2A,EPSG:32644,MGRS-44QQL,change,change,images/chhattisgarh_042_r1c1
chhattisgarh_042_r2c1,chhattisgarh_042,test,test,no_change,human,,Chhattisgarh,central_east,22.69916,83.08366,"[83.071029, 22.687443, 83.096287, 22.710879]",2020-01-06,2026-01-06,S2A_T44QQL_20200106T050722_L2A,S2A_T44QQL_20260106T050240_L2A,EPSG:32644,MGRS-44QQL,change,change,images/chhattisgarh_042_r2c1
chhattisgarh_042_r2c2,chhattisgarh_042,test,test,no_change,automatic,,Chhattisgarh,central_east,22.69883,83.10857,"[83.095936, 22.687115, 83.121198, 22.710554]",2020-01-06,2026-01-06,S2A_T44QQL_20200106T050722_L2A,S2A_T44QQL_20260106T050240_L2A,EPSG:32644,MGRS-44QQL,seasonal,seasonal,images/chhattisgarh_042_r2c2
chhattisgarh_042_r2c3,chhattisgarh_042,test,test,no_change,human,,Chhattisgarh,central_east,22.6985,83.13347,"[83.120842, 22.686783, 83.146107, 22.710226]",2020-01-06,2026-01-06,S2A_T44QQL_20200106T050722_L2A,S2A_T44QQL_20260106T050240_L2A,EPSG:32644,MGRS-44QQL,change,seasonal,images/chhattisgarh_042_r2c3
chhattisgarh_042_r3c1,chhattisgarh_042,test,test,no_change,automatic,,Chhattisgarh,central_east,22.67605,83.08331,"[83.070682, 22.664332, 83.095936, 22.687768]",2020-01-06,2026-01-06,S2A_T44QQL_20200106T050722_L2A,S2A_T44QQL_20260106T050240_L2A,EPSG:32644,MGRS-44QQL,seasonal,seasonal,images/chhattisgarh_042_r3c1
chhattisgarh_042_r3c2,chhattisgarh_042,test,test,no_change,human,,Chhattisgarh,central_east,22.67572,83.10821,"[83.095584, 22.664005, 83.120842, 22.687443]",2020-01-06,2026-01-06,S2A_T44QQL_20200106T050722_L2A,S2A_T44QQL_20260106T050240_L2A,EPSG:32644,MGRS-44QQL,change,seasonal,images/chhattisgarh_042_r3c2
chhattisgarh_t1_028_r0c0,chhattisgarh_t1_028,test,test,change,automatic,A new highway has been built running diagonally from the south-west to the north-east,Chhattisgarh,central_east,22.40455,82.38188,"[82.369329, 22.392884, 82.394422, 22.416217]",2020-01-06,2026-01-06,S2A_T44QPK_20200106T050722_L2A,S2A_T44QPK_20260106T050240_L2A,EPSG:32644,MGRS-44QPK,change,change,images/chhattisgarh_t1_028_r0c0
chhattisgarh_t1_028_r2c0,chhattisgarh_t1_028,test,test,no_change,human,,Chhattisgarh,central_east,22.35831,82.38142,"[82.368876, 22.346642, 82.393961, 22.369975]",2020-01-06,2026-01-06,S2A_T44QPK_20200106T050722_L2A,S2A_T44QPK_20260106T050240_L2A,EPSG:32644,MGRS-44QPK,change,seasonal,images/chhattisgarh_t1_028_r2c0
chhattisgarh_t1_028_r2c1,chhattisgarh_t1_028,test,test,no_change,human,,Chhattisgarh,central_east,22.35809,82.40628,"[82.393731, 22.346427, 82.41882, 22.369763]",2020-01-06,2026-01-06,S2A_T44QPK_20200106T050722_L2A,S2A_T44QPK_20260106T050240_L2A,EPSG:32644,MGRS-44QPK,change,change,images/chhattisgarh_t1_028_r2c1
goa_004_r2c0,goa_004,test,test,change,automatic,The airport terminal area has been rebuilt and a new structure has appeared by the runway,Goa,deccan,15.38665,73.81623,"[73.804242, 15.375015, 73.828223, 15.398281]",2020-02-04,2026-02-02,S2A_T43PCT_20200204T054342_L2A,S2C_T43PCT_20260202T053859_L2A,EPSG:32643,MGRS-43PCT,change,change,images/goa_004_r2c0
goa_004_r2c1,goa_004,test,test,change,human,,Goa,deccan,15.38677,73.84008,"[73.828094, 15.375142, 73.852073, 15.398406]",2020-02-04,2026-02-02,S2A_T43PCT_20200204T054342_L2A,S2C_T43PCT_20260202T053859_L2A,EPSG:32643,MGRS-43PCT,change,change,images/goa_004_r2c1
goa_004_r2c2,goa_004,test,test,change,automatic,"New construction has appeared on the hillside in the north and at the east edge, with the town becoming denser",Goa,deccan,15.3869,73.86393,"[73.851946, 15.375266, 73.875923, 15.398528]",2020-02-04,2026-02-02,S2A_T43PCT_20200204T054342_L2A,S2C_T43PCT_20260202T053859_L2A,EPSG:32643,MGRS-43PCT,change,change,images/goa_004_r2c2
goa_004_r2c3,goa_004,test,test,change,human,,Goa,deccan,15.38702,73.88779,"[73.875798, 15.375387, 73.899773, 15.398647]",2020-02-04,2026-02-02,S2A_T43PCT_20200204T054342_L2A,S2C_T43PCT_20260202T053859_L2A,EPSG:32643,MGRS-43PCT,change,change,images/goa_004_r2c3
gujarat_t1_012_r0c1,gujarat_t1_012,test,test,seasonal,human,,Gujarat,west_desert,24.10037,71.70989,"[71.697062, 24.088594, 71.722709, 24.112137]",2020-02-10,2026-02-08,S2A_T42QYM_20200210T055759_L2A,S2C_T42QYM_20260208T060200_L2A,EPSG:32642,MGRS-42QYM,change,seasonal,images/gujarat_t1_012_r0c1
gujarat_t1_012_r0c2,gujarat_t1_012,test,test,no_change,human,,Gujarat,west_desert,24.09992,71.73505,"[71.72222, 24.088144, 71.747871, 24.11169]",2020-02-10,2026-02-08,S2A_T42QYM_20200210T055759_L2A,S2C_T42QYM_20260208T060200_L2A,EPSG:32642,MGRS-42QYM,change,seasonal,images/gujarat_t1_012_r0c2
gujarat_t1_012_r0c3,gujarat_t1_012,test,test,change,automatic,"The cleared area and buildings north of the road have been replaced by fields, while the road corridor remains",Gujarat,west_desert,24.09946,71.76021,"[71.747378, 24.087689, 71.773033, 24.111239]",2020-02-10,2026-02-08,S2A_T42QYM_20200210T055759_L2A,S2C_T42QYM_20260208T060200_L2A,EPSG:32642,MGRS-42QYM,change,change,images/gujarat_t1_012_r0c3
gujarat_t1_012_r1c3,gujarat_t1_012,test,test,change,human,,Gujarat,west_desert,24.07637,71.75971,"[71.746886, 24.064594, 71.772535, 24.088144]",2020-02-10,2026-02-08,S2A_T42QYM_20200210T055759_L2A,S2C_T42QYM_20260208T060200_L2A,EPSG:32642,MGRS-42QYM,seasonal,change,images/gujarat_t1_012_r1c3
gujarat_t1_012_r2c0,gujarat_t1_012,test,test,no_change,automatic,,Gujarat,west_desert,24.05462,71.68376,"[71.670946, 24.042847, 71.696579, 24.066385]",2020-02-10,2026-02-08,S2A_T42QYM_20200210T055759_L2A,S2C_T42QYM_20260208T060200_L2A,EPSG:32642,MGRS-42QYM,seasonal,seasonal,images/gujarat_t1_012_r2c0
gujarat_t1_012_r2c2,gujarat_t1_012,test,test,no_change,automatic,,Gujarat,west_desert,24.05373,71.73407,"[71.721245, 24.041952, 71.746886, 24.065498]",2020-02-10,2026-02-08,S2A_T42QYM_20200210T055759_L2A,S2C_T42QYM_20260208T060200_L2A,EPSG:32642,MGRS-42QYM,seasonal,seasonal,images/gujarat_t1_012_r2c2
gujarat_t1_012_r3c0,gujarat_t1_012,test,test,seasonal,automatic,,Gujarat,west_desert,24.03152,71.68328,"[71.670468, 24.01975, 71.696096, 24.043288]",2020-02-10,2026-02-08,S2A_T42QYM_20200210T055759_L2A,S2C_T42QYM_20260208T060200_L2A,EPSG:32642,MGRS-42QYM,seasonal,seasonal,images/gujarat_t1_012_r3c0
gujarat_t1_012_r3c2,gujarat_t1_012,test,test,seasonal,automatic,,Gujarat,west_desert,24.03063,71.73358,"[71.720758, 24.018856, 71.746394, 24.042402]",2020-02-10,2026-02-08,S2A_T42QYM_20200210T055759_L2A,S2C_T42QYM_20260208T060200_L2A,EPSG:32642,MGRS-42QYM,seasonal,seasonal,images/gujarat_t1_012_r3c2
karnataka_006_r0c1,karnataka_006,test,test,change,automatic,"The town has become denser, with new buildings along its eastern edge",Karnataka,deccan,16.70994,74.48183,"[74.469796, 16.698344, 74.493871, 16.721545]",2020-03-30,2026-03-29,S2B_T43QDU_20200330T054138_L2A,S2B_T43QDU_20260329T053637_L2A,EPSG:32643,MGRS-43QDU,change,change,images/karnataka_006_r0c1
karnataka_006_r0c3,karnataka_006,test,test,no_change,human,,Karnataka,deccan,16.71006,74.52986,"[74.517825, 16.698462, 74.541894, 16.721657]",2020-03-30,2026-03-29,S2B_T43QDU_20200330T054138_L2A,S2B_T43QDU_20260329T053637_L2A,EPSG:32643,MGRS-43QDU,seasonal,seasonal,images/karnataka_006_r0c3
karnataka_006_r2c1,karnataka_006,test,test,no_change,human,,Karnataka,deccan,16.66366,74.48196,"[74.469924, 16.652062, 74.493993, 16.675263]",2020-03-30,2026-03-29,S2B_T43QDU_20200330T054138_L2A,S2B_T43QDU_20260329T053637_L2A,EPSG:32643,MGRS-43QDU,change,seasonal,images/karnataka_006_r2c1
karnataka_006_r2c2,karnataka_006,test,test,seasonal,automatic,,Karnataka,deccan,16.66372,74.50597,"[74.493932, 16.652122, 74.517999, 16.675321]",2020-03-30,2026-03-29,S2B_T43QDU_20200330T054138_L2A,S2B_T43QDU_20260329T053637_L2A,EPSG:32643,MGRS-43QDU,seasonal,seasonal,images/karnataka_006_r2c2
karnataka_006_r3c0,karnataka_006,test,test,seasonal,automatic,,Karnataka,deccan,16.64046,74.45802,"[74.445982, 16.628859, 74.470051, 16.652062]",2020-03-30,2026-03-29,S2B_T43QDU_20200330T054138_L2A,S2B_T43QDU_20260329T053637_L2A,EPSG:32643,MGRS-43QDU,seasonal,seasonal,images/karnataka_006_r3c0
karnataka_006_r3c1,karnataka_006,test,test,change,human,,Karnataka,deccan,16.64052,74.48202,"[74.469987, 16.628921, 74.494054, 16.652122]",2020-03-30,2026-03-29,S2B_T43QDU_20200330T054138_L2A,S2B_T43QDU_20260329T053637_L2A,EPSG:32643,MGRS-43QDU,seasonal,change,images/karnataka_006_r3c1
karnataka_006_r3c2,karnataka_006,test,test,change,automatic,"New buildings and large white-roofed sheds have appeared across the fields, especially in the north and east",Karnataka,deccan,16.64058,74.50602,"[74.493993, 16.628981, 74.518056, 16.652179]",2020-03-30,2026-03-29,S2B_T43QDU_20200330T054138_L2A,S2B_T43QDU_20260329T053637_L2A,EPSG:32643,MGRS-43QDU,change,change,images/karnataka_006_r3c2
karnataka_006_r3c3,karnataka_006,test,test,seasonal,automatic,,Karnataka,deccan,16.64064,74.53003,"[74.517999, 16.629038, 74.542059, 16.652234]",2020-03-30,2026-03-29,S2B_T43QDU_20200330T054138_L2A,S2B_T43QDU_20260329T053637_L2A,EPSG:32643,MGRS-43QDU,seasonal,seasonal,images/karnataka_006_r3c3
karnataka_051_r0c0,karnataka_051,test,test,seasonal,automatic,,Karnataka,deccan,12.09547,76.02476,"[76.012951, 12.083857, 76.036561, 12.107091]",2020-01-12,2026-01-15,S2A_T43PFP_20200112T052758_L2A,S2B_T43PFP_20260115T053340_L2A,EPSG:32643,MGRS-43PFP,seasonal,seasonal,images/karnataka_051_r0c0
karnataka_051_r0c1,karnataka_051,test,test,no_change,human,,Karnataka,deccan,12.09539,76.04828,"[76.036472, 12.083768, 76.060083, 12.107004]",2020-01-12,2026-01-15,S2A_T43PFP_20200112T052758_L2A,S2B_T43PFP_20260115T053340_L2A,EPSG:32643,MGRS-43PFP,seasonal,seasonal,images/karnataka_051_r0c1
karnataka_051_r1c0,karnataka_051,test,test,seasonal,automatic,,Karnataka,deccan,12.07233,76.02467,"[76.012864, 12.06071, 76.036472, 12.083944]",2020-01-12,2026-01-15,S2A_T43PFP_20200112T052758_L2A,S2B_T43PFP_20260115T053340_L2A,EPSG:32643,MGRS-43PFP,seasonal,seasonal,images/karnataka_051_r1c0
karnataka_051_r1c1,karnataka_051,test,test,no_change,human,,Karnataka,deccan,12.07224,76.04819,"[76.036383, 12.060621, 76.059991, 12.083857]",2020-01-12,2026-01-15,S2A_T43PFP_20200112T052758_L2A,S2B_T43PFP_20260115T053340_L2A,EPSG:32643,MGRS-43PFP,change,seasonal,images/karnataka_051_r1c1
karnataka_051_r1c2,karnataka_051,test,test,no_change,automatic,,Karnataka,deccan,12.07215,76.07171,"[76.0599, 12.060531, 76.083511, 12.083768]",2020-01-12,2026-01-15,S2A_T43PFP_20200112T052758_L2A,S2B_T43PFP_20260115T053340_L2A,EPSG:32643,MGRS-43PFP,seasonal,seasonal,images/karnataka_051_r1c2
karnataka_051_r2c0,karnataka_051,test,test,no_change,human,,Karnataka,deccan,12.04918,76.02458,"[76.012778, 12.037563, 76.036383, 12.060796]",2020-01-12,2026-01-15,S2A_T43PFP_20200112T052758_L2A,S2B_T43PFP_20260115T053340_L2A,EPSG:32643,MGRS-43PFP,change,seasonal,images/karnataka_051_r2c0
karnataka_051_r2c3,karnataka_051,test,test,cant_tell,automatic,,Karnataka,deccan,12.04891,76.09513,"[76.083325, 12.037292, 76.106936, 12.060531]",2020-01-12,2026-01-15,S2A_T43PFP_20200112T052758_L2A,S2B_T43PFP_20260115T053340_L2A,EPSG:32643,MGRS-43PFP,seasonal,seasonal,images/karnataka_051_r2c3
karnataka_051_r3c2,karnataka_051,test,test,cant_tell,automatic,,Karnataka,deccan,12.02586,76.07152,"[76.059719, 12.014237, 76.083325, 12.037474]",2020-01-12,2026-01-15,S2A_T43PFP_20200112T052758_L2A,S2B_T43PFP_20260115T053340_L2A,EPSG:32643,MGRS-43PFP,seasonal,seasonal,images/karnataka_051_r3c2
karnataka_t1_002_r0c2,karnataka_t1_002,test,test,seasonal,human,,Karnataka,deccan,13.62472,76.26762,"[76.255723, 13.613087, 76.279509, 13.63635]",2020-02-16,2026-02-14,S2B_T43PFR_20200216T052654_L2A,S2B_T43PFR_20260214T053354_L2A,EPSG:32643,MGRS-43PFR,change,seasonal,images/karnataka_t1_002_r0c2
karnataka_t1_002_r1c1,karnataka_t1_002,test,test,change,automatic,A new solar farm has appeared in the north-centre among the fields,Karnataka,deccan,13.60169,76.24383,"[76.231943, 13.590064, 76.255723, 13.613325]",2020-02-16,2026-02-14,S2B_T43PFR_20200216T052654_L2A,S2B_T43PFR_20260214T053354_L2A,EPSG:32643,MGRS-43PFR,change,change,images/karnataka_t1_002_r1c1
karnataka_t1_002_r1c2,karnataka_t1_002,test,test,change,human,,Karnataka,deccan,13.60158,76.26749,"[76.255601, 13.589944, 76.279384, 13.613207]",2020-02-16,2026-02-14,S2B_T43PFR_20200216T052654_L2A,S2B_T43PFR_20260214T053354_L2A,EPSG:32643,MGRS-43PFR,change,change,images/karnataka_t1_002_r1c2
karnataka_t1_002_r1c3,karnataka_t1_002,test,test,seasonal,automatic,,Karnataka,deccan,13.60145,76.29115,"[76.27926, 13.589822, 76.303045, 13.613087]",2020-02-16,2026-02-14,S2B_T43PFR_20200216T052654_L2A,S2B_T43PFR_20260214T053354_L2A,EPSG:32643,MGRS-43PFR,seasonal,seasonal,images/karnataka_t1_002_r1c3
karnataka_t1_002_r2c1,karnataka_t1_002,test,test,seasonal,human,,Karnataka,deccan,13.57855,76.24371,"[76.231823, 13.566922, 76.255601, 13.590182]",2020-02-16,2026-02-14,S2B_T43PFR_20200216T052654_L2A,S2B_T43PFR_20260214T053354_L2A,EPSG:32643,MGRS-43PFR,change,change,images/karnataka_t1_002_r2c1
karnataka_t1_002_r2c2,karnataka_t1_002,test,test,change,human,,Karnataka,deccan,13.57843,76.26737,"[76.25548, 13.566802, 76.27926, 13.590064]",2020-02-16,2026-02-14,S2B_T43PFR_20200216T052654_L2A,S2B_T43PFR_20260214T053354_L2A,EPSG:32643,MGRS-43PFR,change,seasonal,images/karnataka_t1_002_r2c2
karnataka_t1_002_r2c3,karnataka_t1_002,test,test,no_change,human,,Karnataka,deccan,13.57831,76.29103,"[76.279136, 13.566679, 76.302918, 13.589944]",2020-02-16,2026-02-14,S2B_T43PFR_20200216T052654_L2A,S2B_T43PFR_20260214T053354_L2A,EPSG:32643,MGRS-43PFR,change,seasonal,images/karnataka_t1_002_r2c3
karnataka_t1_002_r3c0,karnataka_t1_002,test,test,seasonal,human,,Karnataka,deccan,13.55553,76.21994,"[76.208049, 13.543897, 76.231823, 13.567155]",2020-02-16,2026-02-14,S2B_T43PFR_20200216T052654_L2A,S2B_T43PFR_20260214T053354_L2A,EPSG:32643,MGRS-43PFR,change,change,images/karnataka_t1_002_r3c0
karnataka_t1_002_r3c1,karnataka_t1_002,test,test,no_change,human,,Karnataka,deccan,13.55541,76.24359,"[76.231704, 13.543779, 76.25548, 13.56704]",2020-02-16,2026-02-14,S2B_T43PFR_20200216T052654_L2A,S2B_T43PFR_20260214T053354_L2A,EPSG:32643,MGRS-43PFR,change,seasonal,images/karnataka_t1_002_r3c1
karnataka_t1_002_r3c2,karnataka_t1_002,test,test,seasonal,human,,Karnataka,deccan,13.55529,76.26725,"[76.255358, 13.543659, 76.279136, 13.566922]",2020-02-16,2026-02-14,S2B_T43PFR_20200216T052654_L2A,S2B_T43PFR_20260214T053354_L2A,EPSG:32643,MGRS-43PFR,change,seasonal,images/karnataka_t1_002_r3c2
karnataka_t1_002_r3c3,karnataka_t1_002,test,test,seasonal,human,,Karnataka,deccan,13.55517,76.2909,"[76.279012, 13.543537, 76.302792, 13.566802]",2020-02-16,2026-02-14,S2B_T43PFR_20200216T052654_L2A,S2B_T43PFR_20260214T053354_L2A,EPSG:32643,MGRS-43PFR,change,seasonal,images/karnataka_t1_002_r3c3
karnataka_t1_004_r0c0,karnataka_t1_004,test,test,seasonal,automatic,,Karnataka,deccan,16.61744,75.49185,"[75.479823, 16.605845, 75.503884, 16.629043]",2020-03-22,2026-03-21,S2A_T43QEU_20200322T052349_L2A,S2C_T43QEU_20260321T053248_L2A,EPSG:32643,MGRS-43QEU,seasonal,seasonal,images/karnataka_t1_004_r0c0
karnataka_t1_004_r0c1,karnataka_t1_004,test,test,seasonal,automatic,,Karnataka,deccan,16.61739,75.51585,"[75.503823, 16.605785, 75.527886, 16.628986]",2020-03-22,2026-03-21,S2A_T43QEU_20200322T052349_L2A,S2C_T43QEU_20260321T053248_L2A,EPSG:32643,MGRS-43QEU,seasonal,seasonal,images/karnataka_t1_004_r0c1
karnataka_t1_004_r0c2,karnataka_t1_004,test,test,change,human,,Karnataka,deccan,16.61733,75.53986,"[75.527823, 16.605723, 75.551889, 16.628927]",2020-03-22,2026-03-21,S2A_T43QEU_20200322T052349_L2A,S2C_T43QEU_20260321T053248_L2A,EPSG:32643,MGRS-43QEU,change,change,images/karnataka_t1_004_r0c2
karnataka_t1_004_r0c3,karnataka_t1_004,test,test,no_change,automatic,,Karnataka,deccan,16.61726,75.56386,"[75.551823, 16.605658, 75.575891, 16.628864]",2020-03-22,2026-03-21,S2A_T43QEU_20200322T052349_L2A,S2C_T43QEU_20260321T053248_L2A,EPSG:32643,MGRS-43QEU,seasonal,seasonal,images/karnataka_t1_004_r0c3
karnataka_t1_004_r1c0,karnataka_t1_004,test,test,seasonal,automatic,,Karnataka,deccan,16.5943,75.49179,"[75.479766, 16.582704, 75.503823, 16.605902]",2020-03-22,2026-03-21,S2A_T43QEU_20200322T052349_L2A,S2C_T43QEU_20260321T053248_L2A,EPSG:32643,MGRS-43QEU,seasonal,seasonal,images/karnataka_t1_004_r1c0
karnataka_t1_004_r1c1,karnataka_t1_004,test,test,seasonal,automatic,,Karnataka,deccan,16.59424,75.51579,"[75.503763, 16.582644, 75.527823, 16.605845]",2020-03-22,2026-03-21,S2A_T43QEU_20200322T052349_L2A,S2C_T43QEU_20260321T053248_L2A,EPSG:32643,MGRS-43QEU,seasonal,seasonal,images/karnataka_t1_004_r1c1
karnataka_t1_004_r1c2,karnataka_t1_004,test,test,seasonal,automatic,,Karnataka,deccan,16.59418,75.53979,"[75.52776, 16.582582, 75.551823, 16.605785]",2020-03-22,2026-03-21,S2A_T43QEU_20200322T052349_L2A,S2C_T43QEU_20260321T053248_L2A,EPSG:32643,MGRS-43QEU,seasonal,seasonal,images/karnataka_t1_004_r1c2
karnataka_t1_004_r1c3,karnataka_t1_004,test,test,seasonal,human,,Karnataka,deccan,16.59412,75.56379,"[75.551757, 16.582517, 75.575822, 16.605723]",2020-03-22,2026-03-21,S2A_T43QEU_20200322T052349_L2A,S2C_T43QEU_20260321T053248_L2A,EPSG:32643,MGRS-43QEU,seasonal,change,images/karnataka_t1_004_r1c3
karnataka_t1_004_r2c0,karnataka_t1_004,test,test,seasonal,automatic,,Karnataka,deccan,16.57116,75.49174,"[75.479709, 16.559562, 75.503763, 16.58276]",2020-03-22,2026-03-21,S2A_T43QEU_20200322T052349_L2A,S2C_T43QEU_20260321T053248_L2A,EPSG:32643,MGRS-43QEU,seasonal,seasonal,images/karnataka_t1_004_r2c0
karnataka_t1_004_r2c1,karnataka_t1_004,test,test,seasonal,automatic,,Karnataka,deccan,16.5711,75.51573,"[75.503703, 16.559503, 75.52776, 16.582704]",2020-03-22,2026-03-21,S2A_T43QEU_20200322T052349_L2A,S2C_T43QEU_20260321T053248_L2A,EPSG:32643,MGRS-43QEU,seasonal,seasonal,images/karnataka_t1_004_r2c1
karnataka_t1_004_r2c2,karnataka_t1_004,test,test,seasonal,automatic,,Karnataka,deccan,16.57104,75.53973,"[75.527697, 16.559441, 75.551757, 16.582644]",2020-03-22,2026-03-21,S2A_T43QEU_20200322T052349_L2A,S2C_T43QEU_20260321T053248_L2A,EPSG:32643,MGRS-43QEU,seasonal,seasonal,images/karnataka_t1_004_r2c2
karnataka_t1_004_r2c3,karnataka_t1_004,test,test,seasonal,human,,Karnataka,deccan,16.57098,75.56372,"[75.551691, 16.559376, 75.575753, 16.582582]",2020-03-22,2026-03-21,S2A_T43QEU_20200322T052349_L2A,S2C_T43QEU_20260321T053248_L2A,EPSG:32643,MGRS-43QEU,change,seasonal,images/karnataka_t1_004_r2c3
karnataka_t1_004_r3c0,karnataka_t1_004,test,test,seasonal,automatic,,Karnataka,deccan,16.54802,75.49168,"[75.479651, 16.536421, 75.503703, 16.559619]",2020-03-22,2026-03-21,S2A_T43QEU_20200322T052349_L2A,S2C_T43QEU_20260321T053248_L2A,EPSG:32643,MGRS-43QEU,seasonal,seasonal,images/karnataka_t1_004_r3c0
karnataka_t1_004_r3c1,karnataka_t1_004,test,test,seasonal,automatic,,Karnataka,deccan,16.54796,75.51567,"[75.503643, 16.536362, 75.527697, 16.559562]",2020-03-22,2026-03-21,S2A_T43QEU_20200322T052349_L2A,S2C_T43QEU_20260321T053248_L2A,EPSG:32643,MGRS-43QEU,seasonal,seasonal,images/karnataka_t1_004_r3c1
karnataka_t1_004_r3c2,karnataka_t1_004,test,test,seasonal,automatic,,Karnataka,deccan,16.5479,75.53966,"[75.527634, 16.5363, 75.551691, 16.559503]",2020-03-22,2026-03-21,S2A_T43QEU_20200322T052349_L2A,S2C_T43QEU_20260321T053248_L2A,EPSG:32643,MGRS-43QEU,seasonal,seasonal,images/karnataka_t1_004_r3c2
karnataka_t1_004_r3c3,karnataka_t1_004,test,test,seasonal,automatic,,Karnataka,deccan,16.54784,75.56365,"[75.551625, 16.536235, 75.575685, 16.559441]",2020-03-22,2026-03-21,S2A_T43QEU_20200322T052349_L2A,S2C_T43QEU_20260321T053248_L2A,EPSG:32643,MGRS-43QEU,seasonal,seasonal,images/karnataka_t1_004_r3c3
karnataka_t1_039_r0c3,karnataka_t1_039,test,train,seasonal,human,,Karnataka,deccan,15.89162,76.78286,"[76.770809, 15.879951, 76.794915, 15.903281]",2020-02-21,2026-02-19,S2A_T43PFT_20200221T052815_L2A,S2C_T43PFT_20260219T052722_L2A,EPSG:32643,MGRS-43PFT,seasonal,seasonal,images/karnataka_t1_039_r0c3
kerala_t1_002_r0c0,kerala_t1_002,test,test,no_change,automatic,,Kerala,south_islands,10.19045,76.83699,"[76.825243, 10.17881, 76.848736, 10.202083]",2020-01-24,2026-01-22,S2B_T43PGM_20200124T052518_L2A,S2B_T43PGM_20260122T052254_L2A,EPSG:32643,MGRS-43PGM,seasonal,seasonal,images/kerala_t1_002_r0c0
kerala_t1_002_r0c1,kerala_t1_002,test,test,no_change,automatic,,Kerala,south_islands,10.19031,76.86035,"[76.848603, 10.178677, 76.872097, 10.201952]",2020-01-24,2026-01-22,S2B_T43PGM_20200124T052518_L2A,S2B_T43PGM_20260122T052254_L2A,EPSG:32643,MGRS-43PGM,seasonal,seasonal,images/kerala_t1_002_r0c1
kerala_t1_002_r0c2,kerala_t1_002,test,test,cant_tell,automatic,,Kerala,south_islands,10.19018,76.88371,"[76.871962, 10.178543, 76.895458, 10.201819]",2020-01-24,2026-01-22,S2B_T43PGM_20200124T052518_L2A,S2B_T43PGM_20260122T052254_L2A,EPSG:32643,MGRS-43PGM,seasonal,seasonal,images/kerala_t1_002_r0c2
kerala_t1_002_r1c2,kerala_t1_002,test,test,no_change,automatic,,Kerala,south_islands,10.16704,76.88357,"[76.871827, 10.155402, 76.895321, 10.178677]",2020-01-24,2026-01-22,S2B_T43PGM_20200124T052518_L2A,S2B_T43PGM_20260122T052254_L2A,EPSG:32643,MGRS-43PGM,seasonal,seasonal,images/kerala_t1_002_r1c2
kerala_t1_002_r2c3,kerala_t1_002,test,test,no_change,automatic,,Kerala,south_islands,10.14376,76.90679,"[76.895048, 10.132125, 76.918541, 10.155402]",2020-01-24,2026-01-22,S2B_T43PGM_20200124T052518_L2A,S2B_T43PGM_20260122T052254_L2A,EPSG:32643,MGRS-43PGM,seasonal,seasonal,images/kerala_t1_002_r2c3
kerala_t1_002_r3c3,kerala_t1_002,test,test,cant_tell,human,,Kerala,south_islands,10.12062,76.90666,"[76.894913, 10.108984, 76.918403, 10.132261]",2020-01-24,2026-01-22,S2B_T43PGM_20200124T052518_L2A,S2B_T43PGM_20260122T052254_L2A,EPSG:32643,MGRS-43PGM,change,seasonal,images/kerala_t1_002_r3c3
madhya_pradesh_034_r0c1,madhya_pradesh_034,test,test,seasonal,automatic,,Madhya Pradesh,central_east,23.31003,76.11569,"[76.10308, 23.298378, 76.128306, 23.321677]",2020-02-14,2026-02-12,S2A_T43QFF_20200214T053307_L2A,S2C_T43QFF_20260212T053543_L2A,EPSG:32643,MGRS-43QFF,seasonal,seasonal,images/madhya_pradesh_034_r0c1
madhya_pradesh_034_r0c2,madhya_pradesh_034,test,test,seasonal,human,,Madhya Pradesh,central_east,23.30985,76.14073,"[76.128111, 23.298196, 76.153341, 23.321499]",2020-02-14,2026-02-12,S2A_T43QFF_20200214T053307_L2A,S2C_T43QFF_20260212T053543_L2A,EPSG:32643,MGRS-43QFF,change,seasonal,images/madhya_pradesh_034_r0c2
madhya_pradesh_034_r1c3,madhya_pradesh_034,test,test,change,automatic,"New structures have appeared along the highway on the west side, with new cleared plots nearby",Madhya Pradesh,central_east,23.28654,76.16556,"[76.152942, 23.27489, 76.178171, 23.298196]",2020-02-14,2026-02-12,S2A_T43QFF_20200214T053307_L2A,S2C_T43QFF_20260212T053543_L2A,EPSG:32643,MGRS-43QFF,change,change,images/madhya_pradesh_034_r1c3
madhya_pradesh_034_r2c1,madhya_pradesh_034,test,test,no_change,human,,Madhya Pradesh,central_east,23.26379,76.11531,"[76.102699, 23.252138, 76.127916, 23.275436]",2020-02-14,2026-02-12,S2A_T43QFF_20200214T053307_L2A,S2C_T43QFF_20260212T053543_L2A,EPSG:32643,MGRS-43QFF,seasonal,seasonal,images/madhya_pradesh_034_r2c1
madhya_pradesh_034_r2c3,madhya_pradesh_034,test,test,change,automatic,A new highway interchange with a new road branch and construction works has appeared at the central road junction.,Madhya Pradesh,central_east,23.26342,76.16536,"[76.152743, 23.25177, 76.177968, 23.275076]",2020-02-14,2026-02-12,S2A_T43QFF_20200214T053307_L2A,S2C_T43QFF_20260212T053543_L2A,EPSG:32643,MGRS-43QFF,change,change,images/madhya_pradesh_034_r2c3
madhya_pradesh_034_r3c1,madhya_pradesh_034,test,test,seasonal,automatic,,Madhya Pradesh,central_east,23.24067,76.11512,"[76.102509, 23.229017, 76.127721, 23.252315]",2020-02-14,2026-02-12,S2A_T43QFF_20200214T053307_L2A,S2C_T43QFF_20260212T053543_L2A,EPSG:32643,MGRS-43QFF,seasonal,seasonal,images/madhya_pradesh_034_r3c1
madhya_pradesh_034_r3c3,madhya_pradesh_034,test,test,seasonal,human,,Madhya Pradesh,central_east,23.2403,76.16515,"[76.152545, 23.22865, 76.177765, 23.251956]",2020-02-14,2026-02-12,S2A_T43QFF_20200214T053307_L2A,S2C_T43QFF_20260212T053543_L2A,EPSG:32643,MGRS-43QFF,change,seasonal,images/madhya_pradesh_034_r3c3
odisha_026_r0c1,odisha_026,test,test,seasonal,human,,Odisha,central_east,19.95441,86.27636,"[86.264073, 19.942798, 86.288642, 19.96603]",2019-11-16,2025-11-19,S2B_T45QVC_20191116T044234_L2A,S2C_T45QVC_20251119T044427_L2A,EPSG:32645,MGRS-45QVC,change,seasonal,images/odisha_026_r0c1
odisha_026_r0c2,odisha_026,test,test,seasonal,human,,Odisha,central_east,19.95451,86.30082,"[86.288539, 19.942898, 86.313105, 19.966126]",2019-11-16,2025-11-19,S2B_T45QVC_20191116T044234_L2A,S2C_T45QVC_20251119T044427_L2A,EPSG:32645,MGRS-45QVC,change,change,images/odisha_026_r0c2
odisha_026_r0c3,odisha_026,test,test,seasonal,human,,Odisha,central_east,19.95461,86.32529,"[86.313005, 19.942994, 86.337567, 19.966219]",2019-11-16,2025-11-19,S2B_T45QVC_20191116T044234_L2A,S2C_T45QVC_20251119T044427_L2A,EPSG:32645,MGRS-45QVC,change,seasonal,images/odisha_026_r0c3
odisha_026_r1c1,odisha_026,test,test,seasonal,human,,Odisha,central_east,19.93128,86.27646,"[86.26418, 19.919666, 86.288746, 19.942898]",2019-11-16,2025-11-19,S2B_T45QVC_20191116T044234_L2A,S2C_T45QVC_20251119T044427_L2A,EPSG:32645,MGRS-45QVC,change,change,images/odisha_026_r1c1
odisha_031_r0c0,odisha_031,test,test,no_change,automatic,,Odisha,central_east,18.69773,82.44603,"[82.433795, 18.686076, 82.458264, 18.709393]",2020-03-11,2026-03-07,S2B_T44QPF_20200311T050653_L2A,S2A_T44QPF_20260307T050654_L2A,EPSG:32644,MGRS-44QPF,seasonal,seasonal,images/odisha_031_r0c0
odisha_031_r0c3,odisha_031,test,test,no_change,human,,Odisha,central_east,18.69716,82.51884,"[82.506605, 18.685496, 82.531082, 18.708822]",2020-03-11,2026-03-07,S2B_T44QPF_20200311T050653_L2A,S2A_T44QPF_20260307T050654_L2A,EPSG:32644,MGRS-44QPF,change,seasonal,images/odisha_031_r0c3
odisha_031_r1c1,odisha_031,test,test,no_change,human,,Odisha,central_east,18.67442,82.4701,"[82.457868, 18.662757, 82.482335, 18.686076]",2020-03-11,2026-03-07,S2B_T44QPF_20200311T050653_L2A,S2A_T44QPF_20260307T050654_L2A,EPSG:32644,MGRS-44QPF,change,seasonal,images/odisha_031_r1c1
odisha_031_r1c3,odisha_031,test,test,seasonal,automatic,,Odisha,central_east,18.67403,82.51864,"[82.506401, 18.662368, 82.530874, 18.685693]",2020-03-11,2026-03-07,S2B_T44QPF_20200311T050653_L2A,S2A_T44QPF_20260307T050654_L2A,EPSG:32644,MGRS-44QPF,seasonal,seasonal,images/odisha_031_r1c3
odisha_031_r2c1,odisha_031,test,test,no_change,human,,Odisha,central_east,18.65129,82.4699,"[82.45767, 18.639627, 82.482134, 18.662947]",2020-03-11,2026-03-07,S2B_T44QPF_20200311T050653_L2A,S2A_T44QPF_20260307T050654_L2A,EPSG:32644,MGRS-44QPF,change,change,images/odisha_031_r2c1
odisha_031_r3c0,odisha_031,test,test,seasonal,human,,Odisha,central_east,18.62834,82.44544,"[82.433213, 18.616687, 82.45767, 18.640003]",2020-03-11,2026-03-07,S2B_T44QPF_20200311T050653_L2A,S2A_T44QPF_20260307T050654_L2A,EPSG:32644,MGRS-44QPF,change,seasonal,images/odisha_031_r3c0
punjab_014_r0c1,punjab_014,test,test,seasonal,automatic,,Punjab,north_plains,30.35106,74.53177,"[74.518397, 30.339465, 74.545143, 30.362661]",2020-02-07,2026-02-05,S2A_T43RDP_20200207T054526_L2A,S2C_T43RDP_20260205T054022_L2A,EPSG:32643,MGRS-43RDP,seasonal,seasonal,images/punjab_014_r0c1
punjab_014_r0c3,punjab_014,test,test,no_change,human,,Punjab,north_plains,30.35124,74.58504,"[74.571676, 30.33965, 74.59841, 30.362836]",2020-02-07,2026-02-05,S2A_T43RDP_20200207T054526_L2A,S2C_T43RDP_20260205T054022_L2A,EPSG:32643,MGRS-43RDP,seasonal,seasonal,images/punjab_014_r0c3
punjab_014_r1c3,punjab_014,test,test,no_change,human,,Punjab,north_plains,30.32814,74.58514,"[74.571776, 30.316549, 74.598504, 30.339735]",2020-02-07,2026-02-05,S2A_T43RDP_20200207T054526_L2A,S2C_T43RDP_20260205T054022_L2A,EPSG:32643,MGRS-43RDP,change,seasonal,images/punjab_014_r1c3
punjab_014_r2c1,punjab_014,test,test,no_change,automatic,,Punjab,north_plains,30.30486,74.53199,"[74.518623, 30.293263, 74.545356, 30.316459]",2020-02-07,2026-02-05,S2A_T43RDP_20200207T054526_L2A,S2C_T43RDP_20260205T054022_L2A,EPSG:32643,MGRS-43RDP,seasonal,seasonal,images/punjab_014_r2c1
punjab_014_r3c1,punjab_014,test,test,no_change,human,,Punjab,north_plains,30.28176,74.5321,"[74.518736, 30.270161, 74.545463, 30.293358]",2020-02-07,2026-02-05,S2A_T43RDP_20200207T054526_L2A,S2C_T43RDP_20260205T054022_L2A,EPSG:32643,MGRS-43RDP,change,seasonal,images/punjab_014_r3c1
punjab_014_r3c2,punjab_014,test,test,no_change,automatic,,Punjab,north_plains,30.28185,74.55872,"[74.545356, 30.270257, 74.572077, 30.293448]",2020-02-07,2026-02-05,S2A_T43RDP_20200207T054526_L2A,S2C_T43RDP_20260205T054022_L2A,EPSG:32643,MGRS-43RDP,seasonal,seasonal,images/punjab_014_r3c2
rajasthan_t1_018_r0c0,rajasthan_t1_018,test,test,seasonal,automatic,,Rajasthan,west_desert,28.98625,74.51177,"[74.498577, 28.974645, 74.524964, 28.997846]",2020-02-17,2026-02-15,S2A_T43RDN_20200217T054440_L2A,S2C_T43RDN_20260215T054821_L2A,EPSG:32643,MGRS-43RDN,seasonal,seasonal,images/rajasthan_t1_018_r0c0
rajasthan_t1_018_r1c0,rajasthan_t1_018,test,test,seasonal,automatic,,Rajasthan,west_desert,28.96314,74.51188,"[74.498688, 28.951539, 74.525069, 28.97474]",2020-02-17,2026-02-15,S2A_T43RDN_20200217T054440_L2A,S2C_T43RDN_20260215T054821_L2A,EPSG:32643,MGRS-43RDN,seasonal,seasonal,images/rajasthan_t1_018_r1c0
rajasthan_t1_018_r1c1,rajasthan_t1_018,test,test,seasonal,automatic,,Rajasthan,west_desert,28.96323,74.53815,"[74.524964, 28.951634, 74.55134, 28.974831]",2020-02-17,2026-02-15,S2A_T43RDN_20200217T054440_L2A,S2C_T43RDN_20260215T054821_L2A,EPSG:32643,MGRS-43RDN,seasonal,seasonal,images/rajasthan_t1_018_r1c1
rajasthan_t1_018_r1c3,rajasthan_t1_018,test,test,no_change,human,,Rajasthan,west_desert,28.9634,74.5907,"[74.577516, 28.95181, 74.603881, 28.974996]",2020-02-17,2026-02-15,S2A_T43RDN_20200217T054440_L2A,S2C_T43RDN_20260215T054821_L2A,EPSG:32643,MGRS-43RDN,change,seasonal,images/rajasthan_t1_018_r1c3
rajasthan_t1_018_r2c0,rajasthan_t1_018,test,test,seasonal,automatic,,Rajasthan,west_desert,28.94003,74.51199,"[74.498799, 28.928433, 74.525175, 28.951634]",2020-02-17,2026-02-15,S2A_T43RDN_20200217T054440_L2A,S2C_T43RDN_20260215T054821_L2A,EPSG:32643,MGRS-43RDN,seasonal,seasonal,images/rajasthan_t1_018_r2c0
rajasthan_t1_018_r2c1,rajasthan_t1_018,test,test,no_change,human,,Rajasthan,west_desert,28.94013,74.53825,"[74.525069, 28.928529, 74.551439, 28.951725]",2020-02-17,2026-02-15,S2A_T43RDN_20200217T054440_L2A,S2C_T43RDN_20260215T054821_L2A,EPSG:32643,MGRS-43RDN,change,seasonal,images/rajasthan_t1_018_r2c1
rajasthan_t1_018_r2c2,rajasthan_t1_018,test,test,seasonal,human,,Rajasthan,west_desert,28.94021,74.56452,"[74.55134, 28.928619, 74.577704, 28.95181]",2020-02-17,2026-02-15,S2A_T43RDN_20200217T054440_L2A,S2C_T43RDN_20260215T054821_L2A,EPSG:32643,MGRS-43RDN,change,seasonal,images/rajasthan_t1_018_r2c2
rajasthan_t1_018_r3c1,rajasthan_t1_018,test,test,seasonal,human,,Rajasthan,west_desert,28.91702,74.53836,"[74.525175, 28.905423, 74.551539, 28.928619]",2020-02-17,2026-02-15,S2A_T43RDN_20200217T054440_L2A,S2C_T43RDN_20260215T054821_L2A,EPSG:32643,MGRS-43RDN,change,seasonal,images/rajasthan_t1_018_r3c1
rajasthan_t1_018_r3c2,rajasthan_t1_018,test,test,no_change,automatic,,Rajasthan,west_desert,28.91711,74.56462,"[74.551439, 28.905513, 74.577798, 28.928704]",2020-02-17,2026-02-15,S2A_T43RDN_20200217T054440_L2A,S2C_T43RDN_20260215T054821_L2A,EPSG:32643,MGRS-43RDN,seasonal,seasonal,images/rajasthan_t1_018_r3c2
rajasthan_t1_018_r3c3,rajasthan_t1_018,test,test,seasonal,automatic,,Rajasthan,west_desert,28.91719,74.59088,"[74.577704, 28.905597, 74.604056, 28.928783]",2020-02-17,2026-02-15,S2A_T43RDN_20200217T054440_L2A,S2C_T43RDN_20260215T054821_L2A,EPSG:32643,MGRS-43RDN,seasonal,seasonal,images/rajasthan_t1_018_r3c3
tamil_nadu_024_r3c0,tamil_nadu_024,test,train,seasonal,automatic,,Tamil Nadu,south_islands,9.67772,78.74407,"[78.732336, 9.666075, 78.755808, 9.689365]",2020-02-15,2026-03-07,S2A_T44PKR_20200215T051451_L2A,S2A_T44PKR_20260307T050654_L2A,EPSG:32644,MGRS-44PKR,seasonal,seasonal,images/tamil_nadu_024_r3c0
tamil_nadu_t1_025_r0c0,tamil_nadu_t1_025,test,test,seasonal,human,,Tamil Nadu,south_islands,12.07959,78.14317,"[78.131295, 12.067895, 78.155053, 12.091277]",2020-03-14,2026-03-13,S2B_T43PHP_20200314T051939_L2A,S2B_T43PHP_20260313T052208_L2A,EPSG:32643,MGRS-43PHP,change,change,images/tamil_nadu_t1_025_r0c0
tamil_nadu_t1_025_r1c0,tamil_nadu_t1_025,test,test,seasonal,human,,Tamil Nadu,south_islands,12.05647,78.1429,"[78.131027, 12.04478, 78.154782, 12.068161]",2020-03-14,2026-03-13,S2B_T43PHP_20200314T051939_L2A,S2B_T43PHP_20260313T052208_L2A,EPSG:32643,MGRS-43PHP,change,seasonal,images/tamil_nadu_t1_025_r1c0
tamil_nadu_t1_025_r1c1,tamil_nadu_t1_025,test,test,cant_tell,human,,Tamil Nadu,south_islands,12.0562,78.16639,"[78.154512, 12.044513, 78.178268, 12.067895]",2020-03-14,2026-03-13,S2B_T43PHP_20200314T051939_L2A,S2B_T43PHP_20260313T052208_L2A,EPSG:32643,MGRS-43PHP,seasonal,change,images/tamil_nadu_t1_025_r1c1
tamil_nadu_t1_025_r2c0,tamil_nadu_t1_025,test,test,no_change,human,,Tamil Nadu,south_islands,12.03335,78.14264,"[78.130759, 12.021664, 78.154512, 12.045045]",2020-03-14,2026-03-13,S2B_T43PHP_20200314T051939_L2A,S2B_T43PHP_20260313T052208_L2A,EPSG:32643,MGRS-43PHP,change,change,images/tamil_nadu_t1_025_r2c0
tamil_nadu_t1_025_r3c2,tamil_nadu_t1_025,test,test,cant_tell,automatic,,Tamil Nadu,south_islands,12.00971,78.18933,"[78.177453, 11.998015, 78.201206, 12.021398]",2020-03-14,2026-03-13,S2B_T43PHP_20200314T051939_L2A,S2B_T43PHP_20260313T052208_L2A,EPSG:32643,MGRS-43PHP,seasonal,seasonal,images/tamil_nadu_t1_025_r3c2
tamil_nadu_t1_025_r3c3,tamil_nadu_t1_025,test,test,no_change,automatic,,Tamil Nadu,south_islands,12.00944,78.21281,"[78.200933, 11.997745, 78.224687, 12.021129]",2020-03-14,2026-03-13,S2B_T43PHP_20200314T051939_L2A,S2B_T43PHP_20260313T052208_L2A,EPSG:32643,MGRS-43PHP,seasonal,seasonal,images/tamil_nadu_t1_025_r3c3
tripura_008_r0c0,tripura_008,test,test,seasonal,human,,Tripura,northeast,24.12294,92.33042,"[92.317762, 24.111321, 92.343074, 24.134552]",2019-12-15,2025-12-13,S2A_T46QDM_20191215T042501_L2A,S2C_T46QDM_20251213T042619_L2A,EPSG:32646,MGRS-46QDM,change,seasonal,images/tripura_008_r0c0
tripura_008_r0c1,tripura_008,test,test,cant_tell,automatic,,Tripura,northeast,24.12305,92.35561,"[92.342956, 24.111432, 92.368263, 24.134659]",2019-12-15,2025-12-13,S2A_T46QDM_20191215T042501_L2A,S2C_T46QDM_20251213T042619_L2A,EPSG:32646,MGRS-46QDM,seasonal,seasonal,images/tripura_008_r0c1
tripura_008_r1c3,tripura_008,test,test,cant_tell,human,,Tripura,northeast,24.10013,92.4061,"[92.393453, 24.088519, 92.418747, 24.111738]",2019-12-15,2025-12-13,S2A_T46QDM_20191215T042501_L2A,S2C_T46QDM_20251213T042619_L2A,EPSG:32646,MGRS-46QDM,seasonal,seasonal,images/tripura_008_r1c3
tripura_008_r2c1,tripura_008,test,test,cant_tell,automatic,,Tripura,northeast,24.0768,92.35584,"[92.343192, 24.06519, 92.36849, 24.088417]",2019-12-15,2025-12-13,S2A_T46QDM_20191215T042501_L2A,S2C_T46QDM_20251213T042619_L2A,EPSG:32646,MGRS-46QDM,seasonal,seasonal,images/tripura_008_r2c1
tripura_008_r2c2,tripura_008,test,test,cant_tell,automatic,,Tripura,northeast,24.07691,92.38102,"[92.368377, 24.065296, 92.39367, 24.088519]",2019-12-15,2025-12-13,S2A_T46QDM_20191215T042501_L2A,S2C_T46QDM_20251213T042619_L2A,EPSG:32646,MGRS-46QDM,seasonal,seasonal,images/tripura_008_r2c2
tripura_008_r3c3,tripura_008,test,test,no_change,human,,Tripura,northeast,24.05389,92.40631,"[92.39367, 24.042276, 92.418955, 24.065495]",2019-12-15,2025-12-13,S2A_T46QDM_20191215T042501_L2A,S2C_T46QDM_20251213T042619_L2A,EPSG:32646,MGRS-46QDM,seasonal,seasonal,images/tripura_008_r3c3
uttar_pradesh_t1_035_r2c1,uttar_pradesh_t1_035,test,test,change,human,,Uttar Pradesh,north_plains,26.69378,80.44473,"[80.431808, 26.682177, 80.457652, 26.70539]",2020-03-09,2026-03-10,S2A_T44RMQ_20200309T050649_L2A,S2A_T44RMQ_20260310T051808_L2A,EPSG:32644,MGRS-44RMQ,change,change,images/uttar_pradesh_t1_035_r2c1
uttar_pradesh_t1_035_r3c0,uttar_pradesh_t1_035,test,test,cant_tell,human,,Uttar Pradesh,north_plains,26.67057,80.41912,"[80.406194, 26.658958, 80.432038, 26.682177]",2020-03-09,2026-03-10,S2A_T44RMQ_20200309T050649_L2A,S2A_T44RMQ_20260310T051808_L2A,EPSG:32644,MGRS-44RMQ,change,seasonal,images/uttar_pradesh_t1_035_r3c0
west_bengal_024_r0c0,west_bengal_024,test,test,no_change,human,,West Bengal,north_plains,21.94541,87.90468,"[87.89221, 21.933776, 87.917145, 21.957038]",2020-02-14,2026-02-12,S2B_T45QWE_20200214T045012_L2A,S2B_T45QWE_20260212T044904_L2A,EPSG:32645,MGRS-45QWE,change,seasonal,images/west_bengal_024_r0c0
west_bengal_024_r2c0,west_bengal_024,test,test,no_change,automatic,,West Bengal,north_plains,21.89916,87.90439,"[87.891922, 21.887524, 87.916849, 21.910786]",2020-02-14,2026-02-12,S2B_T45QWE_20200214T045012_L2A,S2B_T45QWE_20260212T044904_L2A,EPSG:32645,MGRS-45QWE,seasonal,seasonal,images/west_bengal_024_r2c0
west_bengal_024_r2c1,west_bengal_024,test,test,seasonal,human,,West Bengal,north_plains,21.89902,87.92917,"[87.916701, 21.887385, 87.941631, 21.91065]",2020-02-14,2026-02-12,S2B_T45QWE_20200214T045012_L2A,S2B_T45QWE_20260212T044904_L2A,EPSG:32645,MGRS-45QWE,change,seasonal,images/west_bengal_024_r2c1
west_bengal_024_r2c3,west_bengal_024,test,test,seasonal,human,,West Bengal,north_plains,21.89873,87.97873,"[87.966257, 21.887094, 87.991195, 21.910367]",2020-02-14,2026-02-12,S2B_T45QWE_20200214T045012_L2A,S2B_T45QWE_20260212T044904_L2A,EPSG:32645,MGRS-45QWE,change,change,images/west_bengal_024_r2c3
west_bengal_024_r3c0,west_bengal_024,test,test,seasonal,human,,West Bengal,north_plains,21.87603,87.90424,"[87.891778, 21.864399, 87.916701, 21.88766]",2020-02-14,2026-02-12,S2B_T45QWE_20200214T045012_L2A,S2B_T45QWE_20260212T044904_L2A,EPSG:32645,MGRS-45QWE,change,seasonal,images/west_bengal_024_r3c0
west_bengal_024_r3c2,west_bengal_024,test,test,seasonal,human,,West Bengal,north_plains,21.87575,87.95379,"[87.941327, 21.864116, 87.966257, 21.887385]",2020-02-14,2026-02-12,S2B_T45QWE_20200214T045012_L2A,S2B_T45QWE_20260212T044904_L2A,EPSG:32645,MGRS-45QWE,change,seasonal,images/west_bengal_024_r3c2
west_bengal_t1_018_r0c0,west_bengal_t1_018,test,test,seasonal,human,,West Bengal,north_plains,23.30947,88.19079,"[88.178171, 23.29782, 88.203409, 23.32113]",2020-02-09,2026-02-07,S2A_T45QXF_20200209T044913_L2A,S2C_T45QXF_20260207T044146_L2A,EPSG:32645,MGRS-45QXF,change,seasonal,images/west_bengal_t1_018_r0c0
west_bengal_t1_018_r0c2,west_bengal_t1_018,test,test,seasonal,human,,West Bengal,north_plains,23.30909,88.24085,"[88.228231, 23.297428, 88.253477, 23.320745]",2020-02-09,2026-02-07,S2A_T45QXF_20200209T044913_L2A,S2C_T45QXF_20260207T044146_L2A,EPSG:32645,MGRS-45QXF,change,change,images/west_bengal_t1_018_r0c2
west_bengal_t1_018_r1c2,west_bengal_t1_018,test,test,no_change,human,,West Bengal,north_plains,23.28597,88.24064,"[88.228019, 23.274309, 88.253261, 23.297626]",2020-02-09,2026-02-07,S2A_T45QXF_20200209T044913_L2A,S2C_T45QXF_20260207T044146_L2A,EPSG:32645,MGRS-45QXF,change,change,images/west_bengal_t1_018_r1c2
west_bengal_t1_018_r1c3,west_bengal_t1_018,test,test,seasonal,human,,West Bengal,north_plains,23.28577,88.26567,"[88.253044, 23.274107, 88.27829, 23.297428]",2020-02-09,2026-02-07,S2A_T45QXF_20200209T044913_L2A,S2C_T45QXF_20260207T044146_L2A,EPSG:32645,MGRS-45QXF,change,seasonal,images/west_bengal_t1_018_r1c3
west_bengal_t1_018_r2c3,west_bengal_t1_018,test,test,seasonal,human,,West Bengal,north_plains,23.26265,88.26545,"[88.252828, 23.250988, 88.278069, 23.274309]",2020-02-09,2026-02-07,S2A_T45QXF_20200209T044913_L2A,S2C_T45QXF_20260207T044146_L2A,EPSG:32645,MGRS-45QXF,change,seasonal,images/west_bengal_t1_018_r2c3
andaman_and_nicobar_islands_007_r2c2,andaman_and_nicobar_islands_007,train,test,no_change,automatic,,Andaman and Nicobar Islands,south_islands,12.86224,92.70323,"[92.691418, 12.850652, 92.715039, 12.873828]",2020-02-10,2026-01-29,S2A_T46PDV_20200210T041630_L2A,S2C_T46PDV_20260129T041501_L2A,EPSG:32646,MGRS-46PDV,seasonal,seasonal,images/andaman_and_nicobar_islands_007_r2c2
andaman_and_nicobar_islands_007_r3c0,andaman_and_nicobar_islands_007,train,test,no_change,automatic,,Andaman and Nicobar Islands,south_islands,12.83903,92.65607,"[92.644261, 12.827443, 92.667884, 12.850623]",2020-02-10,2026-01-29,S2A_T46PDV_20200210T041630_L2A,S2C_T46PDV_20260129T041501_L2A,EPSG:32646,MGRS-46PDV,seasonal,seasonal,images/andaman_and_nicobar_islands_007_r3c0
andaman_and_nicobar_islands_007_r3c2,andaman_and_nicobar_islands_007,train,test,no_change,automatic,,Andaman and Nicobar Islands,south_islands,12.83909,92.70326,"[92.691447, 12.827502, 92.715065, 12.850678]",2020-02-10,2026-01-29,S2A_T46PDV_20200210T041630_L2A,S2C_T46PDV_20260129T041501_L2A,EPSG:32646,MGRS-46PDV,seasonal,seasonal,images/andaman_and_nicobar_islands_007_r3c2
andhra_pradesh_002_r1c2,andhra_pradesh_002,train,test,seasonal,human,,Andhra Pradesh,deccan,15.15529,80.05579,"[80.043825, 15.143665, 80.067754, 15.166907]",2020-02-15,2026-02-08,S2A_T44PLB_20200215T050419_L2A,S2B_T44PLB_20260208T050523_L2A,EPSG:32644,MGRS-44PLB,change,seasonal,images/andhra_pradesh_002_r1c2
andhra_pradesh_002_r2c0,andhra_pradesh_002,train,test,change,automatic,"A new reservoir or lake has been created in the north-west, beside the highway",Andhra Pradesh,deccan,15.13194,80.00824,"[79.996279, 15.120317, 80.02021, 15.143563]",2020-02-15,2026-02-08,S2A_T44PLB_20200215T050419_L2A,S2B_T44PLB_20260208T050523_L2A,EPSG:32644,MGRS-44PLB,change,change,images/andhra_pradesh_002_r2c0
andhra_pradesh_002_r2c1,andhra_pradesh_002,train,test,seasonal,human,,Andhra Pradesh,deccan,15.13204,80.03207,"[80.020104, 15.120421, 80.044032, 15.143665]",2020-02-15,2026-02-08,S2A_T44PLB_20200215T050419_L2A,S2B_T44PLB_20260208T050523_L2A,EPSG:32644,MGRS-44PLB,change,seasonal,images/andhra_pradesh_002_r2c1
andhra_pradesh_002_r2c2,andhra_pradesh_002,train,test,change,automatic,The coastal industrial or salt-pan complex has expanded with many new white-roofed structures along the shore,Andhra Pradesh,deccan,15.13214,80.05589,"[80.043929, 15.120523, 80.067855, 15.143765]",2020-02-15,2026-02-08,S2A_T44PLB_20200215T050419_L2A,S2B_T44PLB_20260208T050523_L2A,EPSG:32644,MGRS-44PLB,change,change,images/andhra_pradesh_002_r2c2
andhra_pradesh_002_r3c2,andhra_pradesh_002,train,test,no_change,automatic,,Andhra Pradesh,deccan,15.109,80.05599,"[80.044032, 15.097381, 80.067956, 15.120623]",2020-02-15,2026-02-08,S2A_T44PLB_20200215T050419_L2A,S2B_T44PLB_20260208T050523_L2A,EPSG:32644,MGRS-44PLB,seasonal,seasonal,images/andhra_pradesh_002_r3c2
andhra_pradesh_006_r0c2,andhra_pradesh_006,train,test,no_change,human,,Andhra Pradesh,deccan,15.26514,79.12404,"[79.112025, 15.253469, 79.136059, 15.276801]",2020-03-04,2026-03-03,S2B_T44PKB_20200304T052235_L2A,S2B_T44PKB_20260303T052248_L2A,EPSG:32644,MGRS-44PKB,change,seasonal,images/andhra_pradesh_006_r0c2
andhra_pradesh_006_r2c1,andhra_pradesh_006,train,test,no_change,automatic,,Andhra Pradesh,deccan,15.21867,79.10063,"[79.088613, 15.207003, 79.112644, 15.230336]",2020-03-04,2026-03-03,S2B_T44PKB_20200304T052235_L2A,S2B_T44PKB_20260303T052248_L2A,EPSG:32644,MGRS-44PKB,seasonal,seasonal,images/andhra_pradesh_006_r2c1
andhra_pradesh_006_r3c1,andhra_pradesh_006,train,test,no_change,human,,Andhra Pradesh,deccan,15.19554,79.10084,"[79.088822, 15.18387, 79.11285, 15.207204]",2020-03-04,2026-03-03,S2B_T44PKB_20200304T052235_L2A,S2B_T44PKB_20260303T052248_L2A,EPSG:32644,MGRS-44PKB,seasonal,seasonal,images/andhra_pradesh_006_r3c1
andhra_pradesh_006_r3c2,andhra_pradesh_006,train,test,cant_tell,human,,Andhra Pradesh,deccan,15.19574,79.12466,"[79.112644, 15.184071, 79.13667, 15.207403]",2020-03-04,2026-03-03,S2B_T44PKB_20200304T052235_L2A,S2B_T44PKB_20260303T052248_L2A,EPSG:32644,MGRS-44PKB,seasonal,seasonal,images/andhra_pradesh_006_r3c2
andhra_pradesh_021_r0c1,andhra_pradesh_021,train,test,cant_tell,human,,Andhra Pradesh,deccan,14.53062,80.10713,"[80.095202, 14.519006, 80.119053, 14.54224]",2020-02-15,2026-02-08,S2A_T44PMB_20200215T050419_L2A,S2B_T44PMB_20260208T050523_L2A,EPSG:32644,MGRS-44PMB,seasonal,seasonal,images/andhra_pradesh_021_r0c1
andhra_pradesh_021_r0c3,andhra_pradesh_021,train,test,seasonal,human,,Andhra Pradesh,deccan,14.5308,80.15464,"[80.142721, 14.519185, 80.166568, 14.542414]",2020-02-15,2026-02-08,S2A_T44PMB_20200215T050419_L2A,S2B_T44PMB_20260208T050523_L2A,EPSG:32644,MGRS-44PMB,change,seasonal,images/andhra_pradesh_021_r0c3
andhra_pradesh_021_r1c3,andhra_pradesh_021,train,test,seasonal,human,,Andhra Pradesh,deccan,14.50766,80.15473,"[80.14281, 14.496041, 80.166654, 14.51927]",2020-02-15,2026-02-08,S2A_T44PMB_20200215T050419_L2A,S2B_T44PMB_20260208T050523_L2A,EPSG:32644,MGRS-44PMB,change,change,images/andhra_pradesh_021_r1c3
andhra_pradesh_021_r2c2,andhra_pradesh_021,train,test,seasonal,human,,Andhra Pradesh,deccan,14.48442,80.13107,"[80.119145, 14.472809, 80.142988, 14.496041]",2020-02-15,2026-02-08,S2A_T44PMB_20200215T050419_L2A,S2B_T44PMB_20260208T050523_L2A,EPSG:32644,MGRS-44PMB,seasonal,seasonal,images/andhra_pradesh_021_r2c2
andhra_pradesh_021_r3c3,andhra_pradesh_021,train,test,seasonal,automatic,,Andhra Pradesh,deccan,14.46137,80.15491,"[80.142988, 14.449753, 80.166827, 14.472982]",2020-02-15,2026-02-08,S2A_T44PMB_20200215T050419_L2A,S2B_T44PMB_20260208T050523_L2A,EPSG:32644,MGRS-44PMB,seasonal,seasonal,images/andhra_pradesh_021_r3c3
andhra_pradesh_023_r1c0,andhra_pradesh_023,train,test,seasonal,human,,Andhra Pradesh,deccan,13.78063,77.14549,"[77.133555, 13.768959, 77.157433, 13.792297]",2020-01-22,2026-01-22,S2A_T43PGR_20200122T052733_L2A,S2B_T43PGR_20260122T052254_L2A,EPSG:32643,MGRS-43PGR,change,change,images/andhra_pradesh_023_r1c0
andhra_pradesh_023_r1c1,andhra_pradesh_023,train,test,no_change,human,,Andhra Pradesh,deccan,13.78042,77.16916,"[77.157221, 13.768751, 77.181101, 13.792091]",2020-01-22,2026-01-22,S2A_T43PGR_20200122T052733_L2A,S2B_T43PGR_20260122T052254_L2A,EPSG:32643,MGRS-43PGR,change,seasonal,images/andhra_pradesh_023_r1c1
andhra_pradesh_023_r2c0,andhra_pradesh_023,train,test,seasonal,human,,Andhra Pradesh,deccan,13.7575,77.14528,"[77.133346, 13.745828, 77.157221, 13.769166]",2020-01-22,2026-01-22,S2A_T43PGR_20200122T052733_L2A,S2B_T43PGR_20260122T052254_L2A,EPSG:32643,MGRS-43PGR,change,seasonal,images/andhra_pradesh_023_r2c0
andhra_pradesh_023_r2c3,andhra_pradesh_023,train,test,change,automatic,"A quarry in the east has expanded, with new bright excavation near the north-east corner",Andhra Pradesh,deccan,13.75687,77.21627,"[77.204334, 13.745197, 77.228215, 13.76854]",2020-01-22,2026-01-22,S2A_T43PGR_20200122T052733_L2A,S2B_T43PGR_20260122T052254_L2A,EPSG:32643,MGRS-43PGR,change,change,images/andhra_pradesh_023_r2c3
andhra_pradesh_023_r3c1,andhra_pradesh_023,train,test,seasonal,human,,Andhra Pradesh,deccan,13.73416,77.16873,"[77.156797, 13.722489, 77.180672, 13.745828]",2020-01-22,2026-01-22,S2A_T43PGR_20200122T052733_L2A,S2B_T43PGR_20260122T052254_L2A,EPSG:32643,MGRS-43PGR,change,change,images/andhra_pradesh_023_r3c1
andhra_pradesh_023_r3c2,andhra_pradesh_023,train,test,seasonal,human,,Andhra Pradesh,deccan,13.73395,77.1924,"[77.180458, 13.722278, 77.204334, 13.74562]",2020-01-22,2026-01-22,S2A_T43PGR_20200122T052733_L2A,S2B_T43PGR_20260122T052254_L2A,EPSG:32643,MGRS-43PGR,change,change,images/andhra_pradesh_023_r3c2
arunachal_pradesh_008_r0c0,arunachal_pradesh_008,train,test,no_change,automatic,,Arunachal Pradesh,himalaya,28.80148,95.48151,"[95.468132, 28.7897, 95.494888, 28.813268]",2019-12-05,2025-12-05,S2A_T46RGS_20191205T042629_L2A,S2A_T46RGS_20251205T042221_L2A,EPSG:32646,MGRS-46RGS,seasonal,seasonal,images/arunachal_pradesh_008_r0c0
arunachal_pradesh_008_r0c3,arunachal_pradesh_008,train,test,no_change,automatic,,Arunachal Pradesh,himalaya,28.80002,95.56013,"[95.546748, 28.788224, 95.573519, 28.811806]",2019-12-05,2025-12-05,S2A_T46RGS_20191205T042629_L2A,S2A_T46RGS_20251205T042221_L2A,EPSG:32646,MGRS-46RGS,seasonal,seasonal,images/arunachal_pradesh_008_r0c3
arunachal_pradesh_008_r1c0,arunachal_pradesh_008,train,test,cant_tell,human,,Arunachal Pradesh,himalaya,28.7784,95.48096,"[95.467588, 28.766615, 95.494338, 28.790182]",2019-12-05,2025-12-05,S2A_T46RGS_20191205T042629_L2A,S2A_T46RGS_20251205T042221_L2A,EPSG:32646,MGRS-46RGS,seasonal,seasonal,images/arunachal_pradesh_008_r1c0
arunachal_pradesh_008_r1c3,arunachal_pradesh_008,train,test,no_change,automatic,,Arunachal Pradesh,himalaya,28.77693,95.55957,"[95.546187, 28.765141, 95.572952, 28.788721]",2019-12-05,2025-12-05,S2A_T46RGS_20191205T042629_L2A,S2A_T46RGS_20251205T042221_L2A,EPSG:32646,MGRS-46RGS,seasonal,seasonal,images/arunachal_pradesh_008_r1c3
assam_018_r0c0,assam_018,train,test,no_change,automatic,,Assam,northeast,26.34608,90.31456,"[90.301479, 26.334297, 90.32764, 26.357867]",2019-12-08,2025-12-11,S2A_T46RBQ_20191208T043545_L2A,S2B_T46RBQ_20251211T044101_L2A,EPSG:32646,MGRS-46RBQ,seasonal,seasonal,images/assam_018_r0c0
assam_018_r0c1,assam_018,train,test,no_change,automatic,,Assam,northeast,26.34656,90.34019,"[90.327109, 26.334777, 90.353266, 26.358343]",2019-12-08,2025-12-11,S2A_T46RBQ_20191208T043545_L2A,S2B_T46RBQ_20251211T044101_L2A,EPSG:32646,MGRS-46RBQ,seasonal,seasonal,images/assam_018_r0c1
assam_018_r0c2,assam_018,train,test,seasonal,automatic,,Assam,northeast,26.34703,90.36582,"[90.35274, 26.335253, 90.378892, 26.358815]",2019-12-08,2025-12-11,S2A_T46RBQ_20191208T043545_L2A,S2B_T46RBQ_20251211T044101_L2A,EPSG:32646,MGRS-46RBQ,seasonal,seasonal,images/assam_018_r0c2
assam_018_r1c0,assam_018,train,test,no_change,automatic,,Assam,northeast,26.32299,90.31509,"[90.302015, 26.311207, 90.328171, 26.334777]",2019-12-08,2025-12-11,S2A_T46RBQ_20191208T043545_L2A,S2B_T46RBQ_20251211T044101_L2A,EPSG:32646,MGRS-46RBQ,seasonal,seasonal,images/assam_018_r1c0
assam_018_r1c1,assam_018,train,test,no_change,human,,Assam,northeast,26.32347,90.34072,"[90.32764, 26.311687, 90.353791, 26.335253]",2019-12-08,2025-12-11,S2A_T46RBQ_20191208T043545_L2A,S2B_T46RBQ_20251211T044101_L2A,EPSG:32646,MGRS-46RBQ,seasonal,seasonal,images/assam_018_r1c1
assam_018_r3c1,assam_018,train,test,no_change,human,,Assam,northeast,26.27729,90.34177,"[90.3287, 26.265506, 90.35484, 26.289071]",2019-12-08,2025-12-11,S2A_T46RBQ_20191208T043545_L2A,S2B_T46RBQ_20251211T044101_L2A,EPSG:32646,MGRS-46RBQ,change,change,images/assam_018_r3c1
assam_028_r0c0,assam_028,train,test,seasonal,human,,Assam,northeast,26.64618,93.83576,"[93.822819, 26.634552, 93.848707, 26.657816]",2020-01-14,2026-01-12,S2A_T46REQ_20200114T042841_L2A,S2C_T46REQ_20260112T042553_L2A,EPSG:32646,MGRS-46REQ,change,seasonal,images/assam_028_r0c0
assam_028_r0c2,assam_028,train,test,seasonal,human,,Assam,northeast,26.64587,93.8872,"[93.874253, 26.634236, 93.900151, 26.657508]",2020-01-14,2026-01-12,S2A_T46REQ_20200114T042841_L2A,S2C_T46REQ_20260112T042553_L2A,EPSG:32646,MGRS-46REQ,change,seasonal,images/assam_028_r0c2
assam_028_r1c0,assam_028,train,test,seasonal,human,,Assam,northeast,26.62307,93.83559,"[93.822654, 26.611441, 93.848536, 26.634704]",2020-01-14,2026-01-12,S2A_T46REQ_20200114T042841_L2A,S2C_T46REQ_20260112T042553_L2A,EPSG:32646,MGRS-46REQ,change,change,images/assam_028_r1c0
assam_028_r2c0,assam_028,train,test,seasonal,human,,Assam,northeast,26.59996,93.83543,"[93.822489, 26.588329, 93.848366, 26.611592]",2020-01-14,2026-01-12,S2A_T46REQ_20200114T042841_L2A,S2C_T46REQ_20260112T042553_L2A,EPSG:32646,MGRS-46REQ,change,change,images/assam_028_r2c0
assam_028_r3c1,assam_028,train,test,no_change,human,,Assam,northeast,26.5767,93.86096,"[93.848025, 26.565061, 93.873902, 26.588329]",2020-01-14,2026-01-12,S2A_T46REQ_20200114T042841_L2A,S2C_T46REQ_20260112T042553_L2A,EPSG:32646,MGRS-46REQ,change,change,images/assam_028_r3c1
assam_t1_012_r0c2,assam_t1_012,train,test,no_change,human,,Assam,northeast,27.61549,95.81725,"[95.803994, 27.603688, 95.830499, 27.627298]",2019-11-27,2025-11-25,S2B_T46RGR_20191127T041653_L2A,S2B_T46RGR_20251125T041951_L2A,EPSG:32646,MGRS-46RGR,change,change,images/assam_t1_012_r0c2
assam_t1_012_r0c3,assam_t1_012,train,test,no_change,human,,Assam,northeast,27.61496,95.84316,"[95.829905, 27.603157, 95.856415, 27.626771]",2019-11-27,2025-11-25,S2B_T46RGR_20191127T041653_L2A,S2B_T46RGR_20251125T041951_L2A,EPSG:32646,MGRS-46RGR,change,seasonal,images/assam_t1_012_r0c3
assam_t1_012_r1c0,assam_t1_012,train,test,no_change,human,,Assam,northeast,27.59345,95.76484,"[95.751593, 27.581652, 95.778082, 27.605252]",2019-11-27,2025-11-25,S2B_T46RGR_20191127T041653_L2A,S2B_T46RGR_20251125T041951_L2A,EPSG:32646,MGRS-46RGR,change,change,images/assam_t1_012_r1c0
assam_t1_012_r1c1,assam_t1_012,train,test,seasonal,human,,Assam,northeast,27.59293,95.79075,"[95.7775, 27.581131, 95.803994, 27.604736]",2019-11-27,2025-11-25,S2B_T46RGR_20191127T041653_L2A,S2B_T46RGR_20251125T041951_L2A,EPSG:32646,MGRS-46RGR,change,seasonal,images/assam_t1_012_r1c1
assam_t1_012_r1c3,assam_t1_012,train,test,seasonal,human,,Assam,northeast,27.59188,95.84256,"[95.829312, 27.580074, 95.855816, 27.603688]",2019-11-27,2025-11-25,S2B_T46RGR_20191127T041653_L2A,S2B_T46RGR_20251125T041951_L2A,EPSG:32646,MGRS-46RGR,change,seasonal,images/assam_t1_012_r1c3
assam_t1_012_r2c0,assam_t1_012,train,test,seasonal,human,,Assam,northeast,27.57037,95.76426,"[95.751017, 27.558568, 95.7775, 27.582168]",2019-11-27,2025-11-25,S2B_T46RGR_20191127T041653_L2A,S2B_T46RGR_20251125T041951_L2A,EPSG:32646,MGRS-46RGR,change,seasonal,images/assam_t1_012_r2c0
assam_t1_012_r2c1,assam_t1_012,train,test,change,human,,Assam,northeast,27.56985,95.79016,"[95.776919, 27.558047, 95.803406, 27.581652]",2019-11-27,2025-11-25,S2B_T46RGR_20191127T041653_L2A,S2B_T46RGR_20251125T041951_L2A,EPSG:32646,MGRS-46RGR,change,seasonal,images/assam_t1_012_r2c1
bihar_003_r0c0,bihar_003,train,test,no_change,human,,Bihar,north_plains,26.08907,84.21813,"[84.205074, 26.077278, 84.231189, 26.10086]",2020-02-15,2026-02-18,S2A_T45RTJ_20200215T050419_L2A,S2B_T45RTJ_20260218T050835_L2A,EPSG:32645,MGRS-45RTJ,change,change,images/bihar_003_r0c0
bihar_003_r0c1,bihar_003,train,test,no_change,human,,Bihar,north_plains,26.08956,84.2437,"[84.230646, 26.077771, 84.256757, 26.101349]",2020-02-15,2026-02-18,S2A_T45RTJ_20200215T050419_L2A,S2B_T45RTJ_20260218T050835_L2A,EPSG:32645,MGRS-45RTJ,change,change,images/bihar_003_r0c1
bihar_003_r1c0,bihar_003,train,test,cant_tell,automatic,,Bihar,north_plains,26.06598,84.21868,"[84.205623, 26.054189, 84.231733, 26.077771]",2020-02-15,2026-02-18,S2A_T45RTJ_20200215T050419_L2A,S2B_T45RTJ_20260218T050835_L2A,EPSG:32645,MGRS-45RTJ,seasonal,seasonal,images/bihar_003_r1c0
bihar_003_r2c0,bihar_003,train,test,seasonal,human,,Bihar,north_plains,26.04289,84.21922,"[84.206171, 26.0311, 84.232275, 26.054682]",2020-02-15,2026-02-18,S2A_T45RTJ_20200215T050419_L2A,S2B_T45RTJ_20260218T050835_L2A,EPSG:32645,MGRS-45RTJ,change,seasonal,images/bihar_003_r2c0
bihar_003_r2c2,bihar_003,train,test,seasonal,human,,Bihar,north_plains,26.04387,84.27034,"[84.257295, 26.03208, 84.283391, 26.055653]",2020-02-15,2026-02-18,S2A_T45RTJ_20200215T050419_L2A,S2B_T45RTJ_20260218T050835_L2A,EPSG:32645,MGRS-45RTJ,change,seasonal,images/bihar_003_r2c2
bihar_003_r3c0,bihar_003,train,test,seasonal,automatic,,Bihar,north_plains,26.0198,84.21977,"[84.206719, 26.008012, 84.232817, 26.031593]",2020-02-15,2026-02-18,S2A_T45RTJ_20200215T050419_L2A,S2B_T45RTJ_20260218T050835_L2A,EPSG:32645,MGRS-45RTJ,seasonal,seasonal,images/bihar_003_r3c0
bihar_003_r3c1,bihar_003,train,test,no_change,human,,Bihar,north_plains,26.02029,84.24532,"[84.232275, 26.008503, 84.258369, 26.03208]",2020-02-15,2026-02-18,S2A_T45RTJ_20200215T050419_L2A,S2B_T45RTJ_20260218T050835_L2A,EPSG:32645,MGRS-45RTJ,change,seasonal,images/bihar_003_r3c1
bihar_003_r3c3,bihar_003,train,test,seasonal,human,,Bihar,north_plains,26.02126,84.29643,"[84.283391, 26.009473, 84.309476, 26.033042]",2020-02-15,2026-02-18,S2A_T45RTJ_20200215T050419_L2A,S2B_T45RTJ_20260218T050835_L2A,EPSG:32645,MGRS-45RTJ,change,seasonal,images/bihar_003_r3c3
bihar_004_r0c0,bihar_004,train,test,change,automatic,New large industrial sheds and buildings have appeared in the north-east and along the east side,Bihar,north_plains,25.55035,85.22586,"[85.212955, 25.538642, 85.238767, 25.562058]",2020-02-17,2026-02-15,S2B_T45RUJ_20200217T045733_L2A,S2B_T45RUJ_20260215T050021_L2A,EPSG:32645,MGRS-45RUJ,change,change,images/bihar_004_r0c0
bihar_004_r0c1,bihar_004,train,test,change,automatic,"A new highway interchange has been built in the east, with new industrial buildings in the north",Bihar,north_plains,25.55066,85.25133,"[85.23843, 25.538951, 85.264237, 25.562362]",2020-02-17,2026-02-15,S2B_T45RUJ_20200217T045733_L2A,S2B_T45RUJ_20260215T050021_L2A,EPSG:32645,MGRS-45RUJ,change,change,images/bihar_004_r0c1
bihar_004_r1c0,bihar_004,train,test,no_change,human,,Bihar,north_plains,25.52724,85.2262,"[85.213298, 25.515536, 85.239105, 25.538951]",2020-02-17,2026-02-15,S2B_T45RUJ_20200217T045733_L2A,S2B_T45RUJ_20260215T050021_L2A,EPSG:32645,MGRS-45RUJ,change,seasonal,images/bihar_004_r1c0
bihar_004_r1c2,bihar_004,train,test,change,automatic,New large white-roofed industrial buildings have been built in the west and north-west,Bihar,north_plains,25.52785,85.27714,"[85.264237, 25.516148, 85.290035, 25.539555]",2020-02-17,2026-02-15,S2B_T45RUJ_20200217T045733_L2A,S2B_T45RUJ_20260215T050021_L2A,EPSG:32645,MGRS-45RUJ,change,change,images/bihar_004_r1c2
bihar_004_r2c1,bihar_004,train,test,change,human,,Bihar,north_plains,25.50444,85.252,"[85.239105, 25.492737, 85.264902, 25.516148]",2020-02-17,2026-02-15,S2B_T45RUJ_20200217T045733_L2A,S2B_T45RUJ_20260215T050021_L2A,EPSG:32645,MGRS-45RUJ,change,seasonal,images/bihar_004_r2c1
bihar_004_r2c2,bihar_004,train,test,change,automatic,"New large white-roofed buildings have appeared in the south, with a new road junction in the south-west",Bihar,north_plains,25.50474,85.27747,"[85.26457, 25.49304, 85.290362, 25.516447]",2020-02-17,2026-02-15,S2B_T45RUJ_20200217T045733_L2A,S2B_T45RUJ_20260215T050021_L2A,EPSG:32645,MGRS-45RUJ,change,change,images/bihar_004_r2c2
bihar_004_r3c1,bihar_004,train,test,seasonal,automatic,,Bihar,north_plains,25.48134,85.25234,"[85.239442, 25.46963, 85.265233, 25.49304]",2020-02-17,2026-02-15,S2B_T45RUJ_20200217T045733_L2A,S2B_T45RUJ_20260215T050021_L2A,EPSG:32645,MGRS-45RUJ,seasonal,seasonal,images/bihar_004_r3c1
bihar_004_r3c3,bihar_004,train,test,change,automatic,New large white-roofed industrial buildings have been built along the main road in the south and centre,Bihar,north_plains,25.48193,85.30325,"[85.290362, 25.470232, 85.316145, 25.493634]",2020-02-17,2026-02-15,S2B_T45RUJ_20200217T045733_L2A,S2B_T45RUJ_20260215T050021_L2A,EPSG:32645,MGRS-45RUJ,change,change,images/bihar_004_r3c3
bihar_005_r0c1,bihar_005,train,test,seasonal,automatic,,Bihar,north_plains,26.55618,86.95944,"[86.946582, 26.544616, 86.972292, 26.567738]",2020-03-03,2026-03-02,S2A_T45RVK_20200303T045422_L2A,S2C_T45RVK_20260302T045951_L2A,EPSG:32645,MGRS-45RVK,seasonal,seasonal,images/bihar_005_r0c1
bihar_005_r1c0,bihar_005,train,test,seasonal,automatic,,Bihar,north_plains,26.53305,86.93375,"[86.920893, 26.521489, 86.946603, 26.544616]",2020-03-03,2026-03-02,S2A_T45RVK_20200303T045422_L2A,S2C_T45RVK_20260302T045951_L2A,EPSG:32645,MGRS-45RVK,seasonal,seasonal,images/bihar_005_r1c0
bihar_005_r1c2,bihar_005,train,test,change,human,,Bihar,north_plains,26.53307,86.98514,"[86.972292, 26.521509, 86.997993, 26.544626]",2020-03-03,2026-03-02,S2A_T45RVK_20200303T045422_L2A,S2C_T45RVK_20260302T045951_L2A,EPSG:32645,MGRS-45RVK,change,change,images/bihar_005_r1c2
bihar_005_r3c2,bihar_005,train,test,cant_tell,automatic,,Bihar,north_plains,26.48684,86.98515,"[86.972304, 26.475279, 86.997993, 26.498396]",2020-03-03,2026-03-02,S2A_T45RVK_20200303T045422_L2A,S2C_T45RVK_20260302T045951_L2A,EPSG:32645,MGRS-45RVK,seasonal,seasonal,images/bihar_005_r3c2
bihar_023_r1c2,bihar_023,train,test,change,human,,Bihar,north_plains,25.44546,86.88343,"[86.87069, 25.433895, 86.896174, 25.457033]",2020-04-12,2026-04-13,S2A_T45RVJ_20200412T045530_L2A,S2A_T45RVJ_20260413T045529_L2A,EPSG:32645,MGRS-45RVJ,change,seasonal,images/bihar_023_r1c2
bihar_023_r2c0,bihar_023,train,test,no_change,human,,Bihar,north_plains,25.4223,86.83254,"[86.819796, 25.410723, 86.845285, 25.43387]",2020-04-12,2026-04-13,S2A_T45RVJ_20200412T045530_L2A,S2A_T45RVJ_20260413T045529_L2A,EPSG:32645,MGRS-45RVJ,change,seasonal,images/bihar_023_r2c0
bihar_023_r3c0,bihar_023,train,test,no_change,automatic,,Bihar,north_plains,25.39918,86.83257,"[86.81983, 25.387605, 86.845314, 25.410752]",2020-04-12,2026-04-13,S2A_T45RVJ_20200412T045530_L2A,S2A_T45RVJ_20260413T045529_L2A,EPSG:32645,MGRS-45RVJ,seasonal,seasonal,images/bihar_023_r3c0
bihar_023_r3c2,bihar_023,train,test,no_change,human,,Bihar,north_plains,25.39923,86.88348,"[86.870739, 25.387658, 86.896213, 25.410797]",2020-04-12,2026-04-13,S2A_T45RVJ_20200412T045530_L2A,S2A_T45RVJ_20260413T045529_L2A,EPSG:32645,MGRS-45RVJ,change,change,images/bihar_023_r3c2
bihar_026_r2c2,bihar_026,train,test,no_change,human,,Bihar,north_plains,26.60101,86.36804,"[86.355126, 26.589395, 86.380963, 26.612623]",2020-03-18,2026-03-17,S2B_T45RVK_20200318T045120_L2A,S2B_T45RVK_20260317T045544_L2A,EPSG:32645,MGRS-45RVK,change,change,images/bihar_026_r2c2
bihar_026_r3c1,bihar_026,train,test,cant_tell,human,,Bihar,north_plains,26.57778,86.34247,"[86.329547, 26.566164, 86.355384, 26.589395]",2020-03-18,2026-03-17,S2B_T45RVK_20200318T045120_L2A,S2B_T45RVK_20260317T045544_L2A,EPSG:32645,MGRS-45RVK,change,seasonal,images/bihar_026_r3c1
chhattisgarh_021_r0c1,chhattisgarh_021,train,test,change,human,,Chhattisgarh,central_east,21.39767,83.36089,"[83.348368, 21.385937, 83.373416, 21.409395]",2020-01-26,2026-01-24,S2A_T44QQJ_20200126T050538_L2A,S2C_T44QQJ_20260124T050929_L2A,EPSG:32644,MGRS-44QQJ,change,seasonal,images/chhattisgarh_021_r0c1
chhattisgarh_021_r2c3,chhattisgarh_021,train,test,seasonal,human,,Chhattisgarh,central_east,21.35074,83.40949,"[83.396965, 21.339012, 83.422012, 21.362476]",2020-01-26,2026-01-24,S2A_T44QQJ_20200126T050538_L2A,S2C_T44QQJ_20260124T050929_L2A,EPSG:32644,MGRS-44QQJ,change,change,images/chhattisgarh_021_r2c3
chhattisgarh_021_r3c0,chhattisgarh_021,train,test,seasonal,human,,Chhattisgarh,central_east,21.32868,83.33512,"[83.322599, 21.316952, 83.347631, 21.340406]",2020-01-26,2026-01-24,S2A_T44QQJ_20200126T050538_L2A,S2C_T44QQJ_20260124T050929_L2A,EPSG:32644,MGRS-44QQJ,change,change,images/chhattisgarh_021_r3c0
chhattisgarh_025_r2c2,chhattisgarh_025,train,test,seasonal,human,,Chhattisgarh,central_east,20.99119,82.5162,"[82.503774, 20.979521, 82.52863, 21.002863]",2020-01-06,2026-01-06,S2A_T44QPJ_20200106T050722_L2A,S2A_T44QPJ_20260106T051253_L2A,EPSG:32644,MGRS-44QPJ,change,change,images/chhattisgarh_025_r2c2
chhattisgarh_025_r3c3,chhattisgarh_025,train,test,seasonal,human,,Chhattisgarh,central_east,20.96785,82.54059,"[82.52816, 20.956175, 82.553015, 20.979521]",2020-01-06,2026-01-06,S2A_T44QPJ_20200106T050722_L2A,S2A_T44QPJ_20260106T051253_L2A,EPSG:32644,MGRS-44QPJ,change,change,images/chhattisgarh_025_r3c3
chhattisgarh_t1_015_r0c0,chhattisgarh_t1_015,train,test,no_change,automatic,,Chhattisgarh,central_east,22.66443,81.80965,"[81.797127, 22.652809, 81.822179, 22.676059]",2020-01-16,2026-01-14,S2A_T44QNL_20200116T050712_L2A,S2C_T44QNL_20260114T051207_L2A,EPSG:32644,MGRS-44QNL,seasonal,seasonal,images/chhattisgarh_t1_015_r0c0
chhattisgarh_t1_015_r1c2,chhattisgarh_t1_015,train,test,seasonal,human,,Chhattisgarh,central_east,22.64105,81.85934,"[81.846814, 22.629421, 81.871869, 22.652679]",2020-01-16,2026-01-14,S2A_T44QNL_20200116T050712_L2A,S2C_T44QNL_20260114T051207_L2A,EPSG:32644,MGRS-44QNL,change,seasonal,images/chhattisgarh_t1_015_r1c2
chhattisgarh_t1_015_r2c1,chhattisgarh_t1_015,train,test,no_change,automatic,,Chhattisgarh,central_east,22.61806,81.83429,"[81.821766, 22.606431, 81.846814, 22.629685]",2020-01-16,2026-01-14,S2A_T44QNL_20200116T050712_L2A,S2C_T44QNL_20260114T051207_L2A,EPSG:32644,MGRS-44QNL,seasonal,seasonal,images/chhattisgarh_t1_015_r2c1
chhattisgarh_t1_015_r3c1,chhattisgarh_t1_015,train,test,no_change,automatic,,Chhattisgarh,central_east,22.59493,81.83415,"[81.821629, 22.583306, 81.846672, 22.60656]",2020-01-16,2026-01-14,S2A_T44QNL_20200116T050712_L2A,S2C_T44QNL_20260114T051207_L2A,EPSG:32644,MGRS-44QNL,seasonal,seasonal,images/chhattisgarh_t1_015_r3c1
chhattisgarh_t1_015_r3c3,chhattisgarh_t1_015,train,test,no_change,automatic,,Chhattisgarh,central_east,22.59467,81.88396,"[81.871432, 22.583036, 81.896483, 22.606297]",2020-01-16,2026-01-14,S2A_T44QNL_20200116T050712_L2A,S2C_T44QNL_20260114T051207_L2A,EPSG:32644,MGRS-44QNL,seasonal,seasonal,images/chhattisgarh_t1_015_r3c3
delhi_002_r0c2,delhi_002,train,test,change,human,,Delhi,north_plains,28.9001,77.1164,"[77.103044, 28.888347, 77.129753, 28.91185]",2020-02-14,2026-02-17,S2A_T43RGM_20200214T053307_L2A,S2B_T43RGM_20260217T053212_L2A,EPSG:32643,MGRS-43RGM,change,seasonal,images/delhi_002_r0c2
delhi_002_r1c0,delhi_002,train,test,no_change,human,,Delhi,north_plains,28.87782,77.06346,"[77.050114, 28.866075, 77.076806, 28.889568]",2020-02-14,2026-02-17,S2A_T43RGM_20200214T053307_L2A,S2B_T43RGM_20260217T053212_L2A,EPSG:32643,MGRS-43RGM,change,seasonal,images/delhi_002_r1c0
delhi_002_r1c2,delhi_002,train,test,change,automatic,New industrial buildings have been built in the north-east of the city beside the river,Delhi,north_plains,28.87701,77.11593,"[77.102579, 28.865256, 77.129281, 28.888759]",2020-02-14,2026-02-17,S2A_T43RGM_20200214T053307_L2A,S2B_T43RGM_20260217T053212_L2A,EPSG:32643,MGRS-43RGM,change,change,images/delhi_002_r1c2
delhi_002_r2c2,delhi_002,train,test,change,automatic,New high-rise apartment blocks and buildings have filled the open land in the centre and east of the city,Delhi,north_plains,28.85392,77.11546,"[77.102114, 28.842165, 77.12881, 28.865668]",2020-02-14,2026-02-17,S2A_T43RGM_20200214T053307_L2A,S2B_T43RGM_20260217T053212_L2A,EPSG:32643,MGRS-43RGM,change,change,images/delhi_002_r2c2
delhi_002_r3c3,delhi_002,train,test,change,automatic,"The industrial town has expanded with many new blue and white-roofed factory buildings, and a new highway runs along the west",Delhi,north_plains,28.83041,77.14122,"[77.12787, 28.818658, 77.154565, 28.842165]",2020-02-14,2026-02-17,S2A_T43RGM_20200214T053307_L2A,S2B_T43RGM_20260217T053212_L2A,EPSG:32643,MGRS-43RGM,change,change,images/delhi_002_r3c3
gujarat_007_r3c1,gujarat_007,train,train,seasonal,automatic,,Gujarat,west_desert,24.57066,71.31566,"[71.302817, 24.558912, 71.328503, 24.582403]",2019-11-12,2025-11-10,S2A_T42RYN_20191112T055957_L2A,S2C_T42RYN_20251110T055059_L2A,EPSG:32642,MGRS-42RYN,seasonal,seasonal,images/gujarat_007_r3c1
gujarat_012_r0c0,gujarat_012,train,test,seasonal,automatic,,Gujarat,west_desert,23.39983,73.55634,"[73.543689, 23.388154, 73.568987, 23.411502]",2020-03-08,2026-03-09,S2A_T43QCF_20200308T054519_L2A,S2A_T43QCF_20260309T055029_L2A,EPSG:32643,MGRS-43QCF,seasonal,seasonal,images/gujarat_012_r0c0
gujarat_012_r0c3,gujarat_012,train,test,change,human,,Gujarat,west_desert,23.4005,73.63148,"[73.618836, 23.388836, 73.644121, 23.412173]",2020-03-08,2026-03-09,S2A_T43QCF_20200308T054519_L2A,S2A_T43QCF_20260309T055029_L2A,EPSG:32643,MGRS-43QCF,seasonal,seasonal,images/gujarat_012_r0c3
gujarat_012_r1c1,gujarat_012,train,test,no_change,automatic,,Gujarat,west_desert,23.37694,73.58163,"[73.568987, 23.365268, 73.594275, 23.388612]",2020-03-08,2026-03-09,S2A_T43QCF_20200308T054519_L2A,S2A_T43QCF_20260309T055029_L2A,EPSG:32643,MGRS-43QCF,seasonal,seasonal,images/gujarat_012_r1c1
gujarat_012_r1c3,gujarat_012,train,test,seasonal,automatic,,Gujarat,west_desert,23.37739,73.63172,"[73.619076, 23.365718, 73.644357, 23.389055]",2020-03-08,2026-03-09,S2A_T43QCF_20200308T054519_L2A,S2A_T43QCF_20260309T055029_L2A,EPSG:32643,MGRS-43QCF,seasonal,seasonal,images/gujarat_012_r1c3
gujarat_012_r3c3,gujarat_012,train,test,no_change,automatic,,Gujarat,west_desert,23.33115,73.63219,"[73.619555, 23.319482, 73.644826, 23.342819]",2020-03-08,2026-03-09,S2A_T43QCF_20200308T054519_L2A,S2A_T43QCF_20260309T055029_L2A,EPSG:32643,MGRS-43QCF,seasonal,seasonal,images/gujarat_012_r3c3
gujarat_048_r0c3,gujarat_048,train,test,change,human,,Gujarat,west_desert,22.224,69.68291,"[69.670431, 22.212388, 69.695381, 22.235618]",2019-12-17,2025-12-15,S2B_T42QWK_20191217T055708_L2A,S2B_T42QWK_20251215T055635_L2A,EPSG:32642,MGRS-42QWK,change,seasonal,images/gujarat_048_r0c3
gujarat_048_r1c0,gujarat_048,train,test,change,human,,Gujarat,west_desert,22.20117,69.60829,"[69.595823, 22.189563, 69.620757, 22.212782]",2019-12-17,2025-12-15,S2B_T42QWK_20191217T055708_L2A,S2B_T42QWK_20251215T055635_L2A,EPSG:32642,MGRS-42QWK,change,seasonal,images/gujarat_048_r1c0
gujarat_048_r1c3,gujarat_048,train,test,no_change,human,,Gujarat,west_desert,22.20088,69.68279,"[69.670321, 22.189262, 69.695267, 22.212492]",2019-12-17,2025-12-15,S2B_T42QWK_20191217T055708_L2A,S2B_T42QWK_20251215T055635_L2A,EPSG:32642,MGRS-42QWK,change,change,images/gujarat_048_r1c3
gujarat_048_r2c1,gujarat_048,train,test,change,human,,Gujarat,west_desert,22.17795,69.63302,"[69.620554, 22.16634, 69.645488, 22.189563]",2019-12-17,2025-12-15,S2B_T42QWK_20191217T055708_L2A,S2B_T42QWK_20251215T055635_L2A,EPSG:32642,MGRS-42QWK,change,change,images/gujarat_048_r2c1
gujarat_048_r2c3,gujarat_048,train,test,seasonal,automatic,,Gujarat,west_desert,22.17775,69.68268,"[69.670211, 22.166135, 69.695154, 22.189366]",2019-12-17,2025-12-15,S2B_T42QWK_20191217T055708_L2A,S2B_T42QWK_20251215T055635_L2A,EPSG:32642,MGRS-42QWK,seasonal,seasonal,images/gujarat_048_r2c3
gujarat_048_r3c2,gujarat_048,train,test,seasonal,human,,Gujarat,west_desert,22.15473,69.65774,"[69.645277, 22.143113, 69.670211, 22.16634]",2019-12-17,2025-12-15,S2B_T42QWK_20191217T055708_L2A,S2B_T42QWK_20251215T055635_L2A,EPSG:32642,MGRS-42QWK,seasonal,seasonal,images/gujarat_048_r3c2
gujarat_048_r3c3,gujarat_048,train,test,change,human,,Gujarat,west_desert,22.15462,69.68257,"[69.670102, 22.143009, 69.69504, 22.166239]",2019-12-17,2025-12-15,S2B_T42QWK_20191217T055708_L2A,S2B_T42QWK_20251215T055635_L2A,EPSG:32642,MGRS-42QWK,change,seasonal,images/gujarat_048_r3c3
gujarat_t1_001_r0c1,gujarat_t1_001,train,test,seasonal,human,,Gujarat,west_desert,22.83783,71.08577,"[71.073122, 22.826108, 71.098408, 22.849545]",2020-03-01,2026-03-05,S2A_T42QYL_20200301T055331_L2A,S2B_T42QYL_20260305T055828_L2A,EPSG:32642,MGRS-42QYL,change,change,images/gujarat_t1_001_r0c1
gujarat_t1_001_r0c2,gujarat_t1_001,train,test,seasonal,human,,Gujarat,west_desert,22.8375,71.1107,"[71.098053, 22.825778, 71.123343, 22.849219]",2020-03-01,2026-03-05,S2A_T42QYL_20200301T055331_L2A,S2B_T42QYL_20260305T055828_L2A,EPSG:32642,MGRS-42QYL,change,seasonal,images/gujarat_t1_001_r0c2
gujarat_t1_001_r0c3,gujarat_t1_001,train,test,seasonal,human,,Gujarat,west_desert,22.83717,71.13563,"[71.122984, 22.825443, 71.148278, 22.848888]",2020-03-01,2026-03-05,S2A_T42QYL_20200301T055331_L2A,S2B_T42QYL_20260305T055828_L2A,EPSG:32642,MGRS-42QYL,change,seasonal,images/gujarat_t1_001_r0c3
gujarat_t1_001_r1c0,gujarat_t1_001,train,test,change,automatic,New solar panel arrays and white-roofed structures have been built across the north and east of the fields,Gujarat,west_desert,22.81504,71.06048,"[71.047844, 22.803324, 71.073122, 22.826757]",2020-03-01,2026-03-05,S2A_T42QYL_20200301T055331_L2A,S2B_T42QYL_20260305T055828_L2A,EPSG:32642,MGRS-42QYL,change,change,images/gujarat_t1_001_r1c0
gujarat_t1_001_r1c1,gujarat_t1_001,train,test,change,human,,Gujarat,west_desert,22.81472,71.08541,"[71.072772, 22.802997, 71.098053, 22.826434]",2020-03-01,2026-03-05,S2A_T42QYL_20200301T055331_L2A,S2B_T42QYL_20260305T055828_L2A,EPSG:32642,MGRS-42QYL,change,change,images/gujarat_t1_001_r1c1
gujarat_t1_001_r1c3,gujarat_t1_001,train,test,seasonal,human,,Gujarat,west_desert,22.81406,71.13527,"[71.122626, 22.802333, 71.147915, 22.825778]",2020-03-01,2026-03-05,S2A_T42QYL_20200301T055331_L2A,S2B_T42QYL_20260305T055828_L2A,EPSG:32642,MGRS-42QYL,change,seasonal,images/gujarat_t1_001_r1c3
gujarat_t1_001_r2c1,gujarat_t1_001,train,test,seasonal,automatic,,Gujarat,west_desert,22.79161,71.08506,"[71.072422, 22.779887, 71.097699, 22.803324]",2020-03-01,2026-03-05,S2A_T42QYL_20200301T055331_L2A,S2B_T42QYL_20260305T055828_L2A,EPSG:32642,MGRS-42QYL,seasonal,seasonal,images/gujarat_t1_001_r2c1
gujarat_t1_001_r2c2,gujarat_t1_001,train,test,seasonal,human,,Gujarat,west_desert,22.79128,71.10999,"[71.097345, 22.779557, 71.122626, 22.802997]",2020-03-01,2026-03-05,S2A_T42QYL_20200301T055331_L2A,S2B_T42QYL_20260305T055828_L2A,EPSG:32642,MGRS-42QYL,change,seasonal,images/gujarat_t1_001_r2c2
gujarat_t1_001_r2c3,gujarat_t1_001,train,test,no_change,human,,Gujarat,west_desert,22.79095,71.13491,"[71.122268, 22.779224, 71.147553, 22.802667]",2020-03-01,2026-03-05,S2A_T42QYL_20200301T055331_L2A,S2B_T42QYL_20260305T055828_L2A,EPSG:32642,MGRS-42QYL,change,seasonal,images/gujarat_t1_001_r2c3
gujarat_t1_001_r3c0,gujarat_t1_001,train,test,seasonal,automatic,,Gujarat,west_desert,22.76882,71.05979,"[71.047154, 22.757101, 71.072422, 22.780534]",2020-03-01,2026-03-05,S2A_T42QYL_20200301T055331_L2A,S2B_T42QYL_20260305T055828_L2A,EPSG:32642,MGRS-42QYL,seasonal,seasonal,images/gujarat_t1_001_r3c0
gujarat_t1_001_r3c1,gujarat_t1_001,train,test,seasonal,human,,Gujarat,west_desert,22.76849,71.08471,"[71.072073, 22.756776, 71.097345, 22.780213]",2020-03-01,2026-03-05,S2A_T42QYL_20200301T055331_L2A,S2B_T42QYL_20260305T055828_L2A,EPSG:32642,MGRS-42QYL,change,seasonal,images/gujarat_t1_001_r3c1
gujarat_t1_001_r3c2,gujarat_t1_001,train,test,seasonal,automatic,,Gujarat,west_desert,22.76817,71.10963,"[71.096992, 22.756447, 71.122268, 22.779887]",2020-03-01,2026-03-05,S2A_T42QYL_20200301T055331_L2A,S2B_T42QYL_20260305T055828_L2A,EPSG:32642,MGRS-42QYL,seasonal,seasonal,images/gujarat_t1_001_r3c2
gujarat_t1_001_r3c3,gujarat_t1_001,train,test,seasonal,human,,Gujarat,west_desert,22.76784,71.13455,"[71.121911, 22.756114, 71.147191, 22.779557]",2020-03-01,2026-03-05,S2A_T42QYL_20200301T055331_L2A,S2B_T42QYL_20260305T055828_L2A,EPSG:32642,MGRS-42QYL,change,seasonal,images/gujarat_t1_001_r3c3
gujarat_t1_009_r0c1,gujarat_t1_009,train,test,no_change,human,,Gujarat,west_desert,21.595,70.20096,"[70.188506, 21.58335, 70.213422, 21.606653]",2019-11-17,2025-11-15,S2B_T42QXJ_20191117T055918_L2A,S2B_T42QXJ_20251115T055609_L2A,EPSG:32642,MGRS-42QXJ,seasonal,seasonal,images/gujarat_t1_009_r0c1
gujarat_t1_009_r3c1,gujarat_t1_009,train,test,seasonal,automatic,,Gujarat,west_desert,21.52563,70.20039,"[70.187941, 21.513976, 70.212845, 21.537279]",2019-11-17,2025-11-15,S2B_T42QXJ_20191117T055918_L2A,S2B_T42QXJ_20251115T055609_L2A,EPSG:32642,MGRS-42QXJ,seasonal,seasonal,images/gujarat_t1_009_r3c1
gujarat_t1_009_r3c2,gujarat_t1_009,train,test,seasonal,automatic,,Gujarat,west_desert,21.52545,70.22511,"[70.212653, 21.513795, 70.237561, 21.537101]",2019-11-17,2025-11-15,S2B_T42QXJ_20191117T055918_L2A,S2B_T42QXJ_20251115T055609_L2A,EPSG:32642,MGRS-42QXJ,seasonal,seasonal,images/gujarat_t1_009_r3c2
gujarat_t1_017_r0c1,gujarat_t1_017,train,test,change,human,,Gujarat,west_desert,21.56799,72.23006,"[72.21746, 21.556206, 72.24266, 21.579778]",2020-03-08,2026-03-09,S2A_T42QZJ_20200308T054519_L2A,S2A_T42QZJ_20260309T055029_L2A,EPSG:32642,MGRS-42QZJ,change,seasonal,images/gujarat_t1_017_r0c1
gujarat_t1_017_r1c0,gujarat_t1_017,train,test,seasonal,automatic,,Gujarat,west_desert,21.54538,72.20486,"[72.192268, 21.533592, 72.21746, 21.55716]",2020-03-08,2026-03-09,S2A_T42QZJ_20200308T054519_L2A,S2A_T42QZJ_20260309T055029_L2A,EPSG:32642,MGRS-42QZJ,seasonal,seasonal,images/gujarat_t1_017_r1c0
gujarat_t1_017_r2c2,gujarat_t1_017,train,test,seasonal,automatic,,Gujarat,west_desert,21.52133,72.25372,"[72.24112, 21.509539, 72.266313, 21.533113]",2020-03-08,2026-03-09,S2A_T42QZJ_20200308T054519_L2A,S2A_T42QZJ_20260309T055029_L2A,EPSG:32642,MGRS-42QZJ,seasonal,seasonal,images/gujarat_t1_017_r2c2
gujarat_t1_017_r3c0,gujarat_t1_017,train,test,seasonal,human,,Gujarat,west_desert,21.49919,72.20385,"[72.191259, 21.487405, 72.216442, 21.510972]",2020-03-08,2026-03-09,S2A_T42QZJ_20200308T054519_L2A,S2A_T42QZJ_20260309T055029_L2A,EPSG:32642,MGRS-42QZJ,change,change,images/gujarat_t1_017_r3c0
gujarat_t1_017_r3c1,gujarat_t1_017,train,test,no_change,human,,Gujarat,west_desert,21.49871,72.22853,"[72.215934, 21.486928, 72.24112, 21.510498]",2020-03-08,2026-03-09,S2A_T42QZJ_20200308T054519_L2A,S2A_T42QZJ_20260309T055029_L2A,EPSG:32642,MGRS-42QZJ,change,seasonal,images/gujarat_t1_017_r3c1
haryana_015_r1c0,haryana_015,train,test,change,automatic,"A second highway has been built running south-west to north-east across the east of the image, alongside the existing road",Haryana,north_plains,28.14414,76.65704,"[76.643836, 28.132434, 76.670252, 28.155849]",2020-02-14,2026-02-17,S2A_T43RFM_20200214T053307_L2A,S2A_T43RFM_20260217T054115_L2A,EPSG:32643,MGRS-43RFM,change,change,images/haryana_015_r1c0
haryana_015_r1c1,haryana_015,train,test,change,automatic,New buildings have appeared in the south among the fields,Haryana,north_plains,28.14382,76.6831,"[76.669894, 28.132114, 76.696315, 28.155534]",2020-02-14,2026-02-17,S2A_T43RFM_20200214T053307_L2A,S2A_T43RFM_20260217T054115_L2A,EPSG:32643,MGRS-43RFM,change,change,images/haryana_015_r1c1
haryana_015_r1c2,haryana_015,train,test,no_change,automatic,,Haryana,north_plains,28.1435,76.70916,"[76.695951, 28.131789, 76.722378, 28.155213]",2020-02-14,2026-02-17,S2A_T43RFM_20200214T053307_L2A,S2A_T43RFM_20260217T054115_L2A,EPSG:32643,MGRS-43RFM,seasonal,seasonal,images/haryana_015_r1c2
haryana_015_r2c0,haryana_015,train,test,change,human,,Haryana,north_plains,28.12104,76.65669,"[76.643484, 28.109335, 76.669894, 28.132749]",2020-02-14,2026-02-17,S2A_T43RFM_20200214T053307_L2A,S2A_T43RFM_20260217T054115_L2A,EPSG:32643,MGRS-43RFM,change,seasonal,images/haryana_015_r2c0
haryana_015_r2c1,haryana_015,train,test,no_change,human,,Haryana,north_plains,28.12072,76.68274,"[76.669536, 28.109015, 76.695951, 28.132434]",2020-02-14,2026-02-17,S2A_T43RFM_20200214T053307_L2A,S2A_T43RFM_20260217T054115_L2A,EPSG:32643,MGRS-43RFM,change,seasonal,images/haryana_015_r2c1
haryana_015_r2c2,haryana_015,train,test,no_change,human,,Haryana,north_plains,28.1204,76.7088,"[76.695588, 28.10869, 76.722008, 28.132114]",2020-02-14,2026-02-17,S2A_T43RFM_20200214T053307_L2A,S2A_T43RFM_20260217T054115_L2A,EPSG:32643,MGRS-43RFM,seasonal,seasonal,images/haryana_015_r2c2
haryana_015_r3c2,haryana_015,train,test,change,human,,Haryana,north_plains,28.0973,76.70843,"[76.695225, 28.085591, 76.721639, 28.109015]",2020-02-14,2026-02-17,S2A_T43RFM_20200214T053307_L2A,S2A_T43RFM_20260217T054115_L2A,EPSG:32643,MGRS-43RFM,change,change,images/haryana_015_r3c2
haryana_015_r3c3,haryana_015,train,test,seasonal,automatic,,Haryana,north_plains,28.09698,76.73448,"[76.72127, 28.085262, 76.74769, 28.10869]",2020-02-14,2026-02-17,S2A_T43RFM_20200214T053307_L2A,S2A_T43RFM_20260217T054115_L2A,EPSG:32643,MGRS-43RFM,seasonal,seasonal,images/haryana_015_r3c3
himachal_pradesh_019_r0c0,himachal_pradesh_019,train,test,no_change,human,,Himachal Pradesh,himalaya,31.61641,76.39166,"[76.377999, 31.604722, 76.405326, 31.628107]",2019-11-09,2025-11-09,S2A_T43RFQ_20191109T054635_L2A,S2A_T43RFQ_20251109T054830_L2A,EPSG:32643,MGRS-43RFQ,change,seasonal,images/himachal_pradesh_019_r0c0
himachal_pradesh_019_r0c2,himachal_pradesh_019,train,test,no_change,automatic,,Himachal Pradesh,himalaya,31.61582,76.44563,"[76.431958, 31.604118, 76.459297, 31.627513]",2019-11-09,2025-11-09,S2A_T43RFQ_20191109T054635_L2A,S2A_T43RFQ_20251109T054830_L2A,EPSG:32643,MGRS-43RFQ,seasonal,seasonal,images/himachal_pradesh_019_r0c2
himachal_pradesh_019_r2c0,himachal_pradesh_019,train,test,no_change,automatic,,Himachal Pradesh,himalaya,31.57023,76.39098,"[76.37732, 31.558542, 76.404632, 31.581926]",2019-11-09,2025-11-09,S2A_T43RFQ_20191109T054635_L2A,S2A_T43RFQ_20251109T054830_L2A,EPSG:32643,MGRS-43RFQ,seasonal,seasonal,images/himachal_pradesh_019_r2c0
himachal_pradesh_019_r2c1,himachal_pradesh_019,train,test,no_change,human,,Himachal Pradesh,himalaya,31.56994,76.41795,"[76.404286, 31.558243, 76.431605, 31.581632]",2019-11-09,2025-11-09,S2A_T43RFQ_20191109T054635_L2A,S2A_T43RFQ_20251109T054830_L2A,EPSG:32643,MGRS-43RFQ,change,seasonal,images/himachal_pradesh_019_r2c1
himachal_pradesh_019_r2c3,himachal_pradesh_019,train,test,seasonal,automatic,,Himachal Pradesh,himalaya,31.56933,76.47188,"[76.458218, 31.557627, 76.485549, 31.581028]",2019-11-09,2025-11-09,S2A_T43RFQ_20191109T054635_L2A,S2A_T43RFQ_20251109T054830_L2A,EPSG:32643,MGRS-43RFQ,seasonal,seasonal,images/himachal_pradesh_019_r2c3
himachal_pradesh_019_r3c0,himachal_pradesh_019,train,test,no_change,human,,Himachal Pradesh,himalaya,31.54714,76.39063,"[76.376981, 31.535451, 76.404286, 31.558835]",2019-11-09,2025-11-09,S2A_T43RFQ_20191109T054635_L2A,S2A_T43RFQ_20251109T054830_L2A,EPSG:32643,MGRS-43RFQ,change,change,images/himachal_pradesh_019_r3c0
himachal_pradesh_019_r3c1,himachal_pradesh_019,train,test,no_change,human,,Himachal Pradesh,himalaya,31.54685,76.4176,"[76.40394, 31.535152, 76.431252, 31.558542]",2019-11-09,2025-11-09,S2A_T43RFQ_20191109T054635_L2A,S2A_T43RFQ_20251109T054830_L2A,EPSG:32643,MGRS-43RFQ,change,seasonal,images/himachal_pradesh_019_r3c1
himachal_pradesh_t1_009_r1c3,himachal_pradesh_t1_009,train,test,no_change,automatic,,Himachal Pradesh,himalaya,30.937,77.10511,"[77.091468, 30.92524, 77.118754, 30.94876]",2019-10-22,2025-10-20,S2B_T43RFQ_20191022T053557_L2A,S2B_T43RFQ_20251020T053055_L2A,EPSG:32643,MGRS-43RFQ,seasonal,seasonal,images/himachal_pradesh_t1_009_r1c3
himachal_pradesh_t1_009_r2c2,himachal_pradesh_t1_009,train,test,no_change,human,,Himachal Pradesh,himalaya,30.91435,77.07783,"[77.064195, 30.902592, 77.091468, 30.926106]",2019-10-22,2025-10-20,S2B_T43RFQ_20191022T053557_L2A,S2B_T43RFQ_20251020T053055_L2A,EPSG:32643,MGRS-43RFQ,change,seasonal,images/himachal_pradesh_t1_009_r2c2
himachal_pradesh_t1_009_r2c3,himachal_pradesh_t1_009,train,test,no_change,human,,Himachal Pradesh,himalaya,30.91392,77.10461,"[77.090966, 30.902156, 77.118245, 30.925676]",2019-10-22,2025-10-20,S2B_T43RFQ_20191022T053557_L2A,S2B_T43RFQ_20251020T053055_L2A,EPSG:32643,MGRS-43RFQ,change,seasonal,images/himachal_pradesh_t1_009_r2c3
himachal_pradesh_t1_009_r3c0,himachal_pradesh_t1_009,train,test,seasonal,human,,Himachal Pradesh,himalaya,30.89211,77.0238,"[77.010169, 30.880361, 77.037423, 30.903865]",2019-10-22,2025-10-20,S2B_T43RFQ_20191022T053557_L2A,S2B_T43RFQ_20251020T053055_L2A,EPSG:32643,MGRS-43RFQ,change,change,images/himachal_pradesh_t1_009_r3c0
himachal_pradesh_t1_009_r3c2,himachal_pradesh_t1_009,train,test,no_change,human,,Himachal Pradesh,himalaya,30.89126,77.07733,"[77.063699, 30.879507, 77.090966, 30.903022]",2019-10-22,2025-10-20,S2B_T43RFQ_20191022T053557_L2A,S2B_T43RFQ_20251020T053055_L2A,EPSG:32643,MGRS-43RFQ,no_change,change,images/himachal_pradesh_t1_009_r3c2
himachal_pradesh_t1_009_r3c3,himachal_pradesh_t1_009,train,test,no_change,human,,Himachal Pradesh,himalaya,30.89083,77.1041,"[77.090464, 30.879072, 77.117736, 30.902592]",2019-10-22,2025-10-20,S2B_T43RFQ_20191022T053557_L2A,S2B_T43RFQ_20251020T053055_L2A,EPSG:32643,MGRS-43RFQ,change,seasonal,images/himachal_pradesh_t1_009_r3c3
jammu_and_kashmir_011_r0c0,jammu_and_kashmir_011,train,test,seasonal,human,,Jammu and Kashmir,himalaya,32.52579,74.92972,"[74.916081, 32.514233, 74.943359, 32.537342]",2019-11-09,2025-11-09,S2A_T43SDR_20191109T054635_L2A,S2A_T43SDR_20251109T054830_L2A,EPSG:32643,MGRS-43SDR,change,change,images/jammu_and_kashmir_011_r0c0
jammu_and_kashmir_011_r0c1,jammu_and_kashmir_011,train,test,no_change,human,,Jammu and Kashmir,himalaya,32.5258,74.95698,"[74.943344, 32.514249, 74.970615, 32.537352]",2019-11-09,2025-11-09,S2A_T43SDR_20191109T054635_L2A,S2A_T43SDR_20251109T054830_L2A,EPSG:32643,MGRS-43SDR,change,seasonal,images/jammu_and_kashmir_011_r0c1
jammu_and_kashmir_011_r1c0,jammu_and_kashmir_011,train,test,no_change,human,,Jammu and Kashmir,himalaya,32.50269,74.92974,"[74.916103, 32.491139, 74.943373, 32.514249]",2019-11-09,2025-11-09,S2A_T43SDR_20191109T054635_L2A,S2A_T43SDR_20251109T054830_L2A,EPSG:32643,MGRS-43SDR,change,seasonal,images/jammu_and_kashmir_011_r1c0
jammu_and_kashmir_011_r1c2,jammu_and_kashmir_011,train,test,seasonal,automatic,,Jammu and Kashmir,himalaya,32.50271,74.98424,"[74.970615, 32.491164, 74.997871, 32.514261]",2019-11-09,2025-11-09,S2A_T43SDR_20191109T054635_L2A,S2A_T43SDR_20251109T054830_L2A,EPSG:32643,MGRS-43SDR,seasonal,seasonal,images/jammu_and_kashmir_011_r1c2
jammu_and_kashmir_011_r1c3,jammu_and_kashmir_011,train,test,seasonal,human,,Jammu and Kashmir,himalaya,32.50271,75.0115,"[74.997871, 32.491165, 75.025127, 32.514261]",2019-11-09,2025-11-09,S2A_T43SDR_20191109T054635_L2A,S2A_T43SDR_20251109T054830_L2A,EPSG:32643,MGRS-43SDR,change,change,images/jammu_and_kashmir_011_r1c3
jammu_and_kashmir_011_r2c0,jammu_and_kashmir_011,train,test,no_change,human,,Jammu and Kashmir,himalaya,32.4796,74.92976,"[74.916124, 32.468045, 74.943388, 32.491155]",2019-11-09,2025-11-09,S2A_T43SDR_20191109T054635_L2A,S2A_T43SDR_20251109T054830_L2A,EPSG:32643,MGRS-43SDR,change,seasonal,images/jammu_and_kashmir_011_r2c0
jammu_and_kashmir_011_r2c1,jammu_and_kashmir_011,train,test,seasonal,human,,Jammu and Kashmir,himalaya,32.47961,74.957,"[74.943373, 32.46806, 74.97063, 32.491164]",2019-11-09,2025-11-09,S2A_T43SDR_20191109T054635_L2A,S2A_T43SDR_20251109T054830_L2A,EPSG:32643,MGRS-43SDR,change,seasonal,images/jammu_and_kashmir_011_r2c1
jammu_and_kashmir_011_r2c3,jammu_and_kashmir_011,train,test,seasonal,human,,Jammu and Kashmir,himalaya,32.47962,75.0115,"[74.997871, 32.468071, 75.02512, 32.491167]",2019-11-09,2025-11-09,S2A_T43SDR_20191109T054635_L2A,S2A_T43SDR_20251109T054830_L2A,EPSG:32643,MGRS-43SDR,change,seasonal,images/jammu_and_kashmir_011_r2c3
jammu_and_kashmir_011_r3c0,jammu_and_kashmir_011,train,test,no_change,human,,Jammu and Kashmir,himalaya,32.45651,74.92977,"[74.916146, 32.444951, 74.943402, 32.46806]",2019-11-09,2025-11-09,S2A_T43SDR_20191109T054635_L2A,S2A_T43SDR_20251109T054830_L2A,EPSG:32643,MGRS-43SDR,change,seasonal,images/jammu_and_kashmir_011_r3c0
jammu_and_kashmir_011_r3c2,jammu_and_kashmir_011,train,test,seasonal,human,,Jammu and Kashmir,himalaya,32.45652,74.98425,"[74.97063, 32.444976, 74.997872, 32.468073]",2019-11-09,2025-11-09,S2A_T43SDR_20191109T054635_L2A,S2A_T43SDR_20251109T054830_L2A,EPSG:32643,MGRS-43SDR,change,seasonal,images/jammu_and_kashmir_011_r3c2
jammu_and_kashmir_011_r3c3,jammu_and_kashmir_011,train,test,change,human,,Jammu and Kashmir,himalaya,32.45652,75.01149,"[74.997872, 32.444977, 75.025114, 32.468073]",2019-11-09,2025-11-09,S2A_T43SDR_20191109T054635_L2A,S2A_T43SDR_20251109T054830_L2A,EPSG:32643,MGRS-43SDR,change,seasonal,images/jammu_and_kashmir_011_r3c3
jammu_and_kashmir_013_r0c2,jammu_and_kashmir_013,train,test,cant_tell,automatic,,Jammu and Kashmir,himalaya,33.58943,74.32191,"[74.308028, 33.577807, 74.335796, 33.601046]",2019-10-20,2025-10-31,S2A_T43SDT_20191020T054316_L2A,S2C_T43SDT_20251031T055031_L2A,EPSG:32643,MGRS-43SDT,seasonal,seasonal,images/jammu_and_kashmir_013_r0c2
jammu_and_kashmir_013_r1c1,jammu_and_kashmir_013,train,test,cant_tell,automatic,,Jammu and Kashmir,himalaya,33.56618,74.29451,"[74.280629, 33.554561, 74.308397, 33.577807]",2019-10-20,2025-10-31,S2A_T43SDT_20191020T054316_L2A,S2C_T43SDT_20251031T055031_L2A,EPSG:32643,MGRS-43SDT,seasonal,seasonal,images/jammu_and_kashmir_013_r1c1
jammu_and_kashmir_013_r1c2,jammu_and_kashmir_013,train,test,cant_tell,automatic,,Jammu and Kashmir,himalaya,33.56634,74.32209,"[74.308213, 33.554718, 74.335973, 33.577958]",2019-10-20,2025-10-31,S2A_T43SDT_20191020T054316_L2A,S2C_T43SDT_20251031T055031_L2A,EPSG:32643,MGRS-43SDT,seasonal,seasonal,images/jammu_and_kashmir_013_r1c2
jammu_and_kashmir_013_r2c0,jammu_and_kashmir_013,train,test,cant_tell,human,,Jammu and Kashmir,himalaya,33.54294,74.26713,"[74.253245, 33.53131, 74.281012, 33.554561]",2019-10-20,2025-10-31,S2A_T43SDT_20191020T054316_L2A,S2C_T43SDT_20251031T055031_L2A,EPSG:32643,MGRS-43SDT,change,seasonal,images/jammu_and_kashmir_013_r2c0
jharkhand_001_r1c0,jharkhand_001,train,test,no_change,human,,Jharkhand,central_east,22.44954,84.12585,"[84.113171, 22.437754, 84.138533, 22.461328]",2020-02-15,2026-02-15,S2A_T44QRK_20200215T050419_L2A,S2B_T44QRK_20260215T050021_L2A,EPSG:32644,MGRS-44QRK,change,seasonal,images/jharkhand_001_r1c0
jharkhand_001_r1c1,jharkhand_001,train,test,no_change,human,,Jharkhand,central_east,22.44906,84.15069,"[84.138012, 22.437269, 84.163377, 22.460846]",2020-02-15,2026-02-15,S2A_T44QRK_20200215T050419_L2A,S2B_T44QRK_20260215T050021_L2A,EPSG:32644,MGRS-44QRK,change,seasonal,images/jharkhand_001_r1c1
jharkhand_022_r0c2,jharkhand_022,train,test,no_change,automatic,,Jharkhand,central_east,23.70998,84.70697,"[84.694117, 23.698139, 84.71983, 23.721815]",2020-01-13,2026-01-11,S2A_T44QRM_20200113T045526_L2A,S2C_T44QRM_20260111T045428_L2A,EPSG:32644,MGRS-44QRM,seasonal,seasonal,images/jharkhand_022_r0c2
jharkhand_022_r0c3,jharkhand_022,train,test,change,automatic,"A new reservoir has been built in the centre, with its embankment and water now visible",Jharkhand,central_east,23.70937,84.73203,"[84.719175, 23.697534, 84.744892, 23.721213]",2020-01-13,2026-01-11,S2A_T44QRM_20200113T045526_L2A,S2C_T44QRM_20260111T045428_L2A,EPSG:32644,MGRS-44QRM,change,change,images/jharkhand_022_r0c3
jharkhand_022_r2c0,jharkhand_022,train,test,cant_tell,automatic,,Jharkhand,central_east,23.66502,84.65556,"[84.642716, 23.653184, 84.668412, 23.676852]",2020-01-13,2026-01-11,S2A_T44QRM_20200113T045526_L2A,S2C_T44QRM_20260111T045428_L2A,EPSG:32644,MGRS-44QRM,seasonal,seasonal,images/jharkhand_022_r2c0
jharkhand_022_r2c2,jharkhand_022,train,test,seasonal,human,,Jharkhand,central_east,23.66383,84.70567,"[84.692818, 23.651989, 84.718521, 23.675664]",2020-01-13,2026-01-11,S2A_T44QRM_20200113T045526_L2A,S2C_T44QRM_20260111T045428_L2A,EPSG:32644,MGRS-44QRM,change,seasonal,images/jharkhand_022_r2c2
jharkhand_022_r2c3,jharkhand_022,train,test,seasonal,human,,Jharkhand,central_east,23.66322,84.73072,"[84.717868, 23.651386, 84.743574, 23.675064]",2020-01-13,2026-01-11,S2A_T44QRM_20200113T045526_L2A,S2C_T44QRM_20260111T045428_L2A,EPSG:32644,MGRS-44QRM,change,change,images/jharkhand_022_r2c3
jharkhand_022_r3c3,jharkhand_022,train,test,no_change,human,,Jharkhand,central_east,23.64015,84.73007,"[84.717215, 23.628311, 84.742916, 23.651989]",2020-01-13,2026-01-11,S2A_T44QRM_20200113T045526_L2A,S2C_T44QRM_20260111T045428_L2A,EPSG:32644,MGRS-44QRM,change,change,images/jharkhand_022_r3c3
jharkhand_028_r1c0,jharkhand_028,train,test,seasonal,human,,Jharkhand,central_east,23.54135,85.75541,"[85.742763, 23.529687, 85.768056, 23.553007]",2019-11-14,2025-11-14,S2A_T45QUG_20191114T045457_L2A,S2A_T45QUG_20251114T045234_L2A,EPSG:32645,MGRS-45QUG,change,seasonal,images/jharkhand_028_r1c0
jharkhand_028_r3c1,jharkhand_028,train,test,no_change,human,,Jharkhand,central_east,23.49531,85.78091,"[85.768271, 23.48365, 85.79355, 23.506965]",2019-11-14,2025-11-14,S2A_T45QUG_20191114T045457_L2A,S2A_T45QUG_20251114T045234_L2A,EPSG:32645,MGRS-45QUG,change,change,images/jharkhand_028_r3c1
jharkhand_028_r3c2,jharkhand_028,train,test,seasonal,human,,Jharkhand,central_east,23.4955,85.80598,"[85.79334, 23.483846, 85.818615, 23.507158]",2019-11-14,2025-11-14,S2A_T45QUG_20191114T045457_L2A,S2A_T45QUG_20251114T045234_L2A,EPSG:32645,MGRS-45QUG,change,seasonal,images/jharkhand_028_r3c2
jharkhand_t1_013_r0c1,jharkhand_t1_013,train,test,seasonal,human,,Jharkhand,central_east,24.30755,86.25377,"[86.241086, 24.295925, 86.266448, 24.319169]",2019-11-14,2025-11-14,S2A_T45QVG_20191114T045457_L2A,S2A_T45QVG_20251114T045234_L2A,EPSG:32645,MGRS-45QVG,change,seasonal,images/jharkhand_t1_013_r0c1
jharkhand_t1_013_r1c1,jharkhand_t1_013,train,test,no_change,human,,Jharkhand,central_east,24.28443,86.2539,"[86.241223, 24.272805, 86.266581, 24.296049]",2019-11-14,2025-11-14,S2A_T45QVG_20191114T045457_L2A,S2A_T45QVG_20251114T045234_L2A,EPSG:32645,MGRS-45QVG,change,seasonal,images/jharkhand_t1_013_r1c1
jharkhand_t1_013_r1c2,jharkhand_t1_013,train,test,no_change,human,,Jharkhand,central_east,24.28455,86.27912,"[86.266448, 24.272929, 86.291802, 24.296169]",2019-11-14,2025-11-14,S2A_T45QVG_20191114T045457_L2A,S2A_T45QVG_20251114T045234_L2A,EPSG:32645,MGRS-45QVG,change,seasonal,images/jharkhand_t1_013_r1c2
jharkhand_t1_013_r2c2,jharkhand_t1_013,train,test,seasonal,human,,Jharkhand,central_east,24.26143,86.27926,"[86.266581, 24.249809, 86.29193, 24.273049]",2019-11-14,2025-11-14,S2A_T45QVG_20191114T045457_L2A,S2A_T45QVG_20251114T045234_L2A,EPSG:32645,MGRS-45QVG,change,seasonal,images/jharkhand_t1_013_r2c2
jharkhand_t1_013_r3c3,jharkhand_t1_013,train,test,no_change,human,,Jharkhand,central_east,24.23843,86.3046,"[86.29193, 24.226809, 86.31727, 24.250044]",2019-11-14,2025-11-14,S2A_T45QVG_20191114T045457_L2A,S2A_T45QVG_20251114T045234_L2A,EPSG:32645,MGRS-45QVG,change,change,images/jharkhand_t1_013_r3c3
jharkhand_t1_014_r1c1,jharkhand_t1_014,train,test,no_change,human,,Jharkhand,central_east,23.36181,84.40332,"[84.390582, 23.350057, 84.416054, 23.373573]",2020-01-06,2026-01-06,S2A_T45QTF_20200106T050722_L2A,S2A_T45QTF_20260106T050240_L2A,EPSG:32645,MGRS-45QTF,change,seasonal,images/jharkhand_t1_014_r1c1
karnataka_014_r0c0,karnataka_014,train,test,no_change,automatic,,Karnataka,deccan,15.70978,76.32745,"[76.315432, 15.698143, 76.339468, 15.721426]",2020-02-21,2026-02-19,S2A_T43PFT_20200221T052815_L2A,S2C_T43PFT_20260219T052722_L2A,EPSG:32643,MGRS-43PFT,seasonal,seasonal,images/karnataka_014_r0c0
karnataka_014_r0c2,karnataka_014,train,test,seasonal,human,,Karnataka,deccan,15.70949,76.37522,"[76.363202, 15.697845, 76.387243, 15.721133]",2020-02-21,2026-02-19,S2A_T43PFT_20200221T052815_L2A,S2C_T43PFT_20260219T052722_L2A,EPSG:32643,MGRS-43PFT,change,seasonal,images/karnataka_014_r0c2
karnataka_014_r1c0,karnataka_014,train,test,seasonal,automatic,,Karnataka,deccan,15.68665,76.3273,"[76.315283, 15.675005, 76.339317, 15.698288]",2020-02-21,2026-02-19,S2A_T43PFT_20200221T052815_L2A,S2C_T43PFT_20260219T052722_L2A,EPSG:32643,MGRS-43PFT,seasonal,seasonal,images/karnataka_014_r1c0
karnataka_014_r1c1,karnataka_014,train,test,no_change,human,,Karnataka,deccan,15.6865,76.35118,"[76.339166, 15.674858, 76.363202, 15.698143]",2020-02-21,2026-02-19,S2A_T43PFT_20200221T052815_L2A,S2C_T43PFT_20260219T052722_L2A,EPSG:32643,MGRS-43PFT,change,change,images/karnataka_014_r1c1
karnataka_014_r1c2,karnataka_014,train,test,seasonal,automatic,,Karnataka,deccan,15.68635,76.37507,"[76.363048, 15.674708, 76.387086, 15.697995]",2020-02-21,2026-02-19,S2A_T43PFT_20200221T052815_L2A,S2C_T43PFT_20260219T052722_L2A,EPSG:32643,MGRS-43PFT,seasonal,seasonal,images/karnataka_014_r1c2
karnataka_014_r1c3,karnataka_014,train,test,cant_tell,human,,Karnataka,deccan,15.6862,76.39895,"[76.38693, 15.674555, 76.410971, 15.697845]",2020-02-21,2026-02-19,S2A_T43PFT_20200221T052815_L2A,S2C_T43PFT_20260219T052722_L2A,EPSG:32643,MGRS-43PFT,change,seasonal,images/karnataka_014_r1c3
karnataka_014_r2c0,karnataka_014,train,test,seasonal,automatic,,Karnataka,deccan,15.66351,76.32715,"[76.315135, 15.651867, 76.339166, 15.67515]",2020-02-21,2026-02-19,S2A_T43PFT_20200221T052815_L2A,S2C_T43PFT_20260219T052722_L2A,EPSG:32643,MGRS-43PFT,seasonal,seasonal,images/karnataka_014_r2c0
karnataka_014_r2c1,karnataka_014,train,test,seasonal,automatic,,Karnataka,deccan,15.66336,76.35103,"[76.339015, 15.65172, 76.363048, 15.675005]",2020-02-21,2026-02-19,S2A_T43PFT_20200221T052815_L2A,S2C_T43PFT_20260219T052722_L2A,EPSG:32643,MGRS-43PFT,seasonal,seasonal,images/karnataka_014_r2c1
karnataka_014_r2c3,karnataka_014,train,test,seasonal,human,,Karnataka,deccan,15.66306,76.39879,"[76.386774, 15.651418, 76.410812, 15.674708]",2020-02-21,2026-02-19,S2A_T43PFT_20200221T052815_L2A,S2C_T43PFT_20260219T052722_L2A,EPSG:32643,MGRS-43PFT,change,seasonal,images/karnataka_014_r2c3
karnataka_014_r3c0,karnataka_014,train,test,no_change,automatic,,Karnataka,deccan,15.64037,76.327,"[76.314988, 15.628729, 76.339015, 15.652012]",2020-02-21,2026-02-19,S2A_T43PFT_20200221T052815_L2A,S2C_T43PFT_20260219T052722_L2A,EPSG:32643,MGRS-43PFT,seasonal,seasonal,images/karnataka_014_r3c0
karnataka_014_r3c2,karnataka_014,train,test,seasonal,human,,Karnataka,deccan,15.64008,76.37476,"[76.362742, 15.628433, 76.386774, 15.65172]",2020-02-21,2026-02-19,S2A_T43PFT_20200221T052815_L2A,S2C_T43PFT_20260219T052722_L2A,EPSG:32643,MGRS-43PFT,change,seasonal,images/karnataka_014_r3c2
karnataka_014_r3c3,karnataka_014,train,test,change,human,,Karnataka,deccan,15.63993,76.39864,"[76.386618, 15.628281, 76.410653, 15.65157]",2020-02-21,2026-02-19,S2A_T43PFT_20200221T052815_L2A,S2C_T43PFT_20260219T052722_L2A,EPSG:32643,MGRS-43PFT,seasonal,seasonal,images/karnataka_014_r3c3
karnataka_030_r0c0,karnataka_030,train,test,seasonal,automatic,,Karnataka,deccan,16.42354,76.9805,"[76.968399, 16.411866, 76.992597, 16.43522]",2020-02-21,2026-02-19,S2A_T43QGU_20200221T052815_L2A,S2C_T43QGU_20260219T052722_L2A,EPSG:32643,MGRS-43QGU,seasonal,seasonal,images/karnataka_030_r0c0
karnataka_030_r1c2,karnataka_030,train,test,seasonal,automatic,,Karnataka,deccan,16.39996,77.02819,"[77.016085, 16.388278, 77.040285, 16.411637]",2020-02-21,2026-02-19,S2A_T43QGU_20200221T052815_L2A,S2C_T43QGU_20260219T052722_L2A,EPSG:32643,MGRS-43QGU,seasonal,seasonal,images/karnataka_030_r1c2
karnataka_030_r2c1,karnataka_030,train,test,seasonal,automatic,,Karnataka,deccan,16.37706,77.00399,"[76.991891, 16.36538, 77.016085, 16.388737]",2020-02-21,2026-02-19,S2A_T43QGU_20200221T052815_L2A,S2C_T43QGU_20260219T052722_L2A,EPSG:32643,MGRS-43QGU,seasonal,seasonal,images/karnataka_030_r2c1
karnataka_030_r2c2,karnataka_030,train,test,seasonal,automatic,,Karnataka,deccan,16.37683,77.02795,"[77.015847, 16.36515, 77.040044, 16.388509]",2020-02-21,2026-02-19,S2A_T43QGU_20200221T052815_L2A,S2C_T43QGU_20260219T052722_L2A,EPSG:32643,MGRS-43QGU,seasonal,seasonal,images/karnataka_030_r2c2
karnataka_030_r2c3,karnataka_030,train,test,seasonal,automatic,,Karnataka,deccan,16.3766,77.0519,"[77.039804, 16.364916, 77.064003, 16.388278]",2020-02-21,2026-02-19,S2A_T43QGU_20200221T052815_L2A,S2C_T43QGU_20260219T052722_L2A,EPSG:32643,MGRS-43QGU,seasonal,seasonal,images/karnataka_030_r2c3
karnataka_030_r3c0,karnataka_030,train,test,no_change,human,,Karnataka,deccan,16.35416,76.9798,"[76.967702, 16.34248, 76.991891, 16.365834]",2020-02-21,2026-02-19,S2A_T43QGU_20200221T052815_L2A,S2C_T43QGU_20260219T052722_L2A,EPSG:32643,MGRS-43QGU,change,seasonal,images/karnataka_030_r3c0
karnataka_032_r0c2,karnataka_032,train,test,change,automatic,"A large area in the centre has been cleared and burnt, with new buildings on the west side",Karnataka,deccan,12.2739,77.17961,"[77.167749, 12.262237, 77.191463, 12.285558]",2020-01-24,2026-01-22,S2B_T43PGP_20200124T052518_L2A,S2B_T43PGP_20260122T052254_L2A,EPSG:32643,MGRS-43PGP,change,change,images/karnataka_032_r0c2
karnataka_032_r1c0,karnataka_032,train,test,seasonal,human,,Karnataka,deccan,12.25113,77.13237,"[77.120518, 12.239475, 77.144226, 12.262792]",2020-01-24,2026-01-22,S2B_T43PGP_20200124T052518_L2A,S2B_T43PGP_20260122T052254_L2A,EPSG:32643,MGRS-43PGP,change,seasonal,images/karnataka_032_r1c0
karnataka_032_r2c0,karnataka_032,train,test,no_change,human,,Karnataka,deccan,12.228,77.13219,"[77.120334, 12.21634, 77.144039, 12.239657]",2020-01-24,2026-01-22,S2B_T43PGP_20200124T052518_L2A,S2B_T43PGP_20260122T052254_L2A,EPSG:32643,MGRS-43PGP,change,seasonal,images/karnataka_032_r2c0
karnataka_032_r3c0,karnataka_032,train,test,no_change,human,,Karnataka,deccan,12.20486,77.132,"[77.12015, 12.193206, 77.143853, 12.216523]",2020-01-24,2026-01-22,S2B_T43PGP_20200124T052518_L2A,S2B_T43PGP_20260122T052254_L2A,EPSG:32643,MGRS-43PGP,change,seasonal,images/karnataka_032_r3c0
karnataka_041_r0c3,karnataka_041,train,test,seasonal,human,,Karnataka,deccan,14.27608,75.01001,"[74.998146, 14.264508, 75.021881, 14.287656]",2020-01-22,2026-01-20,S2A_T43PDR_20200122T052733_L2A,S2C_T43PDR_20260120T052945_L2A,EPSG:32643,MGRS-43PDR,seasonal,change,images/karnataka_041_r0c3
karnataka_041_r1c2,karnataka_041,train,test,change,human,,Karnataka,deccan,14.25294,74.98628,"[74.974413, 14.241361, 74.998146, 14.264509]",2020-01-22,2026-01-20,S2A_T43PDR_20200122T052733_L2A,S2C_T43PDR_20260120T052945_L2A,EPSG:32643,MGRS-43PDR,change,change,images/karnataka_041_r1c2
karnataka_041_r1c3,karnataka_041,train,test,no_change,automatic,,Karnataka,deccan,14.25294,75.01001,"[74.998146, 14.241361, 75.021879, 14.264509]",2020-01-22,2026-01-20,S2A_T43PDR_20200122T052733_L2A,S2C_T43PDR_20260120T052945_L2A,EPSG:32643,MGRS-43PDR,seasonal,seasonal,images/karnataka_041_r1c3
karnataka_041_r2c0,karnataka_041,train,test,no_change,human,,Karnataka,deccan,14.22978,74.93882,"[74.926954, 14.218204, 74.95069, 14.241357]",2020-01-22,2026-01-20,S2A_T43PDR_20200122T052733_L2A,S2C_T43PDR_20260120T052945_L2A,EPSG:32643,MGRS-43PDR,change,seasonal,images/karnataka_041_r2c0
karnataka_041_r2c1,karnataka_041,train,test,no_change,human,,Karnataka,deccan,14.22979,74.96255,"[74.950685, 14.21821, 74.974418, 14.241361]",2020-01-22,2026-01-20,S2A_T43PDR_20200122T052733_L2A,S2C_T43PDR_20260120T052945_L2A,EPSG:32643,MGRS-43PDR,change,seasonal,images/karnataka_041_r2c1
karnataka_041_r3c1,karnataka_041,train,test,change,automatic,A new large building complex has appeared on the middle-left edge amid plantations.,Karnataka,deccan,14.20664,74.96256,"[74.95069, 14.195063, 74.974421, 14.218213]",2020-01-22,2026-01-20,S2A_T43PDR_20200122T052733_L2A,S2C_T43PDR_20260120T052945_L2A,EPSG:32643,MGRS-43PDR,change,change,images/karnataka_041_r3c1
karnataka_041_r3c2,karnataka_041,train,test,seasonal,automatic,,Karnataka,deccan,14.20664,74.98628,"[74.974418, 14.195066, 74.998146, 14.218215]",2020-01-22,2026-01-20,S2A_T43PDR_20200122T052733_L2A,S2C_T43PDR_20260120T052945_L2A,EPSG:32643,MGRS-43PDR,seasonal,seasonal,images/karnataka_041_r3c2
karnataka_t1_005_r0c0,karnataka_t1_005,train,test,seasonal,automatic,,Karnataka,deccan,18.13439,77.28912,"[77.276877, 18.122681, 77.301359, 18.146089]",2020-03-22,2026-03-21,S2A_T43QGA_20200322T052349_L2A,S2C_T43QGA_20260321T053248_L2A,EPSG:32643,MGRS-43QGA,seasonal,seasonal,images/karnataka_t1_005_r0c0
karnataka_t1_005_r0c2,karnataka_t1_005,train,test,seasonal,automatic,,Karnataka,deccan,18.1338,77.33748,"[77.325236, 18.122097, 77.349723, 18.14551]",2020-03-22,2026-03-21,S2A_T43QGA_20200322T052349_L2A,S2C_T43QGA_20260321T053248_L2A,EPSG:32643,MGRS-43QGA,seasonal,seasonal,images/karnataka_t1_005_r0c2
karnataka_t1_005_r0c3,karnataka_t1_005,train,test,seasonal,human,,Karnataka,deccan,18.13351,77.36166,"[77.349414, 18.121801, 77.373905, 18.145216]",2020-03-22,2026-03-21,S2A_T43QGA_20200322T052349_L2A,S2C_T43QGA_20260321T053248_L2A,EPSG:32643,MGRS-43QGA,change,change,images/karnataka_t1_005_r0c3
karnataka_t1_005_r1c3,karnataka_t1_005,train,test,seasonal,human,,Karnataka,deccan,18.11039,77.36135,"[77.349106, 18.098682, 77.373593, 18.122097]",2020-03-22,2026-03-21,S2A_T43QGA_20200322T052349_L2A,S2C_T43QGA_20260321T053248_L2A,EPSG:32643,MGRS-43QGA,change,seasonal,images/karnataka_t1_005_r1c3
karnataka_t1_005_r2c2,karnataka_t1_005,train,test,change,human,,Karnataka,deccan,18.08757,77.33687,"[77.324626, 18.075859, 77.349106, 18.099271]",2020-03-22,2026-03-21,S2A_T43QGA_20200322T052349_L2A,S2C_T43QGA_20260321T053248_L2A,EPSG:32643,MGRS-43QGA,change,seasonal,images/karnataka_t1_005_r2c2
karnataka_t1_005_r2c3,karnataka_t1_005,train,test,seasonal,automatic,,Karnataka,deccan,18.08727,77.36104,"[77.348798, 18.075563, 77.373281, 18.098978]",2020-03-22,2026-03-21,S2A_T43QGA_20200322T052349_L2A,S2C_T43QGA_20260321T053248_L2A,EPSG:32643,MGRS-43QGA,seasonal,seasonal,images/karnataka_t1_005_r2c3
karnataka_t1_005_r3c0,karnataka_t1_005,train,test,seasonal,automatic,,Karnataka,deccan,18.06502,77.28822,"[77.275982, 18.053322, 77.300453, 18.076728]",2020-03-22,2026-03-21,S2A_T43QGA_20200322T052349_L2A,S2C_T43QGA_20260321T053248_L2A,EPSG:32643,MGRS-43QGA,seasonal,seasonal,images/karnataka_t1_005_r3c0
karnataka_t1_005_r3c2,karnataka_t1_005,train,test,no_change,human,,Karnataka,deccan,18.06445,77.33656,"[77.324321, 18.05274, 77.348798, 18.076152]",2020-03-22,2026-03-21,S2A_T43QGA_20200322T052349_L2A,S2C_T43QGA_20260321T053248_L2A,EPSG:32643,MGRS-43QGA,change,seasonal,images/karnataka_t1_005_r3c2
karnataka_t1_005_r3c3,karnataka_t1_005,train,test,seasonal,automatic,,Karnataka,deccan,18.06415,77.36073,"[77.348491, 18.052445, 77.37297, 18.075859]",2020-03-22,2026-03-21,S2A_T43QGA_20200322T052349_L2A,S2C_T43QGA_20260321T053248_L2A,EPSG:32643,MGRS-43QGA,seasonal,seasonal,images/karnataka_t1_005_r3c3
karnataka_t1_040_r0c3,karnataka_t1_040,train,test,no_change,human,,Karnataka,deccan,15.35991,76.58752,"[76.575509, 15.34826, 76.599527, 15.371565]",2020-01-22,2026-01-20,S2A_T43PFS_20200122T052733_L2A,S2C_T43PFS_20260120T052945_L2A,EPSG:32643,MGRS-43PFS,change,seasonal,images/karnataka_t1_040_r0c3
karnataka_t1_040_r2c0,karnataka_t1_040,train,test,cant_tell,automatic,,Karnataka,deccan,15.31414,76.51565,"[76.50365, 15.302488, 76.527655, 15.325786]",2020-01-22,2026-01-20,S2A_T43PFS_20200122T052733_L2A,S2C_T43PFS_20260120T052945_L2A,EPSG:32643,MGRS-43PFS,seasonal,seasonal,images/karnataka_t1_040_r2c0
karnataka_t1_040_r3c1,karnataka_t1_040,train,test,seasonal,human,,Karnataka,deccan,15.29084,76.53932,"[76.52732, 15.279188, 76.551325, 15.302488]",2020-01-22,2026-01-20,S2A_T43PFS_20200122T052733_L2A,S2C_T43PFS_20260120T052945_L2A,EPSG:32643,MGRS-43PFS,change,change,images/karnataka_t1_040_r3c1
karnataka_t1_040_r3c2,karnataka_t1_040,train,test,no_change,human,,Karnataka,deccan,15.29067,76.56316,"[76.551155, 15.279021, 76.575162, 15.302324]",2020-01-22,2026-01-20,S2A_T43PFS_20200122T052733_L2A,S2C_T43PFS_20260120T052945_L2A,EPSG:32643,MGRS-43PFS,change,change,images/karnataka_t1_040_r3c2
karnataka_t1_040_r3c3,karnataka_t1_040,train,test,seasonal,human,,Karnataka,deccan,15.2905,76.58699,"[76.574989, 15.278852, 76.598999, 15.302157]",2020-01-22,2026-01-20,S2A_T43PFS_20200122T052733_L2A,S2C_T43PFS_20260120T052945_L2A,EPSG:32643,MGRS-43PFS,change,seasonal,images/karnataka_t1_040_r3c3
kerala_005_r1c1,kerala_005,train,test,no_change,human,,Kerala,south_islands,9.26556,76.41147,"[76.399769, 9.253945, 76.423163, 9.277184]",2019-12-30,2025-12-28,S2A_T43PFL_20191230T051920_L2A,S2C_T43PFL_20251228T052411_L2A,EPSG:32643,MGRS-43PFL,change,seasonal,images/kerala_005_r1c1
kerala_005_r1c2,kerala_005,train,test,cant_tell,human,,Kerala,south_islands,9.26547,76.43477,"[76.42307, 9.253851, 76.446465, 9.277092]",2019-12-30,2025-12-28,S2A_T43PFL_20191230T051920_L2A,S2C_T43PFL_20251228T052411_L2A,EPSG:32643,MGRS-43PFL,change,seasonal,images/kerala_005_r1c2
kerala_005_r2c3,kerala_005,train,test,no_change,automatic,,Kerala,south_islands,9.24223,76.45797,"[76.446275, 9.230609, 76.46967, 9.253851]",2019-12-30,2025-12-28,S2A_T43PFL_20191230T051920_L2A,S2C_T43PFL_20251228T052411_L2A,EPSG:32643,MGRS-43PFL,seasonal,seasonal,images/kerala_005_r2c3
kerala_t1_008_r2c1,kerala_t1_008,train,test,cant_tell,human,,Kerala,south_islands,9.14863,76.69051,"[76.678811, 9.137001, 76.70221, 9.160255]",2020-01-09,2026-01-09,S2A_T43PFL_20200109T051844_L2A,S2A_T43PFL_20260109T052359_L2A,EPSG:32643,MGRS-43PFL,change,change,images/kerala_t1_008_r2c1
kerala_t1_008_r2c3,kerala_t1_008,train,test,no_change,human,,Kerala,south_islands,9.14841,76.73709,"[76.725389, 9.13678, 76.748792, 9.160036]",2020-01-09,2026-01-09,S2A_T43PFL_20200109T051844_L2A,S2A_T43PFL_20260109T052359_L2A,EPSG:32643,MGRS-43PFL,change,seasonal,images/kerala_t1_008_r2c3
kerala_t1_008_r3c1,kerala_t1_008,train,test,no_change,human,,Kerala,south_islands,9.12548,76.6904,"[76.678702, 9.113856, 76.7021, 9.13711]",2020-01-09,2026-01-09,S2A_T43PFL_20200109T051844_L2A,S2A_T43PFL_20260109T052359_L2A,EPSG:32643,MGRS-43PFL,change,change,images/kerala_t1_008_r3c1
kerala_t1_008_r3c3,kerala_t1_008,train,test,cant_tell,human,,Kerala,south_islands,9.12526,76.73698,"[76.725278, 9.113636, 76.748678, 9.136891]",2020-01-09,2026-01-09,S2A_T43PFL_20200109T051844_L2A,S2A_T43PFL_20260109T052359_L2A,EPSG:32643,MGRS-43PFL,change,seasonal,images/kerala_t1_008_r3c3
ladakh_023_r0c1,ladakh_023,train,test,no_change,automatic,,Ladakh,himalaya,33.56769,77.41619,"[77.402092, 33.555888, 77.430293, 33.579496]",2019-10-22,2025-09-27,S2B_T43SGT_20191022T053557_L2A,S2A_T43SGT_20250927T053913_L2A,EPSG:32643,MGRS-43SGT,seasonal,seasonal,images/ladakh_023_r0c1
ladakh_023_r0c2,ladakh_023,train,test,no_change,automatic,,Ladakh,himalaya,33.56715,77.44375,"[77.429647, 33.555344, 77.457854, 33.578958]",2019-10-22,2025-09-27,S2B_T43SGT_20191022T053557_L2A,S2A_T43SGT_20250927T053913_L2A,EPSG:32643,MGRS-43SGT,seasonal,seasonal,images/ladakh_023_r0c2
ladakh_023_r1c1,ladakh_023,train,test,no_change,automatic,,Ladakh,himalaya,33.54462,77.41555,"[77.401454, 33.532819, 77.429647, 33.556426]",2019-10-22,2025-09-27,S2B_T43SGT_20191022T053557_L2A,S2A_T43SGT_20250927T053913_L2A,EPSG:32643,MGRS-43SGT,seasonal,seasonal,images/ladakh_023_r1c1
ladakh_023_r1c2,ladakh_023,train,test,no_change,automatic,,Ladakh,himalaya,33.54408,77.4431,"[77.429001, 33.532275, 77.4572, 33.555888]",2019-10-22,2025-09-27,S2B_T43SGT_20191022T053557_L2A,S2A_T43SGT_20250927T053913_L2A,EPSG:32643,MGRS-43SGT,seasonal,seasonal,images/ladakh_023_r1c2
ladakh_023_r1c3,ladakh_023,train,test,no_change,automatic,,Ladakh,himalaya,33.54353,77.47065,"[77.456547, 33.531726, 77.484753, 33.555344]",2019-10-22,2025-09-27,S2B_T43SGT_20191022T053557_L2A,S2A_T43SGT_20250927T053913_L2A,EPSG:32643,MGRS-43SGT,seasonal,seasonal,images/ladakh_023_r1c3
ladakh_023_r2c0,ladakh_023,train,test,no_change,automatic,,Ladakh,himalaya,33.52209,77.38737,"[77.373276, 33.510287, 77.401454, 33.533888]",2019-10-22,2025-09-27,S2B_T43SGT_20191022T053557_L2A,S2A_T43SGT_20250927T053913_L2A,EPSG:32643,MGRS-43SGT,seasonal,seasonal,images/ladakh_023_r2c0
ladakh_023_r2c1,ladakh_023,train,test,no_change,human,,Ladakh,himalaya,33.52155,77.41491,"[77.400816, 33.50975, 77.429001, 33.533357]",2019-10-22,2025-09-27,S2B_T43SGT_20191022T053557_L2A,S2A_T43SGT_20250927T053913_L2A,EPSG:32643,MGRS-43SGT,seasonal,seasonal,images/ladakh_023_r2c1
ladakh_023_r2c3,ladakh_023,train,test,no_change,automatic,,Ladakh,himalaya,33.52047,77.46999,"[77.455894, 33.508657, 77.484092, 33.532275]",2019-10-22,2025-09-27,S2B_T43SGT_20191022T053557_L2A,S2A_T43SGT_20250927T053913_L2A,EPSG:32643,MGRS-43SGT,seasonal,seasonal,images/ladakh_023_r2c3
ladakh_023_r3c3,ladakh_023,train,test,no_change,automatic,,Ladakh,himalaya,33.4974,77.46934,"[77.455243, 33.485589, 77.483432, 33.509206]",2019-10-22,2025-09-27,S2B_T43SGT_20191022T053557_L2A,S2A_T43SGT_20250927T053913_L2A,EPSG:32643,MGRS-43SGT,seasonal,seasonal,images/ladakh_023_r3c3
ladakh_t1_021_r0c3,ladakh_t1_021,train,test,no_change,automatic,,Ladakh,himalaya,33.31539,77.24424,"[77.230207, 33.303604, 77.25828, 33.327174]",2019-10-10,2025-09-30,S2A_T43SGS_20191010T054917_L2A,S2B_T43SGS_20250930T053738_L2A,EPSG:32643,MGRS-43SGS,seasonal,seasonal,images/ladakh_t1_021_r0c3
ladakh_t1_021_r1c1,ladakh_t1_021,train,test,no_change,automatic,,Ladakh,himalaya,33.2933,77.1887,"[77.174677, 33.281517, 77.202729, 33.305075]",2019-10-10,2025-09-30,S2A_T43SGS_20191010T054917_L2A,S2B_T43SGS_20250930T053738_L2A,EPSG:32643,MGRS-43SGS,seasonal,seasonal,images/ladakh_t1_021_r1c1
ladakh_t1_021_r1c2,ladakh_t1_021,train,test,no_change,automatic,,Ladakh,himalaya,33.29281,77.21618,"[77.202149, 33.281027, 77.230207, 33.304591]",2019-10-10,2025-09-30,S2A_T43SGS_20191010T054917_L2A,S2B_T43SGS_20250930T053738_L2A,EPSG:32643,MGRS-43SGS,seasonal,seasonal,images/ladakh_t1_021_r1c2
ladakh_t1_021_r3c3,ladakh_t1_021,train,test,no_change,automatic,,Ladakh,himalaya,33.24617,77.24247,"[77.228447, 33.234385, 77.256497, 33.257954]",2019-10-10,2025-09-30,S2A_T43SGS_20191010T054917_L2A,S2B_T43SGS_20250930T053738_L2A,EPSG:32643,MGRS-43SGS,seasonal,seasonal,images/ladakh_t1_021_r3c3
ladakh_t1_023_r0c0,ladakh_t1_023,train,test,no_change,human,,Ladakh,himalaya,35.04598,75.46294,"[75.448836, 35.034383, 75.477036, 35.057574]",2019-09-10,2025-09-13,S2A_T43SEU_20190910T053640_L2A,S2B_T43SEU_20250913T054555_L2A,EPSG:32643,MGRS-43SEU,change,seasonal,images/ladakh_t1_023_r0c0
ladakh_t1_023_r1c3,ladakh_t1_023,train,test,no_change,automatic,,Ladakh,himalaya,35.02254,75.54699,"[75.532881, 35.01094, 75.561096, 35.03415]",2019-09-10,2025-09-13,S2A_T43SEU_20190910T053640_L2A,S2B_T43SEU_20250913T054555_L2A,EPSG:32643,MGRS-43SEU,seasonal,seasonal,images/ladakh_t1_023_r1c3
ladakh_t1_023_r2c2,ladakh_t1_023,train,test,seasonal,human,,Ladakh,himalaya,34.99958,75.51878,"[75.504683, 34.987983, 75.532881, 35.011186]",2019-09-10,2025-09-13,S2A_T43SEU_20190910T053640_L2A,S2B_T43SEU_20250913T054555_L2A,EPSG:32643,MGRS-43SEU,change,seasonal,images/ladakh_t1_023_r2c2
ladakh_t1_023_r3c2,ladakh_t1_023,train,test,no_change,automatic,,Ladakh,himalaya,34.9765,75.51864,"[75.504541, 34.964899, 75.532732, 34.988103]",2019-09-10,2025-09-13,S2A_T43SEU_20190910T053640_L2A,S2B_T43SEU_20250913T054555_L2A,EPSG:32643,MGRS-43SEU,seasonal,seasonal,images/ladakh_t1_023_r3c2
ladakh_t1_023_r3c3,ladakh_t1_023,train,test,no_change,human,,Ladakh,himalaya,34.97638,75.54668,"[75.532582, 34.964773, 75.560781, 34.987983]",2019-09-10,2025-09-13,S2A_T43SEU_20190910T053640_L2A,S2B_T43SEU_20250913T054555_L2A,EPSG:32643,MGRS-43SEU,change,seasonal,images/ladakh_t1_023_r3c3
ladakh_t1_036_r0c1,ladakh_t1_036,train,test,no_change,automatic,,Ladakh,himalaya,35.57475,76.05926,"[76.044983, 35.563087, 76.073535, 35.586414]",2019-09-25,2025-09-28,S2B_T43SEV_20190925T054354_L2A,S2C_T43SEV_20250928T054804_L2A,EPSG:32643,MGRS-43SEV,seasonal,seasonal,images/ladakh_t1_036_r0c1
ladakh_t1_036_r0c3,ladakh_t1_036,train,test,no_change,automatic,,Ladakh,himalaya,35.57424,76.11576,"[76.101471, 35.562571, 76.130039, 35.58591]",2019-09-25,2025-09-28,S2B_T43SEV_20190925T054354_L2A,S2C_T43SEV_20250928T054804_L2A,EPSG:32643,MGRS-43SEV,seasonal,seasonal,images/ladakh_t1_036_r0c3
ladakh_t1_036_r1c2,ladakh_t1_036,train,test,no_change,automatic,,Ladakh,himalaya,35.55142,76.0872,"[76.07292, 35.539754, 76.101471, 35.563087]",2019-09-25,2025-09-28,S2B_T43SEV_20190925T054354_L2A,S2C_T43SEV_20250928T054804_L2A,EPSG:32643,MGRS-43SEV,seasonal,seasonal,images/ladakh_t1_036_r1c2
ladakh_t1_036_r1c3,ladakh_t1_036,train,test,no_change,automatic,,Ladakh,himalaya,35.55116,76.11544,"[76.101156, 35.539493, 76.129715, 35.562832]",2019-09-25,2025-09-28,S2B_T43SEV_20190925T054354_L2A,S2C_T43SEV_20250928T054804_L2A,EPSG:32643,MGRS-43SEV,seasonal,seasonal,images/ladakh_t1_036_r1c3
ladakh_t1_036_r2c2,ladakh_t1_036,train,test,no_change,automatic,,Ladakh,himalaya,35.52834,76.08688,"[76.072613, 35.516676, 76.101156, 35.540009]",2019-09-25,2025-09-28,S2B_T43SEV_20190925T054354_L2A,S2C_T43SEV_20250928T054804_L2A,EPSG:32643,MGRS-43SEV,seasonal,seasonal,images/ladakh_t1_036_r2c2
ladakh_t1_036_r2c3,ladakh_t1_036,train,test,no_change,automatic,,Ladakh,himalaya,35.52808,76.11512,"[76.10084, 35.516415, 76.129391, 35.539754]",2019-09-25,2025-09-28,S2B_T43SEV_20190925T054354_L2A,S2C_T43SEV_20250928T054804_L2A,EPSG:32643,MGRS-43SEV,seasonal,seasonal,images/ladakh_t1_036_r2c3
ladakh_t1_036_r3c3,ladakh_t1_036,train,test,no_change,automatic,,Ladakh,himalaya,35.50501,76.1148,"[76.100525, 35.493336, 76.129068, 35.516676]",2019-09-25,2025-09-28,S2B_T43SEV_20190925T054354_L2A,S2C_T43SEV_20250928T054804_L2A,EPSG:32643,MGRS-43SEV,seasonal,seasonal,images/ladakh_t1_036_r3c3
madhya_pradesh_006_r0c0,madhya_pradesh_006,train,test,no_change,automatic,,Madhya Pradesh,central_east,25.64217,76.82489,"[76.811971, 25.630455, 76.837812, 25.65388]",2020-03-05,2026-03-06,S2A_T43RFJ_20200305T053544_L2A,S2A_T43RFJ_20260306T053952_L2A,EPSG:32643,MGRS-43RFJ,seasonal,seasonal,images/madhya_pradesh_006_r0c0
madhya_pradesh_006_r0c1,madhya_pradesh_006,train,test,no_change,automatic,,Madhya Pradesh,central_east,25.64185,76.85038,"[76.837458, 25.630132, 76.863305, 25.653561]",2020-03-05,2026-03-06,S2A_T43RFJ_20200305T053544_L2A,S2A_T43RFJ_20260306T053952_L2A,EPSG:32643,MGRS-43RFJ,seasonal,seasonal,images/madhya_pradesh_006_r0c1
madhya_pradesh_006_r0c2,madhya_pradesh_006,train,test,no_change,human,,Madhya Pradesh,central_east,25.64152,76.87587,"[76.862946, 25.629805, 76.888797, 25.653238]",2020-03-05,2026-03-06,S2A_T43RFJ_20200305T053544_L2A,S2A_T43RFJ_20260306T053952_L2A,EPSG:32643,MGRS-43RFJ,seasonal,seasonal,images/madhya_pradesh_006_r0c2
madhya_pradesh_006_r0c3,madhya_pradesh_006,train,test,no_change,automatic,,Madhya Pradesh,central_east,25.64119,76.90136,"[76.888433, 25.629473, 76.914288, 25.65291]",2020-03-05,2026-03-06,S2A_T43RFJ_20200305T053544_L2A,S2A_T43RFJ_20260306T053952_L2A,EPSG:32643,MGRS-43RFJ,seasonal,seasonal,images/madhya_pradesh_006_r0c3
madhya_pradesh_006_r1c0,madhya_pradesh_006,train,test,change,automatic,The village in the centre has grown into a dense cluster of buildings across the surrounding fields,Madhya Pradesh,central_east,25.61906,76.82454,"[76.811622, 25.60735, 76.837458, 25.630774]",2020-03-05,2026-03-06,S2A_T43RFJ_20200305T053544_L2A,S2A_T43RFJ_20260306T053952_L2A,EPSG:32643,MGRS-43RFJ,change,change,images/madhya_pradesh_006_r1c0
madhya_pradesh_006_r1c2,madhya_pradesh_006,train,test,no_change,automatic,,Madhya Pradesh,central_east,25.61842,76.87551,"[76.862588, 25.6067, 76.888433, 25.630132]",2020-03-05,2026-03-06,S2A_T43RFJ_20200305T053544_L2A,S2A_T43RFJ_20260306T053952_L2A,EPSG:32643,MGRS-43RFJ,seasonal,seasonal,images/madhya_pradesh_006_r1c2
madhya_pradesh_006_r1c3,madhya_pradesh_006,train,test,no_change,automatic,,Madhya Pradesh,central_east,25.61809,76.90099,"[76.88807, 25.606369, 76.91392, 25.629805]",2020-03-05,2026-03-06,S2A_T43RFJ_20200305T053544_L2A,S2A_T43RFJ_20260306T053952_L2A,EPSG:32643,MGRS-43RFJ,seasonal,seasonal,images/madhya_pradesh_006_r1c3
madhya_pradesh_006_r2c0,madhya_pradesh_006,train,test,no_change,automatic,,Madhya Pradesh,central_east,25.59596,76.82419,"[76.811274, 25.584244, 76.837105, 25.607668]",2020-03-05,2026-03-06,S2A_T43RFJ_20200305T053544_L2A,S2A_T43RFJ_20260306T053952_L2A,EPSG:32643,MGRS-43RFJ,seasonal,seasonal,images/madhya_pradesh_006_r2c0
madhya_pradesh_056_r0c1,madhya_pradesh_056,train,test,change,automatic,A new industrial complex with large white sheds and a grid of new roads has been built in the centre,Madhya Pradesh,central_east,23.38815,77.39476,"[77.382033, 23.376404, 77.407479, 23.399892]",2020-02-11,2026-02-09,S2A_T43QGF_20200211T052916_L2A,S2C_T43QGF_20260209T052945_L2A,EPSG:32643,MGRS-43QGF,change,change,images/madhya_pradesh_056_r0c1
madhya_pradesh_056_r0c3,madhya_pradesh_056,train,test,no_change,human,,Madhya Pradesh,central_east,23.38737,77.44482,"[77.432089, 23.375625, 77.457543, 23.39912]",2020-02-11,2026-02-09,S2A_T43QGF_20200211T052916_L2A,S2C_T43QGF_20260209T052945_L2A,EPSG:32643,MGRS-43QGF,change,change,images/madhya_pradesh_056_r0c3
madhya_pradesh_056_r1c0,madhya_pradesh_056,train,test,change,automatic,The industrial estate has filled in with many new factory buildings on the laid-out plots north of the road,Madhya Pradesh,central_east,23.36543,77.36931,"[77.356596, 23.353683, 77.382033, 23.377167]",2020-02-11,2026-02-09,S2A_T43QGF_20200211T052916_L2A,S2C_T43QGF_20260209T052945_L2A,EPSG:32643,MGRS-43QGF,change,change,images/madhya_pradesh_056_r1c0
madhya_pradesh_056_r1c1,madhya_pradesh_056,train,test,change,automatic,New buildings appear along the roads north-east of the town centre,Madhya Pradesh,central_east,23.36504,77.39434,"[77.381621, 23.3533, 77.407062, 23.376788]",2020-02-11,2026-02-09,S2A_T43QGF_20200211T052916_L2A,S2C_T43QGF_20260209T052945_L2A,EPSG:32643,MGRS-43QGF,change,change,images/madhya_pradesh_056_r1c1
madhya_pradesh_056_r1c3,madhya_pradesh_056,train,test,no_change,human,,Madhya Pradesh,central_east,23.36427,77.44439,"[77.431668, 23.352522, 77.457116, 23.376017]",2020-02-11,2026-02-09,S2A_T43QGF_20200211T052916_L2A,S2C_T43QGF_20260209T052945_L2A,EPSG:32643,MGRS-43QGF,change,change,images/madhya_pradesh_056_r1c3
madhya_pradesh_056_r3c0,madhya_pradesh_056,train,test,change,human,,Madhya Pradesh,central_east,23.31922,77.36849,"[77.355781, 23.307474, 77.381208, 23.330957]",2020-02-11,2026-02-09,S2A_T43QGF_20200211T052916_L2A,S2C_T43QGF_20260209T052945_L2A,EPSG:32643,MGRS-43QGF,change,change,images/madhya_pradesh_056_r3c0
madhya_pradesh_056_r3c1,madhya_pradesh_056,train,test,change,automatic,New bright rectangular buildings have appeared among the fields south of the centre,Madhya Pradesh,central_east,23.31883,77.39351,"[77.380797, 23.307092, 77.406228, 23.330578]",2020-02-11,2026-02-09,S2A_T43QGF_20200211T052916_L2A,S2C_T43QGF_20260209T052945_L2A,EPSG:32643,MGRS-43QGF,change,change,images/madhya_pradesh_056_r3c1
madhya_pradesh_056_r3c2,madhya_pradesh_056,train,test,change,automatic,"The town has expanded across the top of the image, with new built-up areas replacing farmland.",Madhya Pradesh,central_east,23.31845,77.41853,"[77.405812, 23.306706, 77.431247, 23.330196]",2020-02-11,2026-02-09,S2A_T43QGF_20200211T052916_L2A,S2C_T43QGF_20260209T052945_L2A,EPSG:32643,MGRS-43QGF,change,change,images/madhya_pradesh_056_r3c2
madhya_pradesh_062_r0c0,madhya_pradesh_062,train,test,cant_tell,human,,Madhya Pradesh,central_east,22.83747,78.88716,"[78.874514, 22.825749, 78.899804, 22.84919]",2020-01-12,2026-01-10,S2A_T44QKL_20200112T052758_L2A,S2C_T44QKL_20260110T053202_L2A,EPSG:32644,MGRS-44QKL,seasonal,seasonal,images/madhya_pradesh_062_r0c0
madhya_pradesh_062_r0c1,madhya_pradesh_062,train,test,seasonal,automatic,,Madhya Pradesh,central_east,22.8378,78.91209,"[78.899449, 22.82608, 78.924736, 22.849517]",2020-01-12,2026-01-10,S2A_T44QKL_20200112T052758_L2A,S2C_T44QKL_20260110T053202_L2A,EPSG:32644,MGRS-44QKL,seasonal,seasonal,images/madhya_pradesh_062_r0c1
madhya_pradesh_062_r1c1,madhya_pradesh_062,train,test,seasonal,automatic,,Madhya Pradesh,central_east,22.81469,78.91244,"[78.899804, 22.802969, 78.925086, 22.826407]",2020-01-12,2026-01-10,S2A_T44QKL_20200112T052758_L2A,S2C_T44QKL_20260110T053202_L2A,EPSG:32644,MGRS-44QKL,seasonal,seasonal,images/madhya_pradesh_062_r1c1
madhya_pradesh_062_r1c3,madhya_pradesh_062,train,test,seasonal,human,,Madhya Pradesh,central_east,22.81533,78.96231,"[78.949668, 22.803618, 78.974942, 22.827049]",2020-01-12,2026-01-10,S2A_T44QKL_20200112T052758_L2A,S2C_T44QKL_20260110T053202_L2A,EPSG:32644,MGRS-44QKL,change,seasonal,images/madhya_pradesh_062_r1c3
madhya_pradesh_062_r2c2,madhya_pradesh_062,train,test,seasonal,human,,Madhya Pradesh,central_east,22.7919,78.93772,"[78.925086, 22.780185, 78.95036, 22.803618]",2020-01-12,2026-01-10,S2A_T44QKL_20200112T052758_L2A,S2C_T44QKL_20260110T053202_L2A,EPSG:32644,MGRS-44QKL,change,seasonal,images/madhya_pradesh_062_r2c2
madhya_pradesh_062_r3c0,madhya_pradesh_062,train,test,no_change,automatic,,Madhya Pradesh,central_east,22.76814,78.88823,"[78.87559, 22.756418, 78.900866, 22.779859]",2020-01-12,2026-01-10,S2A_T44QKL_20200112T052758_L2A,S2C_T44QKL_20260110T053202_L2A,EPSG:32644,MGRS-44QKL,seasonal,seasonal,images/madhya_pradesh_062_r3c0
madhya_pradesh_062_r3c3,madhya_pradesh_062,train,test,no_change,automatic,,Madhya Pradesh,central_east,22.76911,78.96299,"[78.95036, 22.757395, 78.975625, 22.780825]",2020-01-12,2026-01-10,S2A_T44QKL_20200112T052758_L2A,S2C_T44QKL_20260110T053202_L2A,EPSG:32644,MGRS-44QKL,seasonal,seasonal,images/madhya_pradesh_062_r3c3
madhya_pradesh_066_r0c0,madhya_pradesh_066,train,test,change,human,,Madhya Pradesh,central_east,22.59533,75.21151,"[75.19904, 22.583755, 75.223982, 22.606914]",2020-02-24,2026-02-22,S2A_T43QEE_20200224T054233_L2A,S2C_T43QEE_20260222T053952_L2A,EPSG:32643,MGRS-43QEE,seasonal,seasonal,images/madhya_pradesh_066_r0c0
madhya_pradesh_066_r0c1,madhya_pradesh_066,train,test,seasonal,automatic,,Madhya Pradesh,central_east,22.5953,75.23642,"[75.223945, 22.583718, 75.24889, 22.606881]",2020-02-24,2026-02-22,S2A_T43QEE_20200224T054233_L2A,S2C_T43QEE_20260222T053952_L2A,EPSG:32643,MGRS-43QEE,seasonal,seasonal,images/madhya_pradesh_066_r0c1
madhya_pradesh_066_r0c2,madhya_pradesh_066,train,test,change,human,,Madhya Pradesh,central_east,22.59526,75.26132,"[75.248849, 22.583677, 75.273799, 22.606845]",2020-02-24,2026-02-22,S2A_T43QEE_20200224T054233_L2A,S2C_T43QEE_20260222T053952_L2A,EPSG:32643,MGRS-43QEE,change,seasonal,images/madhya_pradesh_066_r0c2
madhya_pradesh_066_r1c0,madhya_pradesh_066,train,test,seasonal,automatic,,Madhya Pradesh,central_east,22.57221,75.21148,"[75.199007, 22.560628, 75.223945, 22.583787]",2020-02-24,2026-02-22,S2A_T43QEE_20200224T054233_L2A,S2C_T43QEE_20260222T053952_L2A,EPSG:32643,MGRS-43QEE,seasonal,seasonal,images/madhya_pradesh_066_r1c0
madhya_pradesh_066_r1c1,madhya_pradesh_066,train,test,change,automatic,The town has expanded with new buildings to the east and south,Madhya Pradesh,central_east,22.57217,75.23638,"[75.223907, 22.560591, 75.248849, 22.583755]",2020-02-24,2026-02-22,S2A_T43QEE_20200224T054233_L2A,S2C_T43QEE_20260222T053952_L2A,EPSG:32643,MGRS-43QEE,change,change,images/madhya_pradesh_066_r1c1
madhya_pradesh_066_r1c3,madhya_pradesh_066,train,test,change,automatic,New large buildings and paved compounds have appeared north of the lake in the centre,Madhya Pradesh,central_east,22.57209,75.28618,"[75.273707, 22.560507, 75.298657, 22.583677]",2020-02-24,2026-02-22,S2A_T43QEE_20200224T054233_L2A,S2C_T43QEE_20260222T053952_L2A,EPSG:32643,MGRS-43QEE,change,change,images/madhya_pradesh_066_r1c3
madhya_pradesh_066_r2c0,madhya_pradesh_066,train,test,change,human,,Madhya Pradesh,central_east,22.54908,75.21144,"[75.198974, 22.537501, 75.223907, 22.560661]",2020-02-24,2026-02-22,S2A_T43QEE_20200224T054233_L2A,S2C_T43QEE_20260222T053952_L2A,EPSG:32643,MGRS-43QEE,change,change,images/madhya_pradesh_066_r2c0
madhya_pradesh_066_r2c1,madhya_pradesh_066,train,test,seasonal,human,,Madhya Pradesh,central_east,22.54905,75.23634,"[75.22387, 22.537465, 75.248807, 22.560628]",2020-02-24,2026-02-22,S2A_T43QEE_20200224T054233_L2A,S2C_T43QEE_20260222T053952_L2A,EPSG:32643,MGRS-43QEE,change,change,images/madhya_pradesh_066_r2c1
madhya_pradesh_066_r2c2,madhya_pradesh_066,train,test,seasonal,human,,Madhya Pradesh,central_east,22.54901,75.26124,"[75.248766, 22.537424, 75.273707, 22.560591]",2020-02-24,2026-02-22,S2A_T43QEE_20200224T054233_L2A,S2C_T43QEE_20260222T053952_L2A,EPSG:32643,MGRS-43QEE,change,seasonal,images/madhya_pradesh_066_r2c2
madhya_pradesh_066_r2c3,madhya_pradesh_066,train,test,seasonal,human,,Madhya Pradesh,central_east,22.54897,75.28613,"[75.273662, 22.53738, 75.298607, 22.560551]",2020-02-24,2026-02-22,S2A_T43QEE_20200224T054233_L2A,S2C_T43QEE_20260222T053952_L2A,EPSG:32643,MGRS-43QEE,change,change,images/madhya_pradesh_066_r2c3
madhya_pradesh_066_r3c1,madhya_pradesh_066,train,test,seasonal,human,,Madhya Pradesh,central_east,22.52592,75.2363,"[75.223833, 22.514338, 75.248766, 22.537501]",2020-02-24,2026-02-22,S2A_T43QEE_20200224T054233_L2A,S2C_T43QEE_20260222T053952_L2A,EPSG:32643,MGRS-43QEE,change,seasonal,images/madhya_pradesh_066_r3c1
madhya_pradesh_066_r3c3,madhya_pradesh_066,train,test,seasonal,human,,Madhya Pradesh,central_east,22.52584,75.28609,"[75.273616, 22.514253, 75.298557, 22.537424]",2020-02-24,2026-02-22,S2A_T43QEE_20200224T054233_L2A,S2C_T43QEE_20260222T053952_L2A,EPSG:32643,MGRS-43QEE,change,change,images/madhya_pradesh_066_r3c3
madhya_pradesh_071_r0c0,madhya_pradesh_071,train,test,seasonal,automatic,,Madhya Pradesh,central_east,25.72603,77.4141,"[77.401118, 25.714273, 77.427083, 25.737792]",2020-01-12,2026-01-13,S2A_T43RGJ_20200112T052758_L2A,S2C_T43RGJ_20260113T053204_L2A,EPSG:32643,MGRS-43RGJ,seasonal,seasonal,images/madhya_pradesh_071_r0c0
madhya_pradesh_071_r2c2,madhya_pradesh_071,train,test,seasonal,human,,Madhya Pradesh,central_east,25.67899,77.46414,"[77.451163, 25.667223, 77.477126, 25.69075]",2020-01-12,2026-01-13,S2A_T43RGJ_20200112T052758_L2A,S2C_T43RGJ_20260113T053204_L2A,EPSG:32643,MGRS-43RGJ,change,seasonal,images/madhya_pradesh_071_r2c2
madhya_pradesh_071_r2c3,madhya_pradesh_071,train,test,cant_tell,human,,Madhya Pradesh,central_east,25.67855,77.48963,"[77.476648, 25.666788, 77.502615, 25.690319]",2020-01-12,2026-01-13,S2A_T43RGJ_20200112T052758_L2A,S2C_T43RGJ_20260113T053204_L2A,EPSG:32643,MGRS-43RGJ,change,change,images/madhya_pradesh_071_r2c3
madhya_pradesh_071_r3c0,madhya_pradesh_071,train,test,seasonal,human,,Madhya Pradesh,central_east,25.65674,77.4127,"[77.399729, 25.644983, 77.425677, 25.668501]",2020-01-12,2026-01-13,S2A_T43RGJ_20200112T052758_L2A,S2C_T43RGJ_20260113T053204_L2A,EPSG:32643,MGRS-43RGJ,seasonal,change,images/madhya_pradesh_071_r3c0
madhya_pradesh_071_r3c1,madhya_pradesh_071,train,test,seasonal,human,,Madhya Pradesh,central_east,25.65632,77.43819,"[77.42521, 25.644558, 77.451163, 25.66808]",2020-01-12,2026-01-13,S2A_T43RGJ_20200112T052758_L2A,S2C_T43RGJ_20260113T053204_L2A,EPSG:32643,MGRS-43RGJ,change,change,images/madhya_pradesh_071_r3c1
madhya_pradesh_071_r3c3,madhya_pradesh_071,train,test,seasonal,human,,Madhya Pradesh,central_east,25.65546,77.48915,"[77.476171, 25.643693, 77.502132, 25.667223]",2020-01-12,2026-01-13,S2A_T43RGJ_20200112T052758_L2A,S2C_T43RGJ_20260113T053204_L2A,EPSG:32643,MGRS-43RGJ,change,seasonal,images/madhya_pradesh_071_r3c3
madhya_pradesh_075_r0c3,madhya_pradesh_075,train,test,no_change,human,,Madhya Pradesh,central_east,21.69001,80.21853,"[80.206094, 21.678389, 80.230964, 21.701633]",2019-11-15,2025-11-13,S2B_T44QMJ_20191115T051852_L2A,S2B_T44QMJ_20251113T051911_L2A,EPSG:32644,MGRS-44QMJ,change,seasonal,images/madhya_pradesh_075_r0c3
madhya_pradesh_075_r2c2,madhya_pradesh_075,train,test,seasonal,human,,Madhya Pradesh,central_east,21.64364,80.19404,"[80.181607, 21.632015, 80.206473, 21.655262]",2019-11-15,2025-11-13,S2B_T44QMJ_20191115T051852_L2A,S2B_T44QMJ_20251113T051911_L2A,EPSG:32644,MGRS-44QMJ,change,seasonal,images/madhya_pradesh_075_r2c2
madhya_pradesh_075_r3c3,madhya_pradesh_075,train,test,seasonal,automatic,,Madhya Pradesh,central_east,21.62063,80.2189,"[80.206473, 21.609008, 80.231331, 21.632251]",2019-11-15,2025-11-13,S2B_T44QMJ_20191115T051852_L2A,S2B_T44QMJ_20251113T051911_L2A,EPSG:32644,MGRS-44QMJ,seasonal,seasonal,images/madhya_pradesh_075_r3c3
madhya_pradesh_082_r0c0,madhya_pradesh_082,train,test,no_change,human,,Madhya Pradesh,central_east,22.5001,80.03984,"[80.027322, 22.488469, 80.052367, 22.511741]",2020-02-18,2026-02-16,S2A_T44QMK_20200218T051826_L2A,S2C_T44QMK_20260216T051854_L2A,EPSG:32644,MGRS-44QMK,change,seasonal,images/madhya_pradesh_082_r0c0
madhya_pradesh_082_r0c1,madhya_pradesh_082,train,test,seasonal,automatic,,Madhya Pradesh,central_east,22.50025,80.06473,"[80.05221, 22.488617, 80.077251, 22.511886]",2020-02-18,2026-02-16,S2A_T44QMK_20200218T051826_L2A,S2C_T44QMK_20260216T051854_L2A,EPSG:32644,MGRS-44QMK,seasonal,seasonal,images/madhya_pradesh_082_r0c1
madhya_pradesh_082_r1c1,madhya_pradesh_082,train,test,no_change,human,,Madhya Pradesh,central_east,22.47713,80.06489,"[80.052367, 22.465493, 80.077404, 22.488761]",2020-02-18,2026-02-16,S2A_T44QMK_20200218T051826_L2A,S2C_T44QMK_20260216T051854_L2A,EPSG:32644,MGRS-44QMK,change,change,images/madhya_pradesh_082_r1c1
madhya_pradesh_082_r2c0,madhya_pradesh_082,train,test,seasonal,human,,Madhya Pradesh,central_east,22.45386,80.04016,"[80.027645, 22.442221, 80.052682, 22.465493]",2020-02-18,2026-02-16,S2A_T44QMK_20200218T051826_L2A,S2C_T44QMK_20260216T051854_L2A,EPSG:32644,MGRS-44QMK,change,change,images/madhya_pradesh_082_r2c0
madhya_pradesh_082_r2c1,madhya_pradesh_082,train,test,no_change,human,,Madhya Pradesh,central_east,22.454,80.06504,"[80.052525, 22.442369, 80.077557, 22.465637]",2020-02-18,2026-02-16,S2A_T44QMK_20200218T051826_L2A,S2C_T44QMK_20260216T051854_L2A,EPSG:32644,MGRS-44QMK,change,seasonal,images/madhya_pradesh_082_r2c1
madhya_pradesh_082_r2c3,madhya_pradesh_082,train,test,change,automatic,"A new pond has been dug south of the town, which has grown slightly",Madhya Pradesh,central_east,22.45428,80.1148,"[80.102285, 22.442653, 80.12731, 22.465914]",2020-02-18,2026-02-16,S2A_T44QMK_20200218T051826_L2A,S2C_T44QMK_20260216T051854_L2A,EPSG:32644,MGRS-44QMK,change,change,images/madhya_pradesh_082_r2c3
madhya_pradesh_082_r3c0,madhya_pradesh_082,train,test,no_change,automatic,,Madhya Pradesh,central_east,22.43073,80.04032,"[80.027806, 22.419097, 80.052839, 22.442369]",2020-02-18,2026-02-16,S2A_T44QMK_20200218T051826_L2A,S2C_T44QMK_20260216T051854_L2A,EPSG:32644,MGRS-44QMK,seasonal,seasonal,images/madhya_pradesh_082_r3c0
madhya_pradesh_082_r3c2,madhya_pradesh_082,train,test,change,automatic,"A curved road that was under construction has been completed, and settlement has expanded along the right side",Madhya Pradesh,central_east,22.43102,80.09007,"[80.077557, 22.419389, 80.102582, 22.442653]",2020-02-18,2026-02-16,S2A_T44QMK_20200218T051826_L2A,S2C_T44QMK_20260216T051854_L2A,EPSG:32644,MGRS-44QMK,change,change,images/madhya_pradesh_082_r3c2
madhya_pradesh_082_r3c3,madhya_pradesh_082,train,test,change,human,,Madhya Pradesh,central_east,22.43116,80.11494,"[80.102433, 22.419529, 80.127454, 22.44279]",2020-02-18,2026-02-16,S2A_T44QMK_20200218T051826_L2A,S2C_T44QMK_20260216T051854_L2A,EPSG:32644,MGRS-44QMK,change,seasonal,images/madhya_pradesh_082_r3c3
madhya_pradesh_t1_002_r0c3,madhya_pradesh_t1_002,train,test,seasonal,human,,Madhya Pradesh,central_east,23.03575,81.48704,"[81.474508, 23.024146, 81.499577, 23.047348]",2020-03-09,2026-03-10,S2A_T44QNL_20200309T050649_L2A,S2A_T44QNL_20260310T051808_L2A,EPSG:32644,MGRS-44QNL,change,seasonal,images/madhya_pradesh_t1_002_r0c3
madhya_pradesh_t1_002_r1c0,madhya_pradesh_t1_002,train,test,no_change,human,,Madhya Pradesh,central_east,23.01283,81.41201,"[81.399488, 23.00124, 81.42454, 23.02443]",2020-03-09,2026-03-10,S2A_T44QNL_20200309T050649_L2A,S2A_T44QNL_20260310T051808_L2A,EPSG:32644,MGRS-44QNL,change,seasonal,images/madhya_pradesh_t1_002_r1c0
madhya_pradesh_t1_002_r1c1,madhya_pradesh_t1_002,train,test,seasonal,human,,Madhya Pradesh,central_east,23.01277,81.437,"[81.424468, 23.001171, 81.449524, 23.024365]",2020-03-09,2026-03-10,S2A_T44QNL_20200309T050649_L2A,S2A_T44QNL_20260310T051808_L2A,EPSG:32644,MGRS-44QNL,change,seasonal,images/madhya_pradesh_t1_002_r1c1
madhya_pradesh_t1_002_r1c3,madhya_pradesh_t1_002,train,test,seasonal,human,,Madhya Pradesh,central_east,23.01262,81.48696,"[81.474427, 23.001021, 81.499492, 23.024223]",2020-03-09,2026-03-10,S2A_T44QNL_20200309T050649_L2A,S2A_T44QNL_20260310T051808_L2A,EPSG:32644,MGRS-44QNL,change,change,images/madhya_pradesh_t1_002_r1c3
madhya_pradesh_t1_002_r2c1,madhya_pradesh_t1_002,train,test,cant_tell,human,,Madhya Pradesh,central_east,22.98964,81.43692,"[81.424396, 22.978046, 81.449448, 23.00124]",2020-03-09,2026-03-10,S2A_T44QNL_20200309T050649_L2A,S2A_T44QNL_20260310T051808_L2A,EPSG:32644,MGRS-44QNL,change,seasonal,images/madhya_pradesh_t1_002_r2c1
madhya_pradesh_t1_002_r3c0,madhya_pradesh_t1_002,train,test,no_change,human,,Madhya Pradesh,central_east,22.96658,81.41187,"[81.399352, 22.95499, 81.424396, 22.97818]",2020-03-09,2026-03-10,S2A_T44QNL_20200309T050649_L2A,S2A_T44QNL_20260310T051808_L2A,EPSG:32644,MGRS-44QNL,change,seasonal,images/madhya_pradesh_t1_002_r3c0
madhya_pradesh_t1_002_r3c1,madhya_pradesh_t1_002,train,test,seasonal,human,,Madhya Pradesh,central_east,22.96652,81.43685,"[81.424323, 22.954921, 81.449371, 22.978115]",2020-03-09,2026-03-10,S2A_T44QNL_20200309T050649_L2A,S2A_T44QNL_20260310T051808_L2A,EPSG:32644,MGRS-44QNL,change,seasonal,images/madhya_pradesh_t1_002_r3c1
madhya_pradesh_t1_002_r3c2,madhya_pradesh_t1_002,train,test,no_change,human,,Madhya Pradesh,central_east,22.96645,81.46182,"[81.449295, 22.954848, 81.474346, 22.978046]",2020-03-09,2026-03-10,S2A_T44QNL_20200309T050649_L2A,S2A_T44QNL_20260310T051808_L2A,EPSG:32644,MGRS-44QNL,change,change,images/madhya_pradesh_t1_002_r3c2
madhya_pradesh_t1_055_r0c2,madhya_pradesh_t1_055,train,test,seasonal,automatic,,Madhya Pradesh,central_east,22.31714,74.4885,"[74.476027, 22.305538, 74.500967, 22.328743]",2020-01-30,2026-01-28,S2B_T43QDE_20200130T053806_L2A,S2B_T43QDE_20260128T053506_L2A,EPSG:32643,MGRS-43QDE,seasonal,seasonal,images/madhya_pradesh_t1_055_r0c2
madhya_pradesh_t1_055_r0c3,madhya_pradesh_t1_055,train,test,no_change,human,,Madhya Pradesh,central_east,22.31722,74.51335,"[74.500885, 22.305616, 74.525821, 22.328818]",2020-01-30,2026-01-28,S2B_T43QDE_20200130T053806_L2A,S2B_T43QDE_20260128T053506_L2A,EPSG:32643,MGRS-43QDE,change,seasonal,images/madhya_pradesh_t1_055_r0c3
madhya_pradesh_t1_055_r1c1,madhya_pradesh_t1_055,train,test,seasonal,automatic,,Madhya Pradesh,central_east,22.29393,74.46373,"[74.451259, 22.282329, 74.476199, 22.305538]",2020-01-30,2026-01-28,S2B_T43QDE_20200130T053806_L2A,S2B_T43QDE_20260128T053506_L2A,EPSG:32643,MGRS-43QDE,seasonal,seasonal,images/madhya_pradesh_t1_055_r1c1
madhya_pradesh_t1_055_r1c3,madhya_pradesh_t1_055,train,test,no_change,human,,Madhya Pradesh,central_east,22.29409,74.51343,"[74.500967, 22.28249, 74.525899, 22.305691]",2020-01-30,2026-01-28,S2B_T43QDE_20200130T053806_L2A,S2B_T43QDE_20260128T053506_L2A,EPSG:32643,MGRS-43QDE,seasonal,change,images/madhya_pradesh_t1_055_r1c3
madhya_pradesh_t1_055_r2c0,madhya_pradesh_t1_055,train,test,seasonal,human,,Madhya Pradesh,central_east,22.27072,74.43897,"[74.4265, 22.259117, 74.45144, 22.282329]",2020-01-30,2026-01-28,S2B_T43QDE_20200130T053806_L2A,S2B_T43QDE_20260128T053506_L2A,EPSG:32643,MGRS-43QDE,change,seasonal,images/madhya_pradesh_t1_055_r2c0
madhya_pradesh_t1_055_r2c1,madhya_pradesh_t1_055,train,test,no_change,human,,Madhya Pradesh,central_east,22.27081,74.46382,"[74.45135, 22.259203, 74.476285, 22.282411]",2020-01-30,2026-01-28,S2B_T43QDE_20200130T053806_L2A,S2B_T43QDE_20260128T053506_L2A,EPSG:32643,MGRS-43QDE,change,seasonal,images/madhya_pradesh_t1_055_r2c1
madhya_pradesh_t1_055_r2c3,madhya_pradesh_t1_055,train,test,change,human,,Madhya Pradesh,central_east,22.27096,74.51351,"[74.501049, 22.259363, 74.525977, 22.282564]",2020-01-30,2026-01-28,S2B_T43QDE_20200130T053806_L2A,S2B_T43QDE_20260128T053506_L2A,EPSG:32643,MGRS-43QDE,change,change,images/madhya_pradesh_t1_055_r2c3
madhya_pradesh_t1_055_r3c1,madhya_pradesh_t1_055,train,test,change,automatic,A new bright quarry pit has opened in the barren land south of the fields,Madhya Pradesh,central_east,22.24768,74.46391,"[74.45144, 22.236076, 74.476371, 22.259285]",2020-01-30,2026-01-28,S2B_T43QDE_20200130T053806_L2A,S2B_T43QDE_20260128T053506_L2A,EPSG:32643,MGRS-43QDE,change,change,images/madhya_pradesh_t1_055_r3c1
maharashtra_011_r0c2,maharashtra_011,train,test,no_change,human,,Maharashtra,deccan,20.59656,79.43708,"[79.424684, 20.584882, 79.449478, 20.608228]",2020-03-29,2026-03-28,S2A_T44QLH_20200329T051221_L2A,S2C_T44QLH_20260328T051818_L2A,EPSG:32644,MGRS-44QLH,change,seasonal,images/maharashtra_011_r0c2
maharashtra_039_r0c1,maharashtra_039,train,test,seasonal,human,,Maharashtra,deccan,20.92667,77.92097,"[77.908456, 20.91491, 77.933492, 20.938432]",2019-11-13,2025-11-11,S2A_T43QHD_20191113T052422_L2A,S2C_T43QHD_20251111T052127_L2A,EPSG:32643,MGRS-43QHD,change,seasonal,images/maharashtra_039_r0c1
maharashtra_039_r0c2,maharashtra_039,train,test,seasonal,human,,Maharashtra,deccan,20.92625,77.94556,"[77.933042, 20.914486, 77.958082, 20.938011]",2019-11-13,2025-11-11,S2A_T43QHD_20191113T052422_L2A,S2C_T43QHD_20251111T052127_L2A,EPSG:32643,MGRS-43QHD,change,change,images/maharashtra_039_r0c2
maharashtra_039_r1c0,maharashtra_039,train,test,seasonal,human,,Maharashtra,deccan,20.90399,77.89594,"[77.883427, 20.892229, 77.908456, 20.915748]",2019-11-13,2025-11-11,S2A_T43QHD_20191113T052422_L2A,S2C_T43QHD_20251111T052127_L2A,EPSG:32643,MGRS-43QHD,change,seasonal,images/maharashtra_039_r1c0
maharashtra_039_r1c1,maharashtra_039,train,test,no_change,automatic,,Maharashtra,deccan,20.90357,77.92053,"[77.90801, 20.891809, 77.933042, 20.915331]",2019-11-13,2025-11-11,S2A_T43QHD_20191113T052422_L2A,S2C_T43QHD_20251111T052127_L2A,EPSG:32643,MGRS-43QHD,seasonal,seasonal,images/maharashtra_039_r1c1
maharashtra_039_r2c3,maharashtra_039,train,test,seasonal,automatic,,Maharashtra,deccan,20.87962,77.96924,"[77.956722, 20.867858, 77.981756, 20.891385]",2019-11-13,2025-11-11,S2A_T43QHD_20191113T052422_L2A,S2C_T43QHD_20251111T052127_L2A,EPSG:32643,MGRS-43QHD,seasonal,seasonal,images/maharashtra_039_r2c3
maharashtra_039_r3c0,maharashtra_039,train,test,no_change,human,,Maharashtra,deccan,20.85778,77.89505,"[77.882545, 20.846026, 77.907565, 20.869544]",2019-11-13,2025-11-11,S2A_T43QHD_20191113T052422_L2A,S2C_T43QHD_20251111T052127_L2A,EPSG:32643,MGRS-43QHD,change,seasonal,images/maharashtra_039_r3c0
maharashtra_039_r3c1,maharashtra_039,train,test,no_change,human,,Maharashtra,deccan,20.85737,77.91963,"[77.907121, 20.845607, 77.932144, 20.869128]",2019-11-13,2025-11-11,S2A_T43QHD_20191113T052422_L2A,S2C_T43QHD_20251111T052127_L2A,EPSG:32643,MGRS-43QHD,change,seasonal,images/maharashtra_039_r3c1
maharashtra_039_r3c2,maharashtra_039,train,test,seasonal,human,,Maharashtra,deccan,20.85695,77.94421,"[77.931696, 20.845184, 77.956722, 20.868708]",2019-11-13,2025-11-11,S2A_T43QHD_20191113T052422_L2A,S2C_T43QHD_20251111T052127_L2A,EPSG:32643,MGRS-43QHD,change,seasonal,images/maharashtra_039_r3c2
maharashtra_057_r0c3,maharashtra_057,train,test,no_change,human,,Maharashtra,deccan,21.21205,78.59065,"[78.578142, 21.200323, 78.603162, 21.223785]",2019-11-23,2025-11-21,S2A_T44QKJ_20191123T052801_L2A,S2C_T44QKJ_20251121T052211_L2A,EPSG:32644,MGRS-44QKJ,change,seasonal,images/maharashtra_057_r0c3
maharashtra_057_r2c0,maharashtra_057,train,test,seasonal,automatic,,Maharashtra,deccan,21.16476,78.51749,"[78.50498, 21.153029, 78.530001, 21.1765]",2019-11-23,2025-11-21,S2A_T44QKJ_20191123T052801_L2A,S2C_T44QKJ_20251121T052211_L2A,EPSG:32644,MGRS-44QKJ,seasonal,seasonal,images/maharashtra_057_r2c0
maharashtra_057_r3c0,maharashtra_057,train,test,change,human,,Maharashtra,deccan,21.14166,78.51788,"[78.505367, 21.129921, 78.530385, 21.153391]",2019-11-23,2025-11-21,S2A_T44QKJ_20191123T052801_L2A,S2C_T44QKJ_20251121T052211_L2A,EPSG:32644,MGRS-44QKJ,change,change,images/maharashtra_057_r3c0
maharashtra_057_r3c1,maharashtra_057,train,test,cant_tell,human,,Maharashtra,deccan,21.14202,78.54251,"[78.530001, 21.130282, 78.555016, 21.153749]",2019-11-23,2025-11-21,S2A_T44QKJ_20191123T052801_L2A,S2C_T44QKJ_20251121T052211_L2A,EPSG:32644,MGRS-44QKJ,seasonal,seasonal,images/maharashtra_057_r3c1
maharashtra_057_r3c2,maharashtra_057,train,test,seasonal,automatic,,Maharashtra,deccan,21.14237,78.56714,"[78.554636, 21.130639, 78.579647, 21.154103]",2019-11-23,2025-11-21,S2A_T44QKJ_20191123T052801_L2A,S2C_T44QKJ_20251121T052211_L2A,EPSG:32644,MGRS-44QKJ,seasonal,seasonal,images/maharashtra_057_r3c2
maharashtra_057_r3c3,maharashtra_057,train,test,no_change,human,,Maharashtra,deccan,21.14272,78.59178,"[78.579271, 21.130993, 78.604279, 21.154454]",2019-11-23,2025-11-21,S2A_T44QKJ_20191123T052801_L2A,S2C_T44QKJ_20251121T052211_L2A,EPSG:32644,MGRS-44QKJ,seasonal,change,images/maharashtra_057_r3c3
maharashtra_061_r0c0,maharashtra_061,train,test,seasonal,human,,Maharashtra,deccan,20.1357,76.36085,"[76.348508, 20.124046, 76.373195, 20.147362]",2020-01-12,2026-01-10,S2A_T43QFC_20200112T052758_L2A,S2C_T43QFC_20260110T053202_L2A,EPSG:32643,MGRS-43QFC,seasonal,change,images/maharashtra_061_r0c0
maharashtra_061_r1c1,maharashtra_061,train,test,cant_tell,automatic,,Maharashtra,deccan,20.11239,76.38514,"[76.372792, 20.100726, 76.397478, 20.124046]",2020-01-12,2026-01-10,S2A_T43QFC_20200112T052758_L2A,S2C_T43QFC_20260110T053202_L2A,EPSG:32643,MGRS-43QFC,seasonal,seasonal,images/maharashtra_061_r1c1
maharashtra_061_r1c2,maharashtra_061,train,test,no_change,human,,Maharashtra,deccan,20.11219,76.40962,"[76.397273, 20.100531, 76.421963, 20.123853]",2020-01-12,2026-01-10,S2A_T43QFC_20200112T052758_L2A,S2C_T43QFC_20260110T053202_L2A,EPSG:32643,MGRS-43QFC,change,seasonal,images/maharashtra_061_r1c2
maharashtra_061_r2c0,maharashtra_061,train,test,change,automatic,A cluster of new white-roofed buildings appears in the lower centre,Maharashtra,deccan,20.08945,76.36045,"[76.348112, 20.077792, 76.372792, 20.101107]",2020-01-12,2026-01-10,S2A_T43QFC_20200112T052758_L2A,S2C_T43QFC_20260110T053202_L2A,EPSG:32643,MGRS-43QFC,change,change,images/maharashtra_061_r2c0
maharashtra_061_r2c1,maharashtra_061,train,test,seasonal,human,,Maharashtra,deccan,20.08926,76.38493,"[76.37259, 20.0776, 76.397273, 20.100919]",2020-01-12,2026-01-10,S2A_T43QFC_20200112T052758_L2A,S2C_T43QFC_20260110T053202_L2A,EPSG:32643,MGRS-43QFC,change,seasonal,images/maharashtra_061_r2c1
maharashtra_080_r0c1,maharashtra_080,train,test,change,automatic,New buildings and a cleared compound have appeared on the construction site south of the river,Maharashtra,deccan,20.50913,74.17558,"[74.163244, 20.497507, 74.187918, 20.520753]",2020-03-05,2026-03-04,S2A_T43QDC_20200305T053544_L2A,S2C_T43QDC_20260304T053709_L2A,EPSG:32643,MGRS-43QDC,change,change,images/maharashtra_080_r0c1
maharashtra_080_r0c2,maharashtra_080,train,test,change,human,,Maharashtra,deccan,20.50924,74.20013,"[74.187796, 20.497623, 74.212467, 20.520867]",2020-03-05,2026-03-04,S2A_T43QDC_20200305T053544_L2A,S2C_T43QDC_20260304T053709_L2A,EPSG:32643,MGRS-43QDC,change,seasonal,images/maharashtra_080_r0c2
maharashtra_080_r3c0,maharashtra_080,train,test,change,automatic,"New buildings and cleared plots have appeared around the reservoir, especially in the north and east",Maharashtra,deccan,20.43962,74.15141,"[74.13908, 20.427996, 74.163746, 20.451246]",2020-03-05,2026-03-04,S2A_T43QDC_20200305T053544_L2A,S2C_T43QDC_20260304T053709_L2A,EPSG:32643,MGRS-43QDC,change,change,images/maharashtra_080_r3c0
maharashtra_t1_018_r1c0,maharashtra_t1_018,train,test,seasonal,human,,Maharashtra,deccan,19.0286,75.3039,"[75.291715, 19.017015, 75.316084, 19.040191]",2020-03-05,2026-03-06,S2A_T43QEB_20200305T053544_L2A,S2A_T43QEB_20260306T053952_L2A,EPSG:32643,MGRS-43QEB,change,seasonal,images/maharashtra_t1_018_r1c0
maharashtra_t1_018_r1c3,maharashtra_t1_018,train,test,seasonal,human,,Maharashtra,deccan,19.02847,75.37688,"[75.364691, 19.016876, 75.38907, 19.040061]",2020-03-05,2026-03-06,S2A_T43QEB_20200305T053544_L2A,S2A_T43QEB_20260306T053952_L2A,EPSG:32643,MGRS-43QEB,change,seasonal,images/maharashtra_t1_018_r1c3
maharashtra_t1_018_r3c2,maharashtra_t1_018,train,test,seasonal,human,,Maharashtra,deccan,18.98224,75.35246,"[75.340272, 18.970653, 75.36464, 18.993836]",2020-03-05,2026-03-06,S2A_T43QEB_20200305T053544_L2A,S2A_T43QEB_20260306T053952_L2A,EPSG:32643,MGRS-43QEB,change,change,images/maharashtra_t1_018_r3c2
maharashtra_t1_025_r0c0,maharashtra_t1_025,train,test,change,automatic,"A new road has been built running north to south through the eastern part of the image, passing the village",Maharashtra,deccan,21.22757,74.24566,"[74.233265, 21.215947, 74.258051, 21.239186]",2020-01-30,2026-01-28,S2B_T43QDD_20200130T053806_L2A,S2B_T43QDD_20260128T053506_L2A,EPSG:32643,MGRS-43QDD,change,change,images/maharashtra_t1_025_r0c0
maharashtra_t1_025_r0c2,maharashtra_t1_025,train,test,no_change,human,,Maharashtra,deccan,21.22778,74.29499,"[74.282605, 21.216164, 74.307383, 21.239396]",2020-01-30,2026-01-28,S2B_T43QDD_20200130T053806_L2A,S2B_T43QDD_20260128T053506_L2A,EPSG:32643,MGRS-43QDD,change,seasonal,images/maharashtra_t1_025_r0c2
maharashtra_t1_025_r0c3,maharashtra_t1_025,train,test,seasonal,human,,Maharashtra,deccan,21.22788,74.31966,"[74.307275, 21.216267, 74.332049, 21.239495]",2020-01-30,2026-01-28,S2B_T43QDD_20200130T053806_L2A,S2B_T43QDD_20260128T053506_L2A,EPSG:32643,MGRS-43QDD,change,change,images/maharashtra_t1_025_r0c3
maharashtra_t1_025_r1c0,maharashtra_t1_025,train,test,change,automatic,A new large white-roofed building has appeared in the south-east corner near the road,Maharashtra,deccan,21.20444,74.24578,"[74.233385, 21.192818, 74.258166, 21.216057]",2020-01-30,2026-01-28,S2B_T43QDD_20200130T053806_L2A,S2B_T43QDD_20260128T053506_L2A,EPSG:32643,MGRS-43QDD,change,change,images/maharashtra_t1_025_r1c0
maharashtra_t1_025_r1c1,maharashtra_t1_025,train,test,no_change,automatic,,Maharashtra,deccan,21.20455,74.27044,"[74.258051, 21.192928, 74.282828, 21.216164]",2020-01-30,2026-01-28,S2B_T43QDD_20200130T053806_L2A,S2B_T43QDD_20260128T053506_L2A,EPSG:32643,MGRS-43QDD,seasonal,seasonal,images/maharashtra_t1_025_r1c1
maharashtra_t1_025_r2c0,maharashtra_t1_025,train,test,seasonal,automatic,,Maharashtra,deccan,21.18131,74.24589,"[74.233504, 21.16969, 74.258282, 21.192928]",2020-01-30,2026-01-28,S2B_T43QDD_20200130T053806_L2A,S2B_T43QDD_20260128T053506_L2A,EPSG:32643,MGRS-43QDD,seasonal,seasonal,images/maharashtra_t1_025_r2c0
maharashtra_t1_025_r2c3,maharashtra_t1_025,train,test,no_change,human,,Maharashtra,deccan,21.18162,74.31987,"[74.30749, 21.170009, 74.332257, 21.193237]",2020-01-30,2026-01-28,S2B_T43QDD_20200130T053806_L2A,S2B_T43QDD_20260128T053506_L2A,EPSG:32643,MGRS-43QDD,change,change,images/maharashtra_t1_025_r2c3
maharashtra_t1_025_r3c1,maharashtra_t1_025,train,test,no_change,human,,Maharashtra,deccan,21.15829,74.27067,"[74.258282, 21.146671, 74.283051, 21.169906]",2020-01-30,2026-01-28,S2B_T43QDD_20200130T053806_L2A,S2B_T43QDD_20260128T053506_L2A,EPSG:32643,MGRS-43QDD,change,seasonal,images/maharashtra_t1_025_r3c1
maharashtra_t1_032_r0c2,maharashtra_t1_032,train,test,change,automatic,The town in the north has expanded and a new road and bridge have been built across the river,Maharashtra,deccan,19.14058,76.20646,"[76.194206, 19.12893, 76.218712, 19.152221]",2019-11-13,2025-11-11,S2A_T43QFB_20191113T053323_L2A,S2C_T43QFB_20251111T052127_L2A,EPSG:32643,MGRS-43QFB,change,change,images/maharashtra_t1_032_r0c2
maharashtra_t1_032_r0c3,maharashtra_t1_032,train,test,change,human,,Maharashtra,deccan,19.14041,76.2308,"[76.218542, 19.128767, 76.243052, 19.152061]",2019-11-13,2025-11-11,S2A_T43QFB_20191113T053323_L2A,S2C_T43QFB_20251111T052127_L2A,EPSG:32643,MGRS-43QFB,change,seasonal,images/maharashtra_t1_032_r0c3
maharashtra_t1_032_r1c2,maharashtra_t1_032,train,test,seasonal,human,,Maharashtra,deccan,19.11744,76.20629,"[76.19404, 19.105799, 76.218542, 19.12909]",2019-11-13,2025-11-11,S2A_T43QFB_20191113T053323_L2A,S2C_T43QFB_20251111T052127_L2A,EPSG:32643,MGRS-43QFB,seasonal,seasonal,images/maharashtra_t1_032_r1c2
maharashtra_t1_032_r1c3,maharashtra_t1_032,train,test,seasonal,automatic,,Maharashtra,deccan,19.11728,76.23063,"[76.218373, 19.105636, 76.242879, 19.12893]",2019-11-13,2025-11-11,S2A_T43QFB_20191113T053323_L2A,S2C_T43QFB_20251111T052127_L2A,EPSG:32643,MGRS-43QFB,seasonal,seasonal,images/maharashtra_t1_032_r1c3
maharashtra_t1_032_r2c0,maharashtra_t1_032,train,test,seasonal,automatic,,Maharashtra,deccan,19.09463,76.15746,"[76.145214, 19.082983, 76.169707, 19.106268]",2019-11-13,2025-11-11,S2A_T43QFB_20191113T053323_L2A,S2C_T43QFB_20251111T052127_L2A,EPSG:32643,MGRS-43QFB,seasonal,seasonal,images/maharashtra_t1_032_r2c0
maharashtra_t1_032_r2c1,maharashtra_t1_032,train,test,seasonal,automatic,,Maharashtra,deccan,19.09447,76.18179,"[76.169544, 19.082827, 76.19404, 19.106115]",2019-11-13,2025-11-11,S2A_T43QFB_20191113T053323_L2A,S2C_T43QFB_20251111T052127_L2A,EPSG:32643,MGRS-43QFB,seasonal,seasonal,images/maharashtra_t1_032_r2c1
maharashtra_t1_032_r3c0,maharashtra_t1_032,train,test,seasonal,automatic,,Maharashtra,deccan,19.07149,76.1573,"[76.145055, 19.059852, 76.169544, 19.083136]",2019-11-13,2025-11-11,S2A_T43QFB_20191113T053323_L2A,S2C_T43QFB_20251111T052127_L2A,EPSG:32643,MGRS-43QFB,seasonal,seasonal,images/maharashtra_t1_032_r3c0
maharashtra_t1_032_r3c2,maharashtra_t1_032,train,test,seasonal,human,,Maharashtra,deccan,19.07118,76.20596,"[76.193708, 19.059537, 76.218204, 19.082827]",2019-11-13,2025-11-11,S2A_T43QFB_20191113T053323_L2A,S2C_T43QFB_20251111T052127_L2A,EPSG:32643,MGRS-43QFB,change,change,images/maharashtra_t1_032_r3c2
maharashtra_t1_032_r3c3,maharashtra_t1_032,train,test,no_change,human,,Maharashtra,deccan,19.07102,76.23028,"[76.218035, 19.059375, 76.242533, 19.082668]",2019-11-13,2025-11-11,S2A_T43QFB_20191113T053323_L2A,S2C_T43QFB_20251111T052127_L2A,EPSG:32643,MGRS-43QFB,change,seasonal,images/maharashtra_t1_032_r3c3
maharashtra_t1_037_r0c1,maharashtra_t1_037,train,test,cant_tell,automatic,,Maharashtra,deccan,20.3249,80.37274,"[80.360431, 20.313291, 80.385047, 20.33651]",2019-11-15,2025-11-13,S2B_T44QMH_20191115T051852_L2A,S2B_T44QMH_20251113T051911_L2A,EPSG:32644,MGRS-44QMH,seasonal,seasonal,images/maharashtra_t1_037_r0c1
maharashtra_t1_037_r0c2,maharashtra_t1_037,train,test,no_change,human,,Maharashtra,deccan,20.32499,80.39726,"[80.384955, 20.313379, 80.409567, 20.336595]",2019-11-15,2025-11-13,S2B_T44QMH_20191115T051852_L2A,S2B_T44QMH_20251113T051911_L2A,EPSG:32644,MGRS-44QMH,change,seasonal,images/maharashtra_t1_037_r0c2
maharashtra_t1_037_r1c2,maharashtra_t1_037,train,test,cant_tell,automatic,,Maharashtra,deccan,20.30185,80.39735,"[80.385047, 20.290247, 80.409655, 20.313463]",2019-11-15,2025-11-13,S2B_T44QMH_20191115T051852_L2A,S2B_T44QMH_20251113T051911_L2A,EPSG:32644,MGRS-44QMH,seasonal,seasonal,images/maharashtra_t1_037_r1c2
maharashtra_t1_037_r1c3,maharashtra_t1_037,train,test,cant_tell,automatic,,Maharashtra,deccan,20.30194,80.42187,"[80.409567, 20.290331, 80.434172, 20.313544]",2019-11-15,2025-11-13,S2B_T44QMH_20191115T051852_L2A,S2B_T44QMH_20251113T051911_L2A,EPSG:32644,MGRS-44QMH,seasonal,seasonal,images/maharashtra_t1_037_r1c3
maharashtra_t1_037_r2c0,maharashtra_t1_037,train,test,no_change,human,,Maharashtra,deccan,20.27855,80.34841,"[80.336105, 20.266936, 80.360716, 20.290159]",2019-11-15,2025-11-13,S2B_T44QMH_20191115T051852_L2A,S2B_T44QMH_20251113T051911_L2A,EPSG:32644,MGRS-44QMH,change,seasonal,images/maharashtra_t1_037_r2c0
maharashtra_t1_037_r3c0,maharashtra_t1_037,train,test,no_change,human,,Maharashtra,deccan,20.25542,80.34851,"[80.336203, 20.243804, 80.360811, 20.267027]",2019-11-15,2025-11-13,S2B_T44QMH_20191115T051852_L2A,S2B_T44QMH_20251113T051911_L2A,EPSG:32644,MGRS-44QMH,change,seasonal,images/maharashtra_t1_037_r3c0
maharashtra_t1_037_r3c2,maharashtra_t1_037,train,test,cant_tell,automatic,,Maharashtra,deccan,20.25559,80.39753,"[80.385229, 20.243983, 80.40983, 20.267199]",2019-11-15,2025-11-13,S2B_T44QMH_20191115T051852_L2A,S2B_T44QMH_20251113T051911_L2A,EPSG:32644,MGRS-44QMH,seasonal,seasonal,images/maharashtra_t1_037_r3c2
maharashtra_t1_037_r3c3,maharashtra_t1_037,train,test,no_change,human,,Maharashtra,deccan,20.25567,80.42204,"[80.409743, 20.244067, 80.43434, 20.26728]",2019-11-15,2025-11-13,S2B_T44QMH_20191115T051852_L2A,S2B_T44QMH_20251113T051911_L2A,EPSG:32644,MGRS-44QMH,seasonal,change,images/maharashtra_t1_037_r3c3
maharashtra_t1_041_r2c0,maharashtra_t1_041,train,test,no_change,automatic,,Maharashtra,deccan,21.27335,80.14672,"[80.134318, 21.261726, 80.159126, 21.284979]",2019-11-15,2025-11-13,S2B_T44QMJ_20191115T051852_L2A,S2B_T44QMJ_20251113T051911_L2A,EPSG:32644,MGRS-44QMJ,seasonal,seasonal,images/maharashtra_t1_041_r2c0
maharashtra_t1_041_r2c2,maharashtra_t1_041,train,test,no_change,automatic,,Maharashtra,deccan,21.2736,80.19607,"[80.183672, 21.261972, 80.208472, 21.285218]",2019-11-15,2025-11-13,S2B_T44QMJ_20191115T051852_L2A,S2B_T44QMJ_20251113T051911_L2A,EPSG:32644,MGRS-44QMJ,seasonal,seasonal,images/maharashtra_t1_041_r2c2
maharashtra_t1_041_r3c0,maharashtra_t1_041,train,test,no_change,human,,Maharashtra,deccan,21.25022,80.14686,"[80.134454, 21.238598, 80.159258, 21.261851]",2019-11-15,2025-11-13,S2B_T44QMJ_20191115T051852_L2A,S2B_T44QMJ_20251113T051911_L2A,EPSG:32644,MGRS-44QMJ,seasonal,seasonal,images/maharashtra_t1_041_r3c0
maharashtra_t1_041_r3c1,maharashtra_t1_041,train,test,no_change,human,,Maharashtra,deccan,21.25035,80.17153,"[80.159126, 21.238723, 80.183927, 21.261972]",2019-11-15,2025-11-13,S2B_T44QMJ_20191115T051852_L2A,S2B_T44QMJ_20251113T051911_L2A,EPSG:32644,MGRS-44QMJ,seasonal,seasonal,images/maharashtra_t1_041_r3c1
manipur_t1_003_r0c2,manipur_t1_003,train,test,no_change,human,,Manipur,northeast,24.65781,93.06305,"[93.050397, 24.646245, 93.075708, 24.669376]",2019-12-15,2025-12-13,S2A_T46REN_20191215T042501_L2A,S2C_T46REN_20251213T042619_L2A,EPSG:32646,MGRS-46REN,seasonal,seasonal,images/manipur_t1_003_r0c2
manipur_t1_003_r1c1,manipur_t1_003,train,test,cant_tell,automatic,,Manipur,northeast,24.6347,93.03775,"[93.025095, 24.623135, 93.050397, 24.646262]",2019-12-15,2025-12-13,S2A_T46REN_20191215T042501_L2A,S2C_T46REN_20251213T042619_L2A,EPSG:32646,MGRS-46REN,seasonal,seasonal,images/manipur_t1_003_r1c1
manipur_t1_003_r1c3,manipur_t1_003,train,test,seasonal,automatic,,Manipur,northeast,24.63468,93.08834,"[93.07568, 24.623109, 93.100991, 24.646245]",2019-12-15,2025-12-13,S2A_T46REN_20191215T042501_L2A,S2C_T46REN_20251213T042619_L2A,EPSG:32646,MGRS-46REN,seasonal,seasonal,images/manipur_t1_003_r1c3
manipur_t1_003_r2c0,manipur_t1_003,train,test,cant_tell,automatic,,Manipur,northeast,24.61158,93.01245,"[92.999802, 24.60002, 93.025095, 24.623143]",2019-12-15,2025-12-13,S2A_T46REN_20191215T042501_L2A,S2C_T46REN_20251213T042619_L2A,EPSG:32646,MGRS-46REN,seasonal,seasonal,images/manipur_t1_003_r2c0
manipur_t1_003_r2c1,manipur_t1_003,train,test,cant_tell,automatic,,Manipur,northeast,24.61158,93.03774,"[93.02509, 24.600014, 93.050388, 24.623141]",2019-12-15,2025-12-13,S2A_T46REN_20191215T042501_L2A,S2C_T46REN_20251213T042619_L2A,EPSG:32646,MGRS-46REN,seasonal,seasonal,images/manipur_t1_003_r2c1
manipur_t1_003_r2c2,manipur_t1_003,train,test,cant_tell,automatic,,Manipur,northeast,24.61157,93.06303,"[93.050378, 24.600004, 93.07568, 24.623135]",2019-12-15,2025-12-13,S2A_T46REN_20191215T042501_L2A,S2C_T46REN_20251213T042619_L2A,EPSG:32646,MGRS-46REN,seasonal,seasonal,images/manipur_t1_003_r2c2
manipur_t1_003_r2c3,manipur_t1_003,train,test,seasonal,human,,Manipur,northeast,24.61156,93.08832,"[93.075666, 24.599989, 93.100973, 24.623124]",2019-12-15,2025-12-13,S2A_T46REN_20191215T042501_L2A,S2C_T46REN_20251213T042619_L2A,EPSG:32646,MGRS-46REN,change,change,images/manipur_t1_003_r2c3
meghalaya_002_r0c3,meghalaya_002,train,test,no_change,human,,Meghalaya,northeast,26.02006,92.01183,"[91.998941, 26.008421, 92.024716, 26.031708]",2019-11-28,2025-11-28,S2A_T46RCP_20191128T043629_L2A,S2A_T46RCP_20251128T043230_L2A,EPSG:32646,MGRS-46RCP,seasonal,seasonal,images/meghalaya_002_r0c3
meghalaya_002_r1c2,meghalaya_002,train,test,no_change,automatic,,Meghalaya,northeast,25.99677,91.98645,"[91.97356, 25.985129, 91.999333, 26.008421]",2019-11-28,2025-11-28,S2A_T46RCP_20191128T043629_L2A,S2A_T46RCP_20251128T043230_L2A,EPSG:32646,MGRS-46RCP,seasonal,seasonal,images/meghalaya_002_r1c2
meghalaya_002_r1c3,meghalaya_002,train,test,no_change,automatic,,Meghalaya,northeast,25.99695,92.01202,"[91.999137, 25.985308, 92.024906, 26.008595]",2019-11-28,2025-11-28,S2A_T46RCP_20191128T043629_L2A,S2A_T46RCP_20251128T043230_L2A,EPSG:32646,MGRS-46RCP,seasonal,seasonal,images/meghalaya_002_r1c3
meghalaya_002_r2c0,meghalaya_002,train,test,no_change,human,,Meghalaya,northeast,25.97329,91.9355,"[91.922615, 25.961644, 91.948393, 25.984945]",2019-11-28,2025-11-28,S2A_T46RCP_20191128T043629_L2A,S2A_T46RCP_20251128T043230_L2A,EPSG:32646,MGRS-46RCP,seasonal,seasonal,images/meghalaya_002_r2c0
meghalaya_002_r2c1,meghalaya_002,train,test,no_change,automatic,,Meghalaya,northeast,25.97348,91.96107,"[91.948188, 25.961832, 91.973961, 25.985129]",2019-11-28,2025-11-28,S2A_T46RCP_20191128T043629_L2A,S2A_T46RCP_20251128T043230_L2A,EPSG:32646,MGRS-46RCP,seasonal,seasonal,images/meghalaya_002_r2c1
meghalaya_002_r3c1,meghalaya_002,train,test,no_change,automatic,,Meghalaya,northeast,25.95037,91.96128,"[91.948393, 25.93872, 91.974161, 25.962016]",2019-11-28,2025-11-28,S2A_T46RCP_20191128T043629_L2A,S2A_T46RCP_20251128T043230_L2A,EPSG:32646,MGRS-46RCP,seasonal,seasonal,images/meghalaya_002_r3c1
meghalaya_002_r3c3,meghalaya_002,train,test,no_change,automatic,,Meghalaya,northeast,25.95073,92.01241,"[91.999529, 25.939082, 92.025287, 25.962369]",2019-11-28,2025-11-28,S2A_T46RCP_20191128T043629_L2A,S2A_T46RCP_20251128T043230_L2A,EPSG:32646,MGRS-46RCP,seasonal,seasonal,images/meghalaya_002_r3c3
meghalaya_016_r0c2,meghalaya_016,train,test,no_change,human,,Meghalaya,northeast,25.55212,91.3787,"[91.365806, 25.540427, 91.391591, 25.563818]",2019-11-28,2025-11-28,S2A_T46RCP_20191128T043629_L2A,S2A_T46RCP_20251128T043230_L2A,EPSG:32646,MGRS-46RCP,change,change,images/meghalaya_016_r0c2
meghalaya_016_r0c3,meghalaya_016,train,test,no_change,automatic,,Meghalaya,northeast,25.5524,91.40417,"[91.391282, 25.540709, 91.417063, 25.564096]",2019-11-28,2025-11-28,S2A_T46RCP_20191128T043629_L2A,S2A_T46RCP_20251128T043230_L2A,EPSG:32646,MGRS-46RCP,seasonal,seasonal,images/meghalaya_016_r0c3
meghalaya_016_r1c0,meghalaya_016,train,test,no_change,automatic,,Meghalaya,northeast,25.52844,91.32807,"[91.315177, 25.516742, 91.340966, 25.540141]",2019-11-28,2025-11-28,S2A_T46RCP_20191128T043629_L2A,S2A_T46RCP_20251128T043230_L2A,EPSG:32646,MGRS-46RCP,seasonal,seasonal,images/meghalaya_016_r1c0
meghalaya_016_r1c1,meghalaya_016,train,test,no_change,human,,Meghalaya,northeast,25.52873,91.35354,"[91.340648, 25.517032, 91.366433, 25.540427]",2019-11-28,2025-11-28,S2A_T46RCP_20191128T043629_L2A,S2A_T46RCP_20251128T043230_L2A,EPSG:32646,MGRS-46RCP,change,seasonal,images/meghalaya_016_r1c1
meghalaya_016_r1c2,meghalaya_016,train,test,cant_tell,human,,Meghalaya,northeast,25.52901,91.37901,"[91.366119, 25.517319, 91.391899, 25.540709]",2019-11-28,2025-11-28,S2A_T46RCP_20191128T043629_L2A,S2A_T46RCP_20251128T043230_L2A,EPSG:32646,MGRS-46RCP,change,change,images/meghalaya_016_r1c2
meghalaya_016_r1c3,meghalaya_016,train,test,no_change,human,,Meghalaya,northeast,25.52929,91.40448,"[91.391591, 25.5176, 91.417366, 25.540987]",2019-11-28,2025-11-28,S2A_T46RCP_20191128T043629_L2A,S2A_T46RCP_20251128T043230_L2A,EPSG:32646,MGRS-46RCP,change,seasonal,images/meghalaya_016_r1c3
meghalaya_016_r2c1,meghalaya_016,train,test,no_change,automatic,,Meghalaya,northeast,25.50562,91.35386,"[91.340966, 25.493924, 91.366745, 25.517319]",2019-11-28,2025-11-28,S2A_T46RCP_20191128T043629_L2A,S2A_T46RCP_20251128T043230_L2A,EPSG:32646,MGRS-46RCP,seasonal,seasonal,images/meghalaya_016_r2c1
meghalaya_016_r2c2,meghalaya_016,train,test,no_change,human,,Meghalaya,northeast,25.5059,91.37932,"[91.366433, 25.49421, 91.392207, 25.5176]",2019-11-28,2025-11-28,S2A_T46RCP_20191128T043629_L2A,S2A_T46RCP_20251128T043230_L2A,EPSG:32646,MGRS-46RCP,change,seasonal,images/meghalaya_016_r2c2
mizoram_005_r0c0,mizoram_005,train,test,no_change,human,,Mizoram,northeast,23.56936,92.83498,"[92.822419, 23.557787, 92.847534, 23.580937]",2019-12-15,2025-12-13,S2A_T46QDM_20191215T042501_L2A,S2C_T46QDM_20251213T042619_L2A,EPSG:32646,MGRS-46QDM,change,seasonal,images/mizoram_005_r0c0
mizoram_005_r0c1,mizoram_005,train,test,no_change,human,,Mizoram,northeast,23.56939,92.86006,"[92.847507, 23.557813, 92.872618, 23.58096]",2019-12-15,2025-12-13,S2A_T46QDM_20191215T042501_L2A,S2C_T46QDM_20251213T042619_L2A,EPSG:32646,MGRS-46QDM,seasonal,seasonal,images/mizoram_005_r0c1
mizoram_005_r0c3,mizoram_005,train,test,no_change,automatic,,Mizoram,northeast,23.56942,92.91024,"[92.897685, 23.557854, 92.922787, 23.580993]",2019-12-15,2025-12-13,S2A_T46QDM_20191215T042501_L2A,S2C_T46QDM_20251213T042619_L2A,EPSG:32646,MGRS-46QDM,seasonal,seasonal,images/mizoram_005_r0c3
mizoram_005_r1c0,mizoram_005,train,test,no_change,automatic,,Mizoram,northeast,23.54624,92.83501,"[92.82245, 23.534663, 92.847561, 23.557813]",2019-12-15,2025-12-13,S2A_T46QDM_20191215T042501_L2A,S2C_T46QDM_20251213T042619_L2A,EPSG:32646,MGRS-46QDM,seasonal,seasonal,images/mizoram_005_r1c0
mizoram_005_r1c2,mizoram_005,train,test,no_change,automatic,,Mizoram,northeast,23.54628,92.88517,"[92.872618, 23.534712, 92.897721, 23.557854]",2019-12-15,2025-12-13,S2A_T46QDM_20191215T042501_L2A,S2C_T46QDM_20251213T042619_L2A,EPSG:32646,MGRS-46QDM,seasonal,seasonal,images/mizoram_005_r1c2
mizoram_005_r1c3,mizoram_005,train,test,seasonal,automatic,,Mizoram,northeast,23.5463,92.91025,"[92.897703, 23.53473, 92.922801, 23.557869]",2019-12-15,2025-12-13,S2A_T46QDM_20191215T042501_L2A,S2C_T46QDM_20251213T042619_L2A,EPSG:32646,MGRS-46QDM,seasonal,seasonal,images/mizoram_005_r1c3
mizoram_005_r2c1,mizoram_005,train,test,change,automatic,"A new road has been cut through the forest, winding from the north down to the south-centre",Mizoram,northeast,23.52314,92.86011,"[92.847561, 23.511565, 92.872663, 23.534712]",2019-12-15,2025-12-13,S2A_T46QDM_20191215T042501_L2A,S2C_T46QDM_20251213T042619_L2A,EPSG:32646,MGRS-46QDM,change,change,images/mizoram_005_r2c1
mizoram_005_r2c3,mizoram_005,train,test,no_change,human,,Mizoram,northeast,23.52318,92.91027,"[92.897721, 23.511606, 92.922814, 23.534745]",2019-12-15,2025-12-13,S2A_T46QDM_20191215T042501_L2A,S2C_T46QDM_20251213T042619_L2A,EPSG:32646,MGRS-46QDM,change,change,images/mizoram_005_r2c3
mizoram_005_r3c0,mizoram_005,train,test,no_change,human,,Mizoram,northeast,23.49999,92.83506,"[92.822512, 23.488415, 92.847614, 23.511565]",2019-12-15,2025-12-13,S2A_T46QDM_20191215T042501_L2A,S2C_T46QDM_20251213T042619_L2A,EPSG:32646,MGRS-46QDM,change,seasonal,images/mizoram_005_r3c0
mizoram_005_r3c2,mizoram_005,train,test,seasonal,human,,Mizoram,northeast,23.50004,92.88521,"[92.872663, 23.488464, 92.897756, 23.511606]",2019-12-15,2025-12-13,S2A_T46QDM_20191215T042501_L2A,S2C_T46QDM_20251213T042619_L2A,EPSG:32646,MGRS-46QDM,change,seasonal,images/mizoram_005_r3c2
mizoram_006_r0c2,mizoram_006,train,test,no_change,human,,Mizoram,northeast,24.4727,92.7833,"[92.770644, 24.461122, 92.795946, 24.48428]",2019-12-15,2025-12-13,S2A_T46RDN_20191215T042501_L2A,S2C_T46RDN_20251213T042619_L2A,EPSG:32646,MGRS-46RDN,change,seasonal,images/mizoram_006_r0c2
mizoram_006_r1c2,mizoram_006,train,test,no_change,human,,Mizoram,northeast,24.44958,92.78333,"[92.770686, 24.438001, 92.795983, 24.461159]",2019-12-15,2025-12-13,S2A_T46RDN_20191215T042501_L2A,S2C_T46RDN_20251213T042619_L2A,EPSG:32646,MGRS-46RDN,change,seasonal,images/mizoram_006_r1c2
mizoram_006_r1c3,mizoram_006,train,test,no_change,automatic,,Mizoram,northeast,24.44961,92.80859,"[92.795946, 24.438037, 92.821238, 24.461191]",2019-12-15,2025-12-13,S2A_T46RDN_20191215T042501_L2A,S2C_T46RDN_20251213T042619_L2A,EPSG:32646,MGRS-46RDN,seasonal,seasonal,images/mizoram_006_r1c3
mizoram_006_r3c1,mizoram_006,train,test,change,automatic,Patches of forest have been cleared in the centre-east,Mizoram,northeast,24.4033,92.75816,"[92.745518, 24.391719, 92.770811, 24.41488]",2019-12-15,2025-12-13,S2A_T46RDN_20191215T042501_L2A,S2C_T46RDN_20251213T042619_L2A,EPSG:32646,MGRS-46RDN,change,change,images/mizoram_006_r3c1
nagaland_013_r2c2,nagaland_013,train,test,no_change,automatic,,Nagaland,northeast,25.50943,94.26255,"[94.249699, 25.497761, 94.275409, 25.521093]",2019-11-30,2025-11-28,S2B_T46RFP_20191130T042720_L2A,S2B_T46RFP_20251128T042729_L2A,EPSG:32646,MGRS-46RFP,seasonal,seasonal,images/nagaland_013_r2c2
nagaland_013_r2c3,nagaland_013,train,test,cant_tell,automatic,,Nagaland,northeast,25.50921,94.28802,"[94.275165, 25.497538, 94.30088, 25.520874]",2019-11-30,2025-11-28,S2B_T46RFP_20191130T042720_L2A,S2B_T46RFP_20251128T042729_L2A,EPSG:32646,MGRS-46RFP,seasonal,seasonal,images/nagaland_013_r2c3
nagaland_013_r3c0,nagaland_013,train,test,no_change,human,,Nagaland,northeast,25.48674,94.21138,"[94.198535, 25.475083, 94.224232, 25.498406]",2019-11-30,2025-11-28,S2B_T46RFP_20191130T042720_L2A,S2B_T46RFP_20251128T042729_L2A,EPSG:32646,MGRS-46RFP,change,seasonal,images/nagaland_013_r3c0
nagaland_013_r3c2,nagaland_013,train,test,change,automatic,"A new road has been cut through the forest, winding across the north-east",Nagaland,northeast,25.48631,94.26231,"[94.24946, 25.474649, 94.275165, 25.497981]",2019-11-30,2025-11-28,S2B_T46RFP_20191130T042720_L2A,S2B_T46RFP_20251128T042729_L2A,EPSG:32646,MGRS-46RFP,change,change,images/nagaland_013_r3c2
nagaland_t1_001_r0c2,nagaland_t1_001,train,test,no_change,human,,Nagaland,northeast,25.82886,94.67453,"[94.661602, 25.817157, 94.687459, 25.840559]",2020-02-18,2026-01-27,S2B_T46RFP_20200218T042942_L2A,S2B_T46RFP_20260127T043040_L2A,EPSG:32646,MGRS-46RFP,seasonal,seasonal,images/nagaland_t1_001_r0c2
nagaland_t1_001_r0c3,nagaland_t1_001,train,test,cant_tell,automatic,,Nagaland,northeast,25.82856,94.70006,"[94.687132, 25.816859, 94.712994, 25.840264]",2020-02-18,2026-01-27,S2B_T46RFP_20200218T042942_L2A,S2B_T46RFP_20260127T043040_L2A,EPSG:32646,MGRS-46RFP,seasonal,seasonal,images/nagaland_t1_001_r0c3
nagaland_t1_001_r1c3,nagaland_t1_001,train,test,cant_tell,automatic,,Nagaland,northeast,25.80545,94.69973,"[94.686804, 25.793752, 94.712661, 25.817157]",2020-02-18,2026-01-27,S2B_T46RFP_20200218T042942_L2A,S2B_T46RFP_20260127T043040_L2A,EPSG:32646,MGRS-46RFP,seasonal,seasonal,images/nagaland_t1_001_r1c3
nagaland_t1_001_r2c2,nagaland_t1_001,train,test,no_change,automatic,,Nagaland,northeast,25.78264,94.67388,"[94.660958, 25.770943, 94.686804, 25.794344]",2020-02-18,2026-01-27,S2B_T46RFP_20200218T042942_L2A,S2B_T46RFP_20260127T043040_L2A,EPSG:32646,MGRS-46RFP,seasonal,seasonal,images/nagaland_t1_001_r2c2
nagaland_t1_001_r3c1,nagaland_t1_001,train,test,no_change,automatic,,Nagaland,northeast,25.75983,94.64804,"[94.635121, 25.748129, 94.660958, 25.771526]",2020-02-18,2026-01-27,S2B_T46RFP_20200218T042942_L2A,S2B_T46RFP_20260127T043040_L2A,EPSG:32646,MGRS-46RFP,seasonal,seasonal,images/nagaland_t1_001_r3c1
navi_mumbai_airport_maharashtra_r0c1,navi_mumbai_airport_maharashtra,train,train,change,automatic,The quarry has expanded and a new road has been built across the scene.,Maharashtra,deccan,18.97081,73.0622,"[73.04991, 18.959125, 73.074482, 18.982503]",2020-01-18,2026-01-16,S2A_T43QBA_20200118T055101_L2A,S2C_T43QBA_20260116T054157_L2A,EPSG:32643,MGRS-43QBA,change,change,images/navi_mumbai_airport_maharashtra_r0c1
navi_mumbai_airport_maharashtra_r0c2,navi_mumbai_airport_maharashtra,train,train,change,human,,Maharashtra,deccan,18.97107,73.0865,"[73.074216, 18.959379, 73.098786, 18.982754]",2020-01-18,2026-01-16,S2A_T43QBA_20200118T055101_L2A,S2C_T43QBA_20260116T054157_L2A,EPSG:32643,MGRS-43QBA,change,change,images/navi_mumbai_airport_maharashtra_r0c2
navi_mumbai_airport_maharashtra_r1c3,navi_mumbai_airport_maharashtra,train,train,cant_tell,human,,Maharashtra,deccan,18.94819,73.11107,"[73.098786, 18.936507, 73.123348, 18.959878]",2020-01-18,2026-01-16,S2A_T43QBA_20200118T055101_L2A,S2C_T43QBA_20260116T054157_L2A,EPSG:32643,MGRS-43QBA,change,seasonal,images/navi_mumbai_airport_maharashtra_r1c3
navi_mumbai_airport_maharashtra_r3c0,navi_mumbai_airport_maharashtra,train,train,change,human,,Maharashtra,deccan,18.90119,73.0387,"[73.02642, 18.889499, 73.050983, 18.912879]",2020-01-18,2026-01-16,S2A_T43QBA_20200118T055101_L2A,S2C_T43QBA_20260116T054157_L2A,EPSG:32643,MGRS-43QBA,change,change,images/navi_mumbai_airport_maharashtra_r3c0
navi_mumbai_airport_maharashtra_r3c1,navi_mumbai_airport_maharashtra,train,train,change,automatic,New buildings and developed plots have appeared in the north-west and centre-left.,Maharashtra,deccan,18.90144,73.063,"[73.050716, 18.889756, 73.075277, 18.913132]",2020-01-18,2026-01-16,S2A_T43QBA_20200118T055101_L2A,S2C_T43QBA_20260116T054157_L2A,EPSG:32643,MGRS-43QBA,change,change,images/navi_mumbai_airport_maharashtra_r3c1
odisha_t1_002_r0c2,odisha_t1_002,train,test,seasonal,human,,Odisha,central_east,20.12878,83.07199,"[83.059596, 20.117073, 83.084377, 20.140479]",2019-12-22,2025-12-20,S2B_T44QQH_20191222T051046_L2A,S2B_T44QQH_20251220T050549_L2A,EPSG:32644,MGRS-44QQH,change,seasonal,images/odisha_t1_002_r0c2
odisha_t1_002_r0c3,odisha_t1_002,train,test,seasonal,human,,Odisha,central_east,20.12849,83.09646,"[83.084071, 20.116782, 83.108856, 20.140191]",2019-12-22,2025-12-20,S2B_T44QQH_20191222T051046_L2A,S2B_T44QQH_20251220T050549_L2A,EPSG:32644,MGRS-44QQH,change,seasonal,images/odisha_t1_002_r0c3
odisha_t1_002_r1c2,odisha_t1_002,train,test,seasonal,automatic,,Odisha,central_east,20.10566,83.07168,"[83.059293, 20.093955, 83.084071, 20.117361]",2019-12-22,2025-12-20,S2B_T44QQH_20191222T051046_L2A,S2B_T44QQH_20251220T050549_L2A,EPSG:32644,MGRS-44QQH,seasonal,seasonal,images/odisha_t1_002_r1c2
odisha_t1_002_r2c0,odisha_t1_002,train,test,no_change,human,,Odisha,central_east,20.08311,83.02244,"[83.010054, 20.071407, 83.034821, 20.094806]",2019-12-22,2025-12-20,S2B_T44QQH_20191222T051046_L2A,S2B_T44QQH_20251220T050549_L2A,EPSG:32644,MGRS-44QQH,change,seasonal,images/odisha_t1_002_r2c0
odisha_t1_002_r2c2,odisha_t1_002,train,test,seasonal,human,,Odisha,central_east,20.08254,83.07138,"[83.058991, 20.070836, 83.083765, 20.094242]",2019-12-22,2025-12-20,S2B_T44QQH_20191222T051046_L2A,S2B_T44QQH_20251220T050549_L2A,EPSG:32644,MGRS-44QQH,change,seasonal,images/odisha_t1_002_r2c2
odisha_t1_002_r2c3,odisha_t1_002,train,test,seasonal,human,,Odisha,central_east,20.08225,83.09585,"[83.083459, 20.070546, 83.108236, 20.093955]",2019-12-22,2025-12-20,S2B_T44QQH_20191222T051046_L2A,S2B_T44QQH_20251220T050549_L2A,EPSG:32644,MGRS-44QQH,change,seasonal,images/odisha_t1_002_r2c3
odisha_t1_012_r1c1,odisha_t1_012,train,test,seasonal,automatic,,Odisha,central_east,21.38534,85.60168,"[85.589226, 21.373672, 85.614134, 21.397001]",2020-02-12,2026-02-10,S2A_T45QUD_20200212T050045_L2A,S2C_T45QUD_20260210T045846_L2A,EPSG:32645,MGRS-45QUD,seasonal,seasonal,images/odisha_t1_012_r1c1
odisha_t1_012_r2c0,odisha_t1_012,train,test,cant_tell,automatic,,Odisha,central_east,21.36201,85.57721,"[85.564761, 21.35034, 85.589669, 21.373672]",2020-02-12,2026-02-10,S2A_T45QUD_20200212T050045_L2A,S2C_T45QUD_20260210T045846_L2A,EPSG:32645,MGRS-45QUD,seasonal,seasonal,images/odisha_t1_012_r2c0
odisha_t1_012_r3c0,odisha_t1_012,train,test,cant_tell,automatic,,Odisha,central_east,21.33888,85.57744,"[85.564986, 21.327217, 85.58989, 21.350549]",2020-02-12,2026-02-10,S2A_T45QUD_20200212T050045_L2A,S2C_T45QUD_20260210T045846_L2A,EPSG:32645,MGRS-45QUD,seasonal,seasonal,images/odisha_t1_012_r3c0
odisha_t1_012_r3c2,odisha_t1_012,train,test,seasonal,human,,Odisha,central_east,21.33929,85.6268,"[85.614352, 21.327631, 85.639249, 21.350956]",2020-02-12,2026-02-10,S2A_T45QUD_20200212T050045_L2A,S2C_T45QUD_20260210T045846_L2A,EPSG:32645,MGRS-45QUD,change,seasonal,images/odisha_t1_012_r3c2
odisha_t1_012_r3c3,odisha_t1_012,train,test,seasonal,human,,Odisha,central_east,21.33949,85.65148,"[85.639035, 21.327832, 85.663928, 21.351154]",2020-02-12,2026-02-10,S2A_T45QUD_20200212T050045_L2A,S2C_T45QUD_20260210T045846_L2A,EPSG:32645,MGRS-45QUD,change,seasonal,images/odisha_t1_012_r3c3
odisha_t1_013_r0c1,odisha_t1_013,train,test,no_change,human,,Odisha,central_east,18.42139,82.27406,"[82.261856, 18.409739, 82.286261, 18.433034]",2020-01-16,2026-01-14,S2A_T44QPF_20200116T050712_L2A,S2C_T44QPF_20260114T051207_L2A,EPSG:32644,MGRS-44QPF,change,seasonal,images/odisha_t1_013_r0c1
odisha_t1_013_r0c2,odisha_t1_013,train,test,no_change,human,,Odisha,central_east,18.42122,82.29829,"[82.286089, 18.409574, 82.310496, 18.432871]",2020-01-16,2026-01-14,S2A_T44QPF_20200116T050712_L2A,S2C_T44QPF_20260114T051207_L2A,EPSG:32644,MGRS-44QPF,change,seasonal,images/odisha_t1_013_r0c2
odisha_t1_013_r0c3,odisha_t1_013,train,test,seasonal,human,,Odisha,central_east,18.42106,82.32253,"[82.310321, 18.409405, 82.334732, 18.432706]",2020-01-16,2026-01-14,S2A_T44QPF_20200116T050712_L2A,S2C_T44QPF_20260114T051207_L2A,EPSG:32644,MGRS-44QPF,change,seasonal,images/odisha_t1_013_r0c3
odisha_t1_013_r1c2,odisha_t1_013,train,test,no_change,human,,Odisha,central_east,18.39809,82.29812,"[82.285917, 18.386442, 82.310321, 18.409739]",2020-01-16,2026-01-14,S2A_T44QPF_20200116T050712_L2A,S2C_T44QPF_20260114T051207_L2A,EPSG:32644,MGRS-44QPF,change,seasonal,images/odisha_t1_013_r1c2
odisha_t1_013_r2c2,odisha_t1_013,train,test,no_change,human,,Odisha,central_east,18.37496,82.29795,"[82.285745, 18.36331, 82.310146, 18.386607]",2020-01-16,2026-01-14,S2A_T44QPF_20200116T050712_L2A,S2C_T44QPF_20260114T051207_L2A,EPSG:32644,MGRS-44QPF,change,seasonal,images/odisha_t1_013_r2c2
odisha_t1_026_r0c3,odisha_t1_026,train,test,seasonal,human,,Odisha,central_east,20.82615,84.3614,"[84.348862, 20.814368, 84.373936, 20.837942]",2020-01-13,2026-01-11,S2A_T44QRJ_20200113T045526_L2A,S2C_T44QRJ_20260111T045428_L2A,EPSG:32644,MGRS-44QRJ,change,seasonal,images/odisha_t1_026_r0c3
odisha_t1_026_r1c0,odisha_t1_026,train,test,change,automatic,A new airport runway with an apron and buildings has been built across the centre of the image,Odisha,central_east,20.80449,84.28721,"[84.27468, 20.79271, 84.299741, 20.816274]",2020-01-13,2026-01-11,S2A_T44QRJ_20200113T045526_L2A,S2C_T44QRJ_20260111T045428_L2A,EPSG:32644,MGRS-44QRJ,change,change,images/odisha_t1_026_r1c0
odisha_t1_026_r1c2,odisha_t1_026,train,test,seasonal,automatic,,Odisha,central_east,20.80354,84.33633,"[84.323795, 20.791758, 84.348862, 20.815328]",2020-01-13,2026-01-11,S2A_T44QRJ_20200113T045526_L2A,S2C_T44QRJ_20260111T045428_L2A,EPSG:32644,MGRS-44QRJ,seasonal,seasonal,images/odisha_t1_026_r1c2
odisha_t1_026_r1c3,odisha_t1_026,train,test,change,human,,Odisha,central_east,20.80306,84.36089,"[84.348351, 20.791276, 84.373421, 20.81485]",2020-01-13,2026-01-11,S2A_T44QRJ_20200113T045526_L2A,S2C_T44QRJ_20260111T045428_L2A,EPSG:32644,MGRS-44QRJ,change,change,images/odisha_t1_026_r1c3
odisha_t1_026_r2c3,odisha_t1_026,train,test,cant_tell,human,,Odisha,central_east,20.77997,84.36037,"[84.347842, 20.768185, 84.372907, 20.791758]",2020-01-13,2026-01-11,S2A_T44QRJ_20200113T045526_L2A,S2C_T44QRJ_20260111T045428_L2A,EPSG:32644,MGRS-44QRJ,change,seasonal,images/odisha_t1_026_r2c3
odisha_t1_026_r3c0,odisha_t1_026,train,test,seasonal,human,,Odisha,central_east,20.75831,84.28621,"[84.273684, 20.746523, 84.298736, 20.770087]",2020-01-13,2026-01-11,S2A_T44QRJ_20200113T045526_L2A,S2C_T44QRJ_20260111T045428_L2A,EPSG:32644,MGRS-44QRJ,change,seasonal,images/odisha_t1_026_r3c0
odisha_t1_026_r3c1,odisha_t1_026,train,test,change,automatic,A new road loop has been built in the south-centre near the solar panels,Odisha,central_east,20.75783,84.31076,"[84.298234, 20.74605, 84.323289, 20.769616]",2020-01-13,2026-01-11,S2A_T44QRJ_20200113T045526_L2A,S2C_T44QRJ_20260111T045428_L2A,EPSG:32644,MGRS-44QRJ,change,change,images/odisha_t1_026_r3c1
odisha_t1_026_r3c3,odisha_t1_026,train,test,change,human,,Odisha,central_east,20.75688,84.35986,"[84.347333, 20.745093, 84.372394, 20.768665]",2020-01-13,2026-01-11,S2A_T44QRJ_20200113T045526_L2A,S2C_T44QRJ_20260111T045428_L2A,EPSG:32644,MGRS-44QRJ,change,change,images/odisha_t1_026_r3c3
odisha_t1_031_r1c1,odisha_t1_031,train,test,seasonal,human,,Odisha,central_east,21.92035,85.79478,"[85.782289, 21.9087, 85.807266, 21.932005]",2020-01-13,2026-01-11,S2A_T45QUE_20200113T045526_L2A,S2C_T45QUE_20260111T045428_L2A,EPSG:32645,MGRS-45QUE,change,seasonal,images/odisha_t1_031_r1c1
odisha_t1_031_r1c3,odisha_t1_031,train,test,seasonal,human,,Odisha,central_east,21.92071,85.84434,"[85.831857, 21.909059, 85.856826, 21.932357]",2020-01-13,2026-01-11,S2A_T45QUE_20200113T045526_L2A,S2C_T45QUE_20260111T045428_L2A,EPSG:32645,MGRS-45QUE,change,seasonal,images/odisha_t1_031_r1c3
odisha_t1_031_r2c1,odisha_t1_031,train,test,seasonal,human,,Odisha,central_east,21.89723,85.79497,"[85.782486, 21.885576, 85.807458, 21.908881]",2020-01-13,2026-01-11,S2A_T45QUE_20200113T045526_L2A,S2C_T45QUE_20260111T045428_L2A,EPSG:32645,MGRS-45QUE,change,seasonal,images/odisha_t1_031_r2c1
odisha_t1_031_r3c1,odisha_t1_031,train,test,seasonal,human,,Odisha,central_east,21.87411,85.79517,"[85.782682, 21.862453, 85.80765, 21.885758]",2020-01-13,2026-01-11,S2A_T45QUE_20200113T045526_L2A,S2C_T45QUE_20260111T045428_L2A,EPSG:32645,MGRS-45QUE,change,seasonal,images/odisha_t1_031_r3c1
punjab_018_r0c0,punjab_018,train,test,seasonal,automatic,,Punjab,north_plains,31.34453,75.7668,"[75.753254, 31.332906, 75.780352, 31.356163]",2020-02-22,2026-02-20,S2B_T43REQ_20200222T054043_L2A,S2B_T43REQ_20260220T054822_L2A,EPSG:32643,MGRS-43REQ,seasonal,seasonal,images/punjab_018_r0c0
punjab_018_r0c2,punjab_018,train,test,change,automatic,New industrial buildings have been added around the factory compound in the south and north-east,Punjab,north_plains,31.3442,75.82062,"[75.807069, 31.332568, 75.834179, 31.355835]",2020-02-22,2026-02-20,S2B_T43REQ_20200222T054043_L2A,S2B_T43REQ_20260220T054822_L2A,EPSG:32643,MGRS-43REQ,change,change,images/punjab_018_r0c2
punjab_018_r0c3,punjab_018,train,test,seasonal,automatic,,Punjab,north_plains,31.34403,75.84753,"[75.833975, 31.33239, 75.861092, 31.355663]",2020-02-22,2026-02-20,S2B_T43REQ_20200222T054043_L2A,S2B_T43REQ_20260220T054822_L2A,EPSG:32643,MGRS-43REQ,seasonal,seasonal,images/punjab_018_r0c3
punjab_018_r1c0,punjab_018,train,test,seasonal,automatic,,Punjab,north_plains,31.32144,75.76662,"[75.75307, 31.30981, 75.780161, 31.333067]",2020-02-22,2026-02-20,S2B_T43REQ_20200222T054043_L2A,S2B_T43REQ_20260220T054822_L2A,EPSG:32643,MGRS-43REQ,seasonal,seasonal,images/punjab_018_r1c0
punjab_018_r1c2,punjab_018,train,test,change,human,,Punjab,north_plains,31.32111,75.82042,"[75.806872, 31.309472, 75.833975, 31.33274]",2020-02-22,2026-02-20,S2B_T43REQ_20200222T054043_L2A,S2B_T43REQ_20260220T054822_L2A,EPSG:32643,MGRS-43REQ,change,seasonal,images/punjab_018_r1c2
punjab_018_r2c0,punjab_018,train,test,seasonal,automatic,,Punjab,north_plains,31.29834,75.76643,"[75.752887, 31.286714, 75.779971, 31.30997]",2020-02-22,2026-02-20,S2B_T43REQ_20200222T054043_L2A,S2B_T43REQ_20260220T054822_L2A,EPSG:32643,MGRS-43REQ,seasonal,seasonal,images/punjab_018_r2c0
punjab_018_r2c1,punjab_018,train,test,no_change,human,,Punjab,north_plains,31.29818,75.79333,"[75.779781, 31.286547, 75.806872, 31.30981]",2020-02-22,2026-02-20,S2B_T43REQ_20200222T054043_L2A,S2B_T43REQ_20260220T054822_L2A,EPSG:32643,MGRS-43REQ,seasonal,seasonal,images/punjab_018_r2c1
punjab_018_r2c3,punjab_018,train,test,seasonal,automatic,,Punjab,north_plains,31.29783,75.84712,"[75.833569, 31.286198, 75.860672, 31.309472]",2020-02-22,2026-02-20,S2B_T43REQ_20200222T054043_L2A,S2B_T43REQ_20260220T054822_L2A,EPSG:32643,MGRS-43REQ,seasonal,seasonal,images/punjab_018_r2c3
punjab_018_r3c0,punjab_018,train,test,seasonal,automatic,,Punjab,north_plains,31.27525,75.76624,"[75.752703, 31.263617, 75.779781, 31.286874]",2020-02-22,2026-02-20,S2B_T43REQ_20200222T054043_L2A,S2B_T43REQ_20260220T054822_L2A,EPSG:32643,MGRS-43REQ,seasonal,seasonal,images/punjab_018_r3c0
punjab_018_r3c3,punjab_018,train,test,no_change,human,,Punjab,north_plains,31.27474,75.84691,"[75.833365, 31.263103, 75.860462, 31.286376]",2020-02-22,2026-02-20,S2B_T43REQ_20200222T054043_L2A,S2B_T43REQ_20260220T054822_L2A,EPSG:32643,MGRS-43REQ,change,seasonal,images/punjab_018_r3c3
punjab_t1_005_r0c0,punjab_t1_005,train,test,no_change,human,,Punjab,north_plains,30.07278,74.29403,"[74.280669, 30.061157, 74.307394, 30.084401]",2020-02-07,2026-02-05,S2A_T43RDP_20200207T054526_L2A,S2C_T43RDP_20260205T054022_L2A,EPSG:32643,MGRS-43RDP,change,seasonal,images/punjab_t1_005_r0c0
punjab_t1_005_r0c1,punjab_t1_005,train,test,no_change,human,,Punjab,north_plains,30.07292,74.32059,"[74.307233, 30.0613, 74.333951, 30.084538]",2020-02-07,2026-02-05,S2A_T43RDP_20200207T054526_L2A,S2C_T43RDP_20260205T054022_L2A,EPSG:32643,MGRS-43RDP,change,seasonal,images/punjab_t1_005_r0c1
punjab_t1_005_r0c2,punjab_t1_005,train,test,seasonal,automatic,,Punjab,north_plains,30.07305,74.34715,"[74.333796, 30.061437, 74.360509, 30.08467]",2020-02-07,2026-02-05,S2A_T43RDP_20200207T054526_L2A,S2C_T43RDP_20260205T054022_L2A,EPSG:32643,MGRS-43RDP,seasonal,seasonal,images/punjab_t1_005_r0c2
punjab_t1_005_r0c3,punjab_t1_005,train,test,seasonal,automatic,,Punjab,north_plains,30.07318,74.37371,"[74.36036, 30.061569, 74.387066, 30.084796]",2020-02-07,2026-02-05,S2A_T43RDP_20200207T054526_L2A,S2C_T43RDP_20260205T054022_L2A,EPSG:32643,MGRS-43RDP,seasonal,seasonal,images/punjab_t1_005_r0c3
punjab_t1_005_r1c0,punjab_t1_005,train,test,seasonal,automatic,,Punjab,north_plains,30.04968,74.2942,"[74.280836, 30.038056, 74.307554, 30.0613]",2020-02-07,2026-02-05,S2A_T43RDP_20200207T054526_L2A,S2C_T43RDP_20260205T054022_L2A,EPSG:32643,MGRS-43RDP,seasonal,seasonal,images/punjab_t1_005_r1c0
punjab_t1_005_r1c1,punjab_t1_005,train,test,seasonal,automatic,,Punjab,north_plains,30.04982,74.32075,"[74.307394, 30.038198, 74.334106, 30.061437]",2020-02-07,2026-02-05,S2A_T43RDP_20200207T054526_L2A,S2C_T43RDP_20260205T054022_L2A,EPSG:32643,MGRS-43RDP,seasonal,seasonal,images/punjab_t1_005_r1c1
punjab_t1_005_r1c2,punjab_t1_005,train,test,seasonal,automatic,,Punjab,north_plains,30.04995,74.3473,"[74.333951, 30.038335, 74.360657, 30.061569]",2020-02-07,2026-02-05,S2A_T43RDP_20200207T054526_L2A,S2C_T43RDP_20260205T054022_L2A,EPSG:32643,MGRS-43RDP,seasonal,seasonal,images/punjab_t1_005_r1c2
punjab_t1_005_r2c0,punjab_t1_005,train,test,change,automatic,New dark rectangular ponds have been dug east and south of the town,Punjab,north_plains,30.02658,74.29436,"[74.281003, 30.014955, 74.307715, 30.038198]",2020-02-07,2026-02-05,S2A_T43RDP_20200207T054526_L2A,S2C_T43RDP_20260205T054022_L2A,EPSG:32643,MGRS-43RDP,change,change,images/punjab_t1_005_r2c0
punjab_t1_005_r2c2,punjab_t1_005,train,test,change,human,,Punjab,north_plains,30.02685,74.34746,"[74.334106, 30.015234, 74.360805, 30.038467]",2020-02-07,2026-02-05,S2A_T43RDP_20200207T054526_L2A,S2C_T43RDP_20260205T054022_L2A,EPSG:32643,MGRS-43RDP,change,seasonal,images/punjab_t1_005_r2c2
punjab_t1_005_r2c3,punjab_t1_005,train,test,no_change,human,,Punjab,north_plains,30.02698,74.374,"[74.360657, 30.015366, 74.387351, 30.038594]",2020-02-07,2026-02-05,S2A_T43RDP_20200207T054526_L2A,S2C_T43RDP_20260205T054022_L2A,EPSG:32643,MGRS-43RDP,change,seasonal,images/punjab_t1_005_r2c3
punjab_t1_005_r3c0,punjab_t1_005,train,test,seasonal,automatic,,Punjab,north_plains,30.00348,74.29452,"[74.28117, 29.991854, 74.307875, 30.015097]",2020-02-07,2026-02-05,S2A_T43RDP_20200207T054526_L2A,S2C_T43RDP_20260205T054022_L2A,EPSG:32643,MGRS-43RDP,seasonal,seasonal,images/punjab_t1_005_r3c0
rajasthan_006_r0c0,rajasthan_006,train,test,no_change,human,,Rajasthan,west_desert,26.18047,71.83304,"[71.819964, 26.168671, 71.846111, 26.192263]",2020-01-11,2026-01-09,S2A_T42RYP_20200111T055212_L2A,S2C_T42RYP_20260109T055226_L2A,EPSG:32642,MGRS-42RYP,change,seasonal,images/rajasthan_006_r0c0
rajasthan_006_r1c2,rajasthan_006,train,test,no_change,human,,Rajasthan,west_desert,26.15636,71.88364,"[71.870569, 26.144564, 71.896718, 26.168163]",2020-01-11,2026-01-09,S2A_T42RYP_20200111T055212_L2A,S2C_T42RYP_20260109T055226_L2A,EPSG:32642,MGRS-42RYP,seasonal,seasonal,images/rajasthan_006_r1c2
rajasthan_006_r1c3,rajasthan_006,train,test,seasonal,automatic,,Rajasthan,west_desert,26.15585,71.90922,"[71.896148, 26.144047, 71.922302, 26.16765]",2020-01-11,2026-01-09,S2A_T42RYP_20200111T055212_L2A,S2C_T42RYP_20260109T055226_L2A,EPSG:32642,MGRS-42RYP,seasonal,seasonal,images/rajasthan_006_r1c3
rajasthan_006_r3c2,rajasthan_006,train,test,cant_tell,human,,Rajasthan,west_desert,26.11019,71.88251,"[71.86944, 26.098391, 71.895578, 26.121989]",2020-01-11,2026-01-09,S2A_T42RYP_20200111T055212_L2A,S2C_T42RYP_20260109T055226_L2A,EPSG:32642,MGRS-42RYP,change,seasonal,images/rajasthan_006_r3c2
rajasthan_006_r3c3,rajasthan_006,train,test,no_change,automatic,,Rajasthan,west_desert,26.10968,71.90808,"[71.895009, 26.097875, 71.921151, 26.121477]",2020-01-11,2026-01-09,S2A_T42RYP_20200111T055212_L2A,S2C_T42RYP_20260109T055226_L2A,EPSG:32642,MGRS-42RYP,seasonal,seasonal,images/rajasthan_006_r3c3
rajasthan_015_r0c0,rajasthan_015,train,test,seasonal,automatic,,Rajasthan,west_desert,25.63981,71.00451,"[70.991571, 25.628085, 71.017444, 25.651539]",2020-01-11,2026-01-09,S2A_T42RYP_20200111T055212_L2A,S2C_T42RYP_20260109T055226_L2A,EPSG:32642,MGRS-42RYP,seasonal,seasonal,images/rajasthan_015_r0c0
rajasthan_015_r0c2,rajasthan_015,train,test,no_change,automatic,,Rajasthan,west_desert,25.6391,71.05548,"[71.04254, 25.627373, 71.068422, 25.650834]",2020-01-11,2026-01-09,S2A_T42RYP_20200111T055212_L2A,S2C_T42RYP_20260109T055226_L2A,EPSG:32642,MGRS-42RYP,seasonal,seasonal,images/rajasthan_015_r0c2
rajasthan_015_r1c2,rajasthan_015,train,test,no_change,human,,Rajasthan,west_desert,25.616,71.05509,"[71.042147, 25.60427, 71.068024, 25.627731]",2020-01-11,2026-01-09,S2A_T42RYP_20200111T055212_L2A,S2C_T42RYP_20260109T055226_L2A,EPSG:32642,MGRS-42RYP,seasonal,seasonal,images/rajasthan_015_r1c2
rajasthan_015_r2c1,rajasthan_015,train,test,no_change,automatic,,Rajasthan,west_desert,25.59325,71.02921,"[71.016281, 25.581525, 71.042147, 25.604982]",2020-01-11,2026-01-09,S2A_T42RYP_20200111T055212_L2A,S2C_T42RYP_20260109T055226_L2A,EPSG:32642,MGRS-42RYP,seasonal,seasonal,images/rajasthan_015_r2c1
rajasthan_015_r3c0,rajasthan_015,train,test,no_change,automatic,,Rajasthan,west_desert,25.5705,71.00335,"[70.990423, 25.558775, 71.016281, 25.582228]",2020-01-11,2026-01-09,S2A_T42RYP_20200111T055212_L2A,S2C_T42RYP_20260109T055226_L2A,EPSG:32642,MGRS-42RYP,seasonal,seasonal,images/rajasthan_015_r3c0
rajasthan_024_r0c0,rajasthan_024,train,test,seasonal,automatic,,Rajasthan,west_desert,26.89821,72.19857,"[72.185411, 26.886408, 72.21173, 26.910005]",2019-12-02,2025-12-05,S2A_T43RBK_20191202T055948_L2A,S2B_T43RBK_20251205T055124_L2A,EPSG:32643,MGRS-43RBK,seasonal,seasonal,images/rajasthan_024_r0c0
rajasthan_024_r0c3,rajasthan_024,train,test,seasonal,automatic,,Rajasthan,west_desert,26.89972,72.27582,"[72.262666, 26.887927, 72.288971, 26.911511]",2019-12-02,2025-12-05,S2A_T43RBK_20191202T055948_L2A,S2B_T43RBK_20251205T055124_L2A,EPSG:32643,MGRS-43RBK,seasonal,seasonal,images/rajasthan_024_r0c3
rajasthan_024_r1c2,rajasthan_024,train,test,seasonal,automatic,,Rajasthan,west_desert,26.87613,72.25063,"[72.237476, 26.864339, 72.26378, 26.887927]",2019-12-02,2025-12-05,S2A_T43RBK_20191202T055948_L2A,S2B_T43RBK_20251205T055124_L2A,EPSG:32643,MGRS-43RBK,seasonal,seasonal,images/rajasthan_024_r1c2
rajasthan_024_r1c3,rajasthan_024,train,test,cant_tell,human,,Rajasthan,west_desert,26.87663,72.27637,"[72.263223, 26.86484, 72.289522, 26.888423]",2019-12-02,2025-12-05,S2A_T43RBK_20191202T055948_L2A,S2B_T43RBK_20251205T055124_L2A,EPSG:32643,MGRS-43RBK,change,seasonal,images/rajasthan_024_r1c3
rajasthan_024_r2c0,rajasthan_024,train,test,seasonal,automatic,,Rajasthan,west_desert,26.85204,72.19971,"[72.186556, 26.840237, 72.212862, 26.863833]",2019-12-02,2025-12-05,S2A_T43RBK_20191202T055948_L2A,S2B_T43RBK_20251205T055124_L2A,EPSG:32643,MGRS-43RBK,seasonal,seasonal,images/rajasthan_024_r2c0
rajasthan_024_r2c1,rajasthan_024,train,test,seasonal,automatic,,Rajasthan,west_desert,26.85254,72.22545,"[72.212296, 26.840747, 72.238598, 26.864339]",2019-12-02,2025-12-05,S2A_T43RBK_20191202T055948_L2A,S2B_T43RBK_20251205T055124_L2A,EPSG:32643,MGRS-43RBK,seasonal,seasonal,images/rajasthan_024_r2c1
rajasthan_024_r2c2,rajasthan_024,train,test,seasonal,automatic,,Rajasthan,west_desert,26.85305,72.25119,"[72.238038, 26.841252, 72.264335, 26.86484]",2019-12-02,2025-12-05,S2A_T43RBK_20191202T055948_L2A,S2B_T43RBK_20251205T055124_L2A,EPSG:32643,MGRS-43RBK,seasonal,seasonal,images/rajasthan_024_r2c2
rajasthan_024_r2c3,rajasthan_024,train,test,seasonal,human,,Rajasthan,west_desert,26.85354,72.27693,"[72.26378, 26.841752, 72.290073, 26.865336]",2019-12-02,2025-12-05,S2A_T43RBK_20191202T055948_L2A,S2B_T43RBK_20251205T055124_L2A,EPSG:32643,MGRS-43RBK,change,seasonal,images/rajasthan_024_r2c3
rajasthan_025_r1c3,rajasthan_025,train,test,change,human,,Rajasthan,west_desert,26.33398,71.01512,"[71.002101, 26.322247, 71.028138, 26.345708]",2020-03-01,2026-02-23,S2A_T42RXQ_20200301T055331_L2A,S2B_T42RXQ_20260223T055613_L2A,EPSG:32642,MGRS-42RXQ,change,change,images/rajasthan_025_r1c3
rajasthan_025_r3c0,rajasthan_025,train,test,seasonal,automatic,,Rajasthan,west_desert,26.28883,70.93744,"[70.924431, 26.27711, 70.950443, 26.300559]",2020-03-01,2026-02-23,S2A_T42RXQ_20200301T055331_L2A,S2B_T42RXQ_20260223T055613_L2A,EPSG:32642,MGRS-42RXQ,seasonal,seasonal,images/rajasthan_025_r3c0
rajasthan_042_r0c0,rajasthan_042,train,test,seasonal,automatic,,Rajasthan,west_desert,26.3703,75.52585,"[75.512967, 26.358693, 75.538732, 26.381902]",2019-12-21,2025-12-16,S2B_T43REK_20191221T053652_L2A,S2A_T43REK_20251216T053634_L2A,EPSG:32643,MGRS-43REK,seasonal,seasonal,images/rajasthan_042_r0c0
rajasthan_042_r2c3,rajasthan_042,train,test,seasonal,human,,Rajasthan,west_desert,26.32377,75.60259,"[75.589705, 26.312155, 75.615474, 26.335377]",2019-12-21,2025-12-16,S2B_T43REK_20191221T053652_L2A,S2A_T43REK_20251216T053634_L2A,EPSG:32643,MGRS-43REK,change,change,images/rajasthan_042_r2c3
rajasthan_042_r3c0,rajasthan_042,train,test,seasonal,human,,Rajasthan,west_desert,26.30095,75.52554,"[75.512661, 26.28935, 75.53841, 26.312559]",2019-12-21,2025-12-16,S2B_T43REK_20191221T053652_L2A,S2A_T43REK_20251216T053634_L2A,EPSG:32643,MGRS-43REK,change,seasonal,images/rajasthan_042_r3c0
rajasthan_042_r3c1,rajasthan_042,train,test,seasonal,human,,Rajasthan,west_desert,26.30086,75.55118,"[75.538304, 26.289252, 75.564058, 26.312465]",2019-12-21,2025-12-16,S2B_T43REK_20191221T053652_L2A,S2A_T43REK_20251216T053634_L2A,EPSG:32643,MGRS-43REK,change,seasonal,images/rajasthan_042_r3c1
rajasthan_050_r0c0,rajasthan_050,train,test,no_change,automatic,,Rajasthan,west_desert,25.73914,70.41809,"[70.405194, 25.727458, 70.430984, 25.750816]",2020-02-10,2026-02-08,S2A_T42RXP_20200210T055759_L2A,S2C_T42RXP_20260208T055009_L2A,EPSG:32642,MGRS-42RXP,seasonal,seasonal,images/rajasthan_050_r0c0
rajasthan_050_r0c1,rajasthan_050,train,test,no_change,human,,Rajasthan,west_desert,25.73889,70.44361,"[70.430708, 25.727205, 70.456503, 25.750568]",2020-02-10,2026-02-08,S2A_T42RXP_20200210T055759_L2A,S2C_T42RXP_20260208T055009_L2A,EPSG:32642,MGRS-42RXP,seasonal,seasonal,images/rajasthan_050_r0c1
rajasthan_050_r0c3,rajasthan_050,train,test,no_change,human,,Rajasthan,west_desert,25.73837,70.49464,"[70.481734, 25.726686, 70.507538, 25.750057]",2020-02-10,2026-02-08,S2A_T42RXP_20200210T055759_L2A,S2C_T42RXP_20260208T055009_L2A,EPSG:32642,MGRS-42RXP,seasonal,seasonal,images/rajasthan_050_r0c3
rajasthan_050_r1c0,rajasthan_050,train,test,no_change,automatic,,Rajasthan,west_desert,25.71603,70.41781,"[70.404922, 25.704347, 70.430708, 25.727706]",2020-02-10,2026-02-08,S2A_T42RXP_20200210T055759_L2A,S2C_T42RXP_20260208T055009_L2A,EPSG:32642,MGRS-42RXP,seasonal,seasonal,images/rajasthan_050_r1c0
rajasthan_050_r1c2,rajasthan_050,train,test,no_change,automatic,,Rajasthan,west_desert,25.71552,70.46884,"[70.45594, 25.703838, 70.481734, 25.727205]",2020-02-10,2026-02-08,S2A_T42RXP_20200210T055759_L2A,S2C_T42RXP_20260208T055009_L2A,EPSG:32642,MGRS-42RXP,seasonal,seasonal,images/rajasthan_050_r1c2
rajasthan_050_r1c3,rajasthan_050,train,test,no_change,human,,Rajasthan,west_desert,25.71526,70.49435,"[70.481448, 25.703576, 70.507247, 25.726947]",2020-02-10,2026-02-08,S2A_T42RXP_20200210T055759_L2A,S2C_T42RXP_20260208T055009_L2A,EPSG:32642,MGRS-42RXP,seasonal,seasonal,images/rajasthan_050_r1c3
rajasthan_050_r2c2,rajasthan_050,train,test,no_change,human,,Rajasthan,west_desert,25.69241,70.46855,"[70.455658, 25.680728, 70.481448, 25.704095]",2020-02-10,2026-02-08,S2A_T42RXP_20200210T055759_L2A,S2C_T42RXP_20260208T055009_L2A,EPSG:32642,MGRS-42RXP,change,seasonal,images/rajasthan_050_r2c2
rajasthan_050_r3c2,rajasthan_050,train,test,no_change,automatic,,Rajasthan,west_desert,25.6693,70.46827,"[70.455378, 25.657619, 70.481162, 25.680985]",2020-02-10,2026-02-08,S2A_T42RXP_20200210T055759_L2A,S2C_T42RXP_20260208T055009_L2A,EPSG:32642,MGRS-42RXP,seasonal,seasonal,images/rajasthan_050_r3c2
rajasthan_052_r3c3,rajasthan_052,train,train,seasonal,automatic,,Rajasthan,west_desert,28.7423,73.14848,"[73.135177, 28.73057, 73.161789, 28.754024]",2020-02-07,2026-02-05,S2A_T43RCM_20200207T054526_L2A,S2C_T43RCM_20260205T054022_L2A,EPSG:32643,MGRS-43RCM,seasonal,seasonal,images/rajasthan_052_r3c3
rajasthan_076_r2c2,rajasthan_076,train,train,seasonal,automatic,,Rajasthan,west_desert,25.05203,71.55291,"[71.539996, 25.040265, 71.565829, 25.063798]",2020-01-21,2026-01-19,S2A_T42RYN_20200121T055556_L2A,S2C_T42RYN_20260119T055150_L2A,EPSG:32642,MGRS-42RYN,seasonal,seasonal,images/rajasthan_076_r2c2
rajasthan_088_r0c3,rajasthan_088,train,test,seasonal,human,,Rajasthan,west_desert,28.36181,75.30023,"[75.287134, 28.35023, 75.313323, 28.373396]",2020-02-17,2026-02-15,S2A_T43REM_20200217T054440_L2A,S2C_T43REM_20260215T054821_L2A,EPSG:32643,MGRS-43REM,change,change,images/rajasthan_088_r0c3
rajasthan_088_r1c2,rajasthan_088,train,test,change,automatic,New buildings appear north of the upper basin and between the two basins,Rajasthan,west_desert,28.33876,75.27405,"[75.260956, 28.327179, 75.287134, 28.35034]",2020-02-17,2026-02-15,S2A_T43REM_20200217T054440_L2A,S2C_T43REM_20260215T054821_L2A,EPSG:32643,MGRS-43REM,change,change,images/rajasthan_088_r1c2
rajasthan_096_r0c0,rajasthan_096,train,test,no_change,human,,Rajasthan,west_desert,26.01311,70.72829,"[70.715334, 26.001404, 70.741243, 26.024815]",2020-02-10,2026-02-08,S2A_T42RXP_20200210T055759_L2A,S2C_T42RXP_20260208T055009_L2A,EPSG:32642,MGRS-42RXP,seasonal,seasonal,images/rajasthan_096_r0c0
rajasthan_096_r0c1,rajasthan_096,train,test,seasonal,automatic,,Rajasthan,west_desert,26.0128,70.75386,"[70.740902, 26.001094, 70.766817, 26.024509]",2020-02-10,2026-02-08,S2A_T42RXP_20200210T055759_L2A,S2C_T42RXP_20260208T055009_L2A,EPSG:32642,MGRS-42RXP,seasonal,seasonal,images/rajasthan_096_r0c1
rajasthan_096_r0c3,rajasthan_096,train,test,no_change,automatic,,Rajasthan,west_desert,26.01217,70.805,"[70.792039, 26.00046, 70.817962, 26.023884]",2020-02-10,2026-02-08,S2A_T42RXP_20200210T055759_L2A,S2C_T42RXP_20260208T055009_L2A,EPSG:32642,MGRS-42RXP,seasonal,seasonal,images/rajasthan_096_r0c3
rajasthan_096_r1c0,rajasthan_096,train,test,seasonal,automatic,,Rajasthan,west_desert,25.99,70.72795,"[70.714998, 25.978298, 70.740902, 26.001709]",2020-02-10,2026-02-08,S2A_T42RXP_20200210T055759_L2A,S2C_T42RXP_20260208T055009_L2A,EPSG:32642,MGRS-42RXP,seasonal,seasonal,images/rajasthan_096_r1c0
rajasthan_096_r1c1,rajasthan_096,train,test,no_change,human,,Rajasthan,west_desert,25.9897,70.75352,"[70.740562, 25.977988, 70.766471, 26.001404]",2020-02-10,2026-02-08,S2A_T42RXP_20200210T055759_L2A,S2C_T42RXP_20260208T055009_L2A,EPSG:32642,MGRS-42RXP,change,seasonal,images/rajasthan_096_r1c1
rajasthan_096_r1c3,rajasthan_096,train,test,no_change,human,,Rajasthan,west_desert,25.98907,70.80465,"[70.791688, 25.977355, 70.817606, 26.000779]",2020-02-10,2026-02-08,S2A_T42RXP_20200210T055759_L2A,S2C_T42RXP_20260208T055009_L2A,EPSG:32642,MGRS-42RXP,change,seasonal,images/rajasthan_096_r1c3
rajasthan_096_r3c0,rajasthan_096,train,test,no_change,human,,Rajasthan,west_desert,25.94379,70.72727,"[70.714328, 25.932086, 70.740222, 25.955497]",2020-02-10,2026-02-08,S2A_T42RXP_20200210T055759_L2A,S2C_T42RXP_20260208T055009_L2A,EPSG:32642,MGRS-42RXP,change,seasonal,images/rajasthan_096_r3c0
rajasthan_096_r3c1,rajasthan_096,train,test,no_change,automatic,,Rajasthan,west_desert,25.94348,70.75283,"[70.739882, 25.931777, 70.76578, 25.955192]",2020-02-10,2026-02-08,S2A_T42RXP_20200210T055759_L2A,S2C_T42RXP_20260208T055009_L2A,EPSG:32642,MGRS-42RXP,seasonal,seasonal,images/rajasthan_096_r3c1
rajasthan_096_r3c3,rajasthan_096,train,test,no_change,human,,Rajasthan,west_desert,25.94286,70.80394,"[70.790989, 25.931145, 70.816896, 25.954569]",2020-02-10,2026-02-08,S2A_T42RXP_20200210T055759_L2A,S2C_T42RXP_20260208T055009_L2A,EPSG:32642,MGRS-42RXP,change,seasonal,images/rajasthan_096_r3c3
rajasthan_097_r3c2,rajasthan_097,train,test,seasonal,human,,Rajasthan,west_desert,23.77613,75.66564,"[75.653014, 23.764513, 75.678256, 23.787743]",2019-11-11,2025-11-09,S2B_T43QEG_20191111T053120_L2A,S2B_T43QEG_20251109T054120_L2A,EPSG:32643,MGRS-43QEG,change,seasonal,images/rajasthan_097_r3c2
rajasthan_t1_031_r0c0,rajasthan_t1_031,train,test,seasonal,human,,Rajasthan,west_desert,25.20945,74.01966,"[74.006867, 25.197807, 74.032461, 25.221091]",2020-03-08,2026-03-07,S2A_T43RDH_20200308T054519_L2A,S2C_T43RDH_20260307T054857_L2A,EPSG:32643,MGRS-43RDH,change,seasonal,images/rajasthan_t1_031_r0c0
rajasthan_t1_031_r0c1,rajasthan_t1_031,train,test,seasonal,automatic,,Rajasthan,west_desert,25.20961,74.04507,"[74.032278, 25.197975, 74.057868, 25.221255]",2020-03-08,2026-03-07,S2A_T43RDH_20200308T054519_L2A,S2C_T43RDH_20260307T054857_L2A,EPSG:32643,MGRS-43RDH,seasonal,seasonal,images/rajasthan_t1_031_r0c1
rajasthan_t1_031_r0c3,rajasthan_t1_031,train,test,seasonal,automatic,,Rajasthan,west_desert,25.20993,74.09589,"[74.083101, 25.198299, 74.108682, 25.22157]",2020-03-08,2026-03-07,S2A_T43RDH_20200308T054519_L2A,S2C_T43RDH_20260307T054857_L2A,EPSG:32643,MGRS-43RDH,seasonal,seasonal,images/rajasthan_t1_031_r0c3
rajasthan_t1_031_r1c0,rajasthan_t1_031,train,test,no_change,human,,Rajasthan,west_desert,25.18633,74.01985,"[74.007055, 25.174691, 74.032644, 25.197975]",2020-03-08,2026-03-07,S2A_T43RDH_20200308T054519_L2A,S2C_T43RDH_20260307T054857_L2A,EPSG:32643,MGRS-43RDH,change,seasonal,images/rajasthan_t1_031_r1c0
rajasthan_t1_031_r1c3,rajasthan_t1_031,train,test,seasonal,automatic,,Rajasthan,west_desert,25.18682,74.09606,"[74.083275, 25.175183, 74.10885, 25.198454]",2020-03-08,2026-03-07,S2A_T43RDH_20200308T054519_L2A,S2C_T43RDH_20260307T054857_L2A,EPSG:32643,MGRS-43RDH,seasonal,seasonal,images/rajasthan_t1_031_r1c3
rajasthan_t1_031_r2c0,rajasthan_t1_031,train,test,seasonal,automatic,,Rajasthan,west_desert,25.16322,74.02003,"[74.007242, 25.151576, 74.032826, 25.17486]",2020-03-08,2026-03-07,S2A_T43RDH_20200308T054519_L2A,S2C_T43RDH_20260307T054857_L2A,EPSG:32643,MGRS-43RDH,seasonal,seasonal,images/rajasthan_t1_031_r2c0
rajasthan_t1_031_r3c0,rajasthan_t1_031,train,test,seasonal,automatic,,Rajasthan,west_desert,25.1401,74.02022,"[74.007429, 25.12846, 74.033008, 25.151744]",2020-03-08,2026-03-07,S2A_T43RDH_20200308T054519_L2A,S2C_T43RDH_20260307T054857_L2A,EPSG:32643,MGRS-43RDH,seasonal,seasonal,images/rajasthan_t1_031_r3c0
rajasthan_t1_031_r3c2,rajasthan_t1_031,train,test,change,automatic,A new dark pit filled with water appears in the dry riverbed in the centre,Rajasthan,west_desert,25.14043,74.07101,"[74.058223, 25.128791, 74.083793, 25.152067]",2020-03-08,2026-03-07,S2A_T43RDH_20200308T054519_L2A,S2C_T43RDH_20260307T054857_L2A,EPSG:32643,MGRS-43RDH,change,change,images/rajasthan_t1_031_r3c2
rajasthan_t1_031_r3c3,rajasthan_t1_031,train,test,seasonal,automatic,,Rajasthan,west_desert,25.14059,74.0964,"[74.08362, 25.128951, 74.109186, 25.152222]",2020-03-08,2026-03-07,S2A_T43RDH_20200308T054519_L2A,S2C_T43RDH_20260307T054857_L2A,EPSG:32643,MGRS-43RDH,seasonal,seasonal,images/rajasthan_t1_031_r3c3
rajasthan_t1_039_r0c2,rajasthan_t1_039,train,test,seasonal,automatic,,Rajasthan,west_desert,25.91404,72.78428,"[72.771288, 25.902291, 72.797262, 25.925781]",2020-02-17,2026-02-15,S2A_T43RBJ_20200217T054440_L2A,S2C_T43RBJ_20260215T054821_L2A,EPSG:32643,MGRS-43RBJ,seasonal,seasonal,images/rajasthan_t1_039_r0c2
rajasthan_t1_039_r1c3,rajasthan_t1_039,train,test,seasonal,human,,Rajasthan,west_desert,25.89132,72.81024,"[72.797262, 25.879581, 72.823227, 25.903067]",2020-02-17,2026-02-15,S2A_T43RBJ_20200217T054440_L2A,S2C_T43RBJ_20260215T054821_L2A,EPSG:32643,MGRS-43RBJ,change,seasonal,images/rajasthan_t1_039_r1c3
rajasthan_t1_039_r2c0,rajasthan_t1_039,train,test,seasonal,human,,Rajasthan,west_desert,25.86705,72.73407,"[72.721088, 25.8553, 72.74706, 25.878797]",2020-02-17,2026-02-15,S2A_T43RBJ_20200217T054440_L2A,S2C_T43RBJ_20260215T054821_L2A,EPSG:32643,MGRS-43RBJ,change,seasonal,images/rajasthan_t1_039_r2c0
rajasthan_t1_039_r2c1,rajasthan_t1_039,train,test,seasonal,automatic,,Rajasthan,west_desert,25.86744,72.75961,"[72.746622, 25.855698, 72.77259, 25.879191]",2020-02-17,2026-02-15,S2A_T43RBJ_20200217T054440_L2A,S2C_T43RBJ_20260215T054821_L2A,EPSG:32643,MGRS-43RBJ,seasonal,seasonal,images/rajasthan_t1_039_r2c1
rajasthan_t1_039_r3c3,rajasthan_t1_039,train,test,seasonal,automatic,,Rajasthan,west_desert,25.84512,72.8111,"[72.79812, 25.833382, 72.824073, 25.856867]",2020-02-17,2026-02-15,S2A_T43RBJ_20200217T054440_L2A,S2C_T43RBJ_20260215T054821_L2A,EPSG:32643,MGRS-43RBJ,seasonal,seasonal,images/rajasthan_t1_039_r3c3
rajasthan_t1_045_r0c2,rajasthan_t1_045,train,test,no_change,human,,Rajasthan,west_desert,28.35738,73.8604,"[73.847222, 28.34572, 73.873587, 28.369043]",2020-03-28,2026-03-27,S2A_T43RCM_20200328T054415_L2A,S2C_T43RCM_20260327T055011_L2A,EPSG:32643,MGRS-43RCM,seasonal,seasonal,images/rajasthan_t1_045_r0c2
rajasthan_t1_045_r0c3,rajasthan_t1_045,train,test,no_change,human,,Rajasthan,west_desert,28.3576,73.88652,"[73.873343, 28.345938, 73.899703, 28.369256]",2020-03-28,2026-03-27,S2A_T43RCM_20200328T054415_L2A,S2C_T43RCM_20260327T055011_L2A,EPSG:32643,MGRS-43RCM,seasonal,seasonal,images/rajasthan_t1_045_r0c3
rajasthan_t1_045_r1c1,rajasthan_t1_045,train,test,no_change,automatic,,Rajasthan,west_desert,28.33406,73.83454,"[73.821356, 28.322393, 73.847721, 28.34572]",2020-03-28,2026-03-27,S2A_T43RCM_20200328T054415_L2A,S2C_T43RCM_20260327T055011_L2A,EPSG:32643,MGRS-43RCM,seasonal,seasonal,images/rajasthan_t1_045_r1c1
rajasthan_t1_045_r2c0,rajasthan_t1_045,train,test,no_change,automatic,,Rajasthan,west_desert,28.31073,73.80868,"[73.795502, 28.299061, 73.821866, 28.322393]",2020-03-28,2026-03-27,S2A_T43RCM_20200328T054415_L2A,S2C_T43RCM_20260327T055011_L2A,EPSG:32643,MGRS-43RCM,seasonal,seasonal,images/rajasthan_t1_045_r2c0
rajasthan_t1_045_r2c1,rajasthan_t1_045,train,test,no_change,automatic,,Rajasthan,west_desert,28.31095,73.83479,"[73.821611, 28.299289, 73.84797, 28.322616]",2020-03-28,2026-03-27,S2A_T43RCM_20200328T054415_L2A,S2C_T43RCM_20260327T055011_L2A,EPSG:32643,MGRS-43RCM,seasonal,seasonal,images/rajasthan_t1_045_r2c1
rajasthan_t1_045_r2c2,rajasthan_t1_045,train,test,seasonal,automatic,,Rajasthan,west_desert,28.31117,73.8609,"[73.847721, 28.299512, 73.874074, 28.322834]",2020-03-28,2026-03-27,S2A_T43RCM_20200328T054415_L2A,S2C_T43RCM_20260327T055011_L2A,EPSG:32643,MGRS-43RCM,seasonal,seasonal,images/rajasthan_t1_045_r2c2
rajasthan_t1_058_r1c3,rajasthan_t1_058,train,test,seasonal,automatic,,Rajasthan,west_desert,29.14884,74.90582,"[74.892647, 29.13728, 74.918989, 29.160405]",2020-02-17,2026-02-15,S2A_T43RDN_20200217T054440_L2A,S2C_T43RDN_20260215T054821_L2A,EPSG:32643,MGRS-43RDN,seasonal,seasonal,images/rajasthan_t1_058_r1c3
rajasthan_t1_058_r2c0,rajasthan_t1_058,train,test,seasonal,automatic,,Rajasthan,west_desert,29.12566,74.82689,"[74.813717, 29.114088, 74.84007, 29.137228]",2020-02-17,2026-02-15,S2A_T43RDN_20200217T054440_L2A,S2C_T43RDN_20260215T054821_L2A,EPSG:32643,MGRS-43RDN,seasonal,seasonal,images/rajasthan_t1_058_r2c0
rajasthan_t1_058_r2c3,rajasthan_t1_058,train,test,seasonal,automatic,,Rajasthan,west_desert,29.12574,74.90584,"[74.892671, 29.114174, 74.919007, 29.137299]",2020-02-17,2026-02-15,S2A_T43RDN_20200217T054440_L2A,S2C_T43RDN_20260215T054821_L2A,EPSG:32643,MGRS-43RDN,seasonal,seasonal,images/rajasthan_t1_058_r2c3
rajasthan_t1_065_r0c0,rajasthan_t1_065,train,test,no_change,automatic,,Rajasthan,west_desert,27.17815,70.0224,"[70.009372, 27.166501, 70.035422, 27.189798]",2019-12-10,2025-12-08,S2B_T42RXR_20191210T060725_L2A,S2B_T42RXR_20251208T060548_L2A,EPSG:32642,MGRS-42RXR,seasonal,seasonal,images/rajasthan_t1_065_r0c0
rajasthan_t1_065_r0c1,rajasthan_t1_065,train,test,no_change,automatic,,Rajasthan,west_desert,27.17796,70.04824,"[70.035209, 27.166308, 70.061264, 27.18961]",2019-12-10,2025-12-08,S2B_T42RXR_20191210T060725_L2A,S2B_T42RXR_20251208T060548_L2A,EPSG:32642,MGRS-42RXR,seasonal,seasonal,images/rajasthan_t1_065_r0c1
rajasthan_t1_065_r0c2,rajasthan_t1_065,train,test,no_change,automatic,,Rajasthan,west_desert,27.17776,70.07407,"[70.061045, 27.16611, 70.087105, 27.189416]",2019-12-10,2025-12-08,S2B_T42RXR_20191210T060725_L2A,S2B_T42RXR_20251208T060548_L2A,EPSG:32642,MGRS-42RXR,seasonal,seasonal,images/rajasthan_t1_065_r0c2
rajasthan_t1_065_r0c3,rajasthan_t1_065,train,test,no_change,automatic,,Rajasthan,west_desert,27.17756,70.09991,"[70.086881, 27.165907, 70.112946, 27.189218]",2019-12-10,2025-12-08,S2B_T42RXR_20191210T060725_L2A,S2B_T42RXR_20251208T060548_L2A,EPSG:32642,MGRS-42RXR,seasonal,seasonal,images/rajasthan_t1_065_r0c3
rajasthan_t1_065_r1c0,rajasthan_t1_065,train,test,no_change,automatic,,Rajasthan,west_desert,27.15504,70.02219,"[70.009164, 27.143392, 70.035209, 27.166689]",2019-12-10,2025-12-08,S2B_T42RXR_20191210T060725_L2A,S2B_T42RXR_20251208T060548_L2A,EPSG:32642,MGRS-42RXR,seasonal,seasonal,images/rajasthan_t1_065_r1c0
rajasthan_t1_065_r1c2,rajasthan_t1_065,train,test,no_change,automatic,,Rajasthan,west_desert,27.15465,70.07385,"[70.060827, 27.143001, 70.086881, 27.166308]",2019-12-10,2025-12-08,S2B_T42RXR_20191210T060725_L2A,S2B_T42RXR_20251208T060548_L2A,EPSG:32642,MGRS-42RXR,seasonal,seasonal,images/rajasthan_t1_065_r1c2
rajasthan_t1_065_r1c3,rajasthan_t1_065,train,test,no_change,human,,Rajasthan,west_desert,27.15445,70.09969,"[70.086657, 27.142799, 70.112717, 27.16611]",2019-12-10,2025-12-08,S2B_T42RXR_20191210T060725_L2A,S2B_T42RXR_20251208T060548_L2A,EPSG:32642,MGRS-42RXR,seasonal,seasonal,images/rajasthan_t1_065_r1c3
sikkim_007_r0c1,sikkim_007,train,test,seasonal,automatic,,Sikkim,himalaya,27.54827,87.97213,"[87.959061, 27.536623, 87.98519, 27.559913]",2019-12-31,2025-12-21,S2A_T45RWL_20191231T044736_L2A,S2A_T45RWL_20251221T045101_L2A,EPSG:32645,MGRS-45RWL,seasonal,seasonal,images/sikkim_007_r0c1
statue_of_unity_gujarat_r0c0,statue_of_unity_gujarat,train,train,seasonal,automatic,,Gujarat,west_desert,21.85003,73.67151,"[73.659023, 21.838369, 73.684005, 21.861691]",2020-03-08,2026-03-09,S2A_T43QCE_20200308T054519_L2A,S2A_T43QCE_20260309T055029_L2A,EPSG:32643,MGRS-43QCE,seasonal,seasonal,images/statue_of_unity_gujarat_r0c0
statue_of_unity_gujarat_r0c1,statue_of_unity_gujarat,train,train,change,automatic,A new built-up area with buildings and roads has appeared in the west near the river.,Gujarat,west_desert,21.85023,73.69628,"[73.683793, 21.838569, 73.708772, 21.861887]",2020-03-08,2026-03-09,S2A_T43QCE_20200308T054519_L2A,S2A_T43QCE_20260309T055029_L2A,EPSG:32643,MGRS-43QCE,change,change,images/statue_of_unity_gujarat_r0c1
statue_of_unity_gujarat_r0c2,statue_of_unity_gujarat,train,train,change,automatic,New roads and development have appeared on the left near the dam.,Gujarat,west_desert,21.85042,73.72105,"[73.708564, 21.838764, 73.733539, 21.86208]",2020-03-08,2026-03-09,S2A_T43QCE_20200308T054519_L2A,S2A_T43QCE_20260309T055029_L2A,EPSG:32643,MGRS-43QCE,change,change,images/statue_of_unity_gujarat_r0c2
statue_of_unity_gujarat_r1c0,statue_of_unity_gujarat,train,,no_change,automatic,,Gujarat,west_desert,21.82691,73.67173,"[73.659239, 21.815246, 73.684217, 21.838569]",2020-03-08,2026-03-09,S2A_T43QCE_20200308T054519_L2A,S2A_T43QCE_20260309T055029_L2A,EPSG:32643,MGRS-43QCE,seasonal,seasonal,images/statue_of_unity_gujarat_r1c0
statue_of_unity_gujarat_r1c2,statue_of_unity_gujarat,train,train,seasonal,automatic,,Gujarat,west_desert,21.8273,73.72126,"[73.708772, 21.815641, 73.733743, 21.838956]",2020-03-08,2026-03-09,S2A_T43QCE_20200308T054519_L2A,S2A_T43QCE_20260309T055029_L2A,EPSG:32643,MGRS-43QCE,seasonal,seasonal,images/statue_of_unity_gujarat_r1c2
statue_of_unity_gujarat_r1c3,statue_of_unity_gujarat,train,train,change,automatic,New structures and paved areas have been built near the dam on the left bank.,Gujarat,west_desert,21.82749,73.74602,"[73.733539, 21.815833, 73.758506, 21.839145]",2020-03-08,2026-03-09,S2A_T43QCE_20200308T054519_L2A,S2A_T43QCE_20260309T055029_L2A,EPSG:32643,MGRS-43QCE,change,change,images/statue_of_unity_gujarat_r1c3
statue_of_unity_gujarat_r2c3,statue_of_unity_gujarat,train,train,no_change,automatic,,Gujarat,west_desert,21.80437,73.74622,"[73.733743, 21.79271, 73.758705, 21.816021]",2020-03-08,2026-03-09,S2A_T43QCE_20200308T054519_L2A,S2A_T43QCE_20260309T055029_L2A,EPSG:32643,MGRS-43QCE,seasonal,seasonal,images/statue_of_unity_gujarat_r2c3
tamil_nadu_005_r0c1,tamil_nadu_005,train,test,change,automatic,"The quarry and mining area in the centre has expanded, with new excavated pits and water-filled ponds",Tamil Nadu,south_islands,12.18719,79.76166,"[79.749846, 12.175562, 79.773481, 12.198813]",2020-02-15,2026-02-08,S2A_T44PLU_20200215T051451_L2A,S2B_T44PLU_20260208T050523_L2A,EPSG:32644,MGRS-44PLU,change,change,images/tamil_nadu_005_r0c1
tamil_nadu_005_r1c3,tamil_nadu_005,train,test,seasonal,automatic,,Tamil Nadu,south_islands,12.16425,79.80882,"[79.797008, 12.152625, 79.820637, 12.175873]",2020-02-15,2026-02-08,S2A_T44PLU_20200215T051451_L2A,S2B_T44PLU_20260208T050523_L2A,EPSG:32644,MGRS-44PLU,seasonal,seasonal,images/tamil_nadu_005_r1c3
tamil_nadu_005_r2c0,tamil_nadu_005,train,test,seasonal,human,,Tamil Nadu,south_islands,12.14079,79.73835,"[79.726539, 12.129164, 79.750171, 12.152417]",2020-02-15,2026-02-08,S2A_T44PLU_20200215T051451_L2A,S2B_T44PLU_20260208T050523_L2A,EPSG:32644,MGRS-44PLU,change,seasonal,images/tamil_nadu_005_r2c0
tamil_nadu_005_r3c1,tamil_nadu_005,train,test,seasonal,human,,Tamil Nadu,south_islands,12.11775,79.76198,"[79.750171, 12.106126, 79.773799, 12.129377]",2020-02-15,2026-02-08,S2A_T44PLU_20200215T051451_L2A,S2B_T44PLU_20260208T050523_L2A,EPSG:32644,MGRS-44PLU,change,seasonal,images/tamil_nadu_005_r3c1
tamil_nadu_012_r1c1,tamil_nadu_012,train,test,no_change,human,,Tamil Nadu,south_islands,12.61778,77.53578,"[77.523892, 12.606101, 77.547668, 12.629452]",2020-01-24,2026-01-22,S2B_T43PGP_20200124T051244_L2A,S2B_T43PGP_20260122T052254_L2A,EPSG:32643,MGRS-43PGP,change,seasonal,images/tamil_nadu_012_r1c1
tamil_nadu_012_r2c0,tamil_nadu_012,train,test,seasonal,human,,Tamil Nadu,south_islands,12.59487,77.51201,"[77.50012, 12.583197, 77.523892, 12.606546]",2020-01-24,2026-01-22,S2B_T43PGP_20200124T051244_L2A,S2B_T43PGP_20260122T052254_L2A,EPSG:32643,MGRS-43PGP,change,change,images/tamil_nadu_012_r2c0
tamil_nadu_012_r2c1,tamil_nadu_012,train,test,no_change,human,,Tamil Nadu,south_islands,12.59465,77.53555,"[77.523665, 12.582974, 77.547439, 12.606325]",2020-01-24,2026-01-22,S2B_T43PGP_20200124T051244_L2A,S2B_T43PGP_20260122T052254_L2A,EPSG:32643,MGRS-43PGP,change,change,images/tamil_nadu_012_r2c1
tamil_nadu_t1_014_r0c0,tamil_nadu_t1_014,train,test,seasonal,human,,Tamil Nadu,south_islands,11.26684,78.32139,"[78.309549, 11.255152, 78.33323, 11.278528]",2020-02-18,2026-03-03,S2A_T43PHN_20200218T051826_L2A,S2B_T43PHN_20260303T052248_L2A,EPSG:32643,MGRS-43PHN,seasonal,seasonal,images/tamil_nadu_t1_014_r0c0
tamil_nadu_t1_014_r0c2,tamil_nadu_t1_014,train,test,change,human,,Tamil Nadu,south_islands,11.26631,78.36822,"[78.356378, 11.254623, 78.380061, 11.278001]",2020-02-18,2026-03-03,S2A_T43PHN_20200218T051826_L2A,S2B_T43PHN_20260303T052248_L2A,EPSG:32643,MGRS-43PHN,change,seasonal,images/tamil_nadu_t1_014_r0c2
tamil_nadu_t1_014_r1c3,tamil_nadu_t1_014,train,test,cant_tell,automatic,,Tamil Nadu,south_islands,11.24293,78.39136,"[78.379522, 11.231245, 78.403204, 11.254623]",2020-02-18,2026-03-03,S2A_T43PHN_20200218T051826_L2A,S2B_T43PHN_20260303T052248_L2A,EPSG:32643,MGRS-43PHN,seasonal,seasonal,images/tamil_nadu_t1_014_r1c3
tamil_nadu_t1_015_r0c3,tamil_nadu_t1_015,train,test,change,human,,Tamil Nadu,south_islands,12.27808,79.43176,"[79.419922, 12.266442, 79.443591, 12.289718]",2020-03-21,2026-03-25,S2B_T44PLU_20200321T051511_L2A,S2C_T44PLU_20260325T050734_L2A,EPSG:32644,MGRS-44PLU,change,change,images/tamil_nadu_t1_015_r0c3
tamil_nadu_t1_015_r2c0,tamil_nadu_t1_015,train,test,no_change,human,,Tamil Nadu,south_islands,12.23138,79.36145,"[79.349612, 12.219744, 79.373282, 12.243025]",2020-03-21,2026-03-25,S2B_T44PLU_20200321T051511_L2A,S2C_T44PLU_20260325T050734_L2A,EPSG:32644,MGRS-44PLU,change,seasonal,images/tamil_nadu_t1_015_r2c0
tamil_nadu_t1_015_r3c1,tamil_nadu_t1_015,train,test,no_change,human,,Tamil Nadu,south_islands,12.20838,79.38511,"[79.373282, 12.196743, 79.396948, 12.220022]",2020-03-21,2026-03-25,S2B_T44PLU_20200321T051511_L2A,S2C_T44PLU_20260325T050734_L2A,EPSG:32644,MGRS-44PLU,change,seasonal,images/tamil_nadu_t1_015_r3c1
tamil_nadu_t1_021_r0c2,tamil_nadu_t1_021,train,test,change,human,,Tamil Nadu,south_islands,10.27083,78.35717,"[78.345375, 10.259155, 78.368957, 10.282511]",2020-03-29,2026-03-28,S2A_T43PHM_20200329T051221_L2A,S2C_T43PHM_20260328T051818_L2A,EPSG:32643,MGRS-43PHM,change,seasonal,images/tamil_nadu_t1_021_r0c2
tamil_nadu_t1_021_r2c0,tamil_nadu_t1_021,train,test,no_change,human,,Tamil Nadu,south_islands,10.22508,78.31001,"[78.298221, 10.213407, 78.321797, 10.23676]",2020-03-29,2026-03-28,S2A_T43PHM_20200329T051221_L2A,S2C_T43PHM_20260328T051818_L2A,EPSG:32643,MGRS-43PHM,change,change,images/tamil_nadu_t1_021_r2c0
tamil_nadu_t1_021_r3c0,tamil_nadu_t1_021,train,test,no_change,human,,Tamil Nadu,south_islands,10.20197,78.30977,"[78.297983, 10.190293, 78.321556, 10.213644]",2020-03-29,2026-03-28,S2A_T43PHM_20200329T051221_L2A,S2C_T43PHM_20260328T051818_L2A,EPSG:32643,MGRS-43PHM,change,change,images/tamil_nadu_t1_021_r3c0
telangana_017_r0c3,telangana_017,train,test,change,human,,Telangana,deccan,16.06919,77.5271,"[77.515, 16.057489, 77.539204, 16.080892]",2020-01-22,2026-01-20,S2A_T43PGT_20200122T052733_L2A,S2C_T43PGT_20260120T052945_L2A,EPSG:32643,MGRS-43PGT,change,seasonal,images/telangana_017_r0c3
telangana_017_r1c2,telangana_017,train,test,seasonal,human,,Telangana,deccan,16.04635,77.5029,"[77.490801, 16.03465, 77.515, 16.058051]",2020-01-22,2026-01-20,S2A_T43PGT_20200122T052733_L2A,S2C_T43PGT_20260120T052945_L2A,EPSG:32643,MGRS-43PGT,change,change,images/telangana_017_r1c2
telangana_017_r3c1,telangana_017,train,test,seasonal,human,,Telangana,deccan,16.00039,77.47842,"[77.466324, 15.988686, 77.490514, 16.012084]",2020-01-22,2026-01-20,S2A_T43PGT_20200122T052733_L2A,S2C_T43PGT_20260120T052945_L2A,EPSG:32643,MGRS-43PGT,change,seasonal,images/telangana_017_r3c1
telangana_020_r0c2,telangana_020,train,test,change,automatic,The village in the west has expanded and farmland has spread into the scrubland around it,Telangana,deccan,18.11834,78.37845,"[78.366146, 18.106583, 78.390746, 18.130106]",2020-02-13,2026-02-11,S2B_T43QHA_20200213T052153_L2A,S2B_T43QHA_20260211T051615_L2A,EPSG:32643,MGRS-43QHA,change,change,images/telangana_020_r0c2
telangana_020_r1c0,telangana_020,train,test,change,automatic,"A new paved road has been built along the south, with new construction near the town in the south-west",Telangana,deccan,18.09609,78.3297,"[78.3174, 18.084329, 78.341991, 18.107846]",2020-02-13,2026-02-11,S2B_T43QHA_20200213T052153_L2A,S2B_T43QHA_20260211T051615_L2A,EPSG:32643,MGRS-43QHA,change,change,images/telangana_020_r1c0
telangana_020_r1c1,telangana_020,train,test,no_change,automatic,,Telangana,deccan,18.09567,78.35385,"[78.341553, 18.083909, 78.366146, 18.107428]",2020-02-13,2026-02-11,S2B_T43QHA_20200213T052153_L2A,S2B_T43QHA_20260211T051615_L2A,EPSG:32643,MGRS-43QHA,seasonal,seasonal,images/telangana_020_r1c1
telangana_020_r2c0,telangana_020,train,test,change,automatic,"The forest in the centre and north has been cleared for farmland, and a new road now runs through it",Telangana,deccan,18.07299,78.32926,"[78.316966, 18.06123, 78.341553, 18.084746]",2020-02-13,2026-02-11,S2B_T43QHA_20200213T052153_L2A,S2B_T43QHA_20260211T051615_L2A,EPSG:32643,MGRS-43QHA,change,change,images/telangana_020_r2c0
telangana_t1_004_r2c1,telangana_t1_004,train,test,seasonal,human,,Telangana,deccan,16.82965,77.85074,"[77.83857, 16.817928, 77.862915, 16.841374]",2019-11-10,2025-11-11,S2A_T43QHU_20191110T051135_L2A,S2C_T43QHU_20251111T053350_L2A,EPSG:32643,MGRS-43QHU,change,change,images/telangana_t1_004_r2c1
telangana_t1_004_r3c1,telangana_t1_004,train,test,change,automatic,A new pond appears among the fields in the centre,Telangana,deccan,16.80654,77.8504,"[77.838226, 16.794816, 77.862567, 16.818261]",2019-11-10,2025-11-11,S2A_T43QHU_20191110T051135_L2A,S2C_T43QHU_20251111T053350_L2A,EPSG:32643,MGRS-43QHU,change,change,images/telangana_t1_004_r3c1
telangana_t1_006_r0c0,telangana_t1_006,train,test,change,human,,Telangana,deccan,19.1399,79.69467,"[79.68241, 19.128248, 79.706929, 19.151551]",2019-11-10,2025-11-10,S2A_T44QLG_20191110T051135_L2A,S2A_T44QLG_20251110T052258_L2A,EPSG:32644,MGRS-44QLG,change,change,images/telangana_t1_006_r0c0
telangana_t1_006_r0c1,telangana_t1_006,train,test,seasonal,human,,Telangana,deccan,19.14007,79.71901,"[79.706749, 19.128421, 79.731264, 19.151721]",2019-11-10,2025-11-10,S2A_T44QLG_20191110T051135_L2A,S2A_T44QLG_20251110T052258_L2A,EPSG:32644,MGRS-44QLG,change,change,images/telangana_t1_006_r0c1
telangana_t1_006_r0c2,telangana_t1_006,train,test,no_change,human,,Telangana,deccan,19.14024,79.74334,"[79.731088, 19.128591, 79.7556, 19.151887]",2019-11-10,2025-11-10,S2A_T44QLG_20191110T051135_L2A,S2A_T44QLG_20251110T052258_L2A,EPSG:32644,MGRS-44QLG,change,change,images/telangana_t1_006_r0c2
telangana_t1_006_r0c3,telangana_t1_006,train,test,no_change,human,,Telangana,deccan,19.1404,79.76768,"[79.755427, 19.128757, 79.779937, 19.152051]",2019-11-10,2025-11-10,S2A_T44QLG_20191110T051135_L2A,S2A_T44QLG_20251110T052258_L2A,EPSG:32644,MGRS-44QLG,change,change,images/telangana_t1_006_r0c3
telangana_t1_006_r2c2,telangana_t1_006,train,test,no_change,human,,Telangana,deccan,19.09398,79.74369,"[79.731441, 19.08233, 79.755946, 19.105626]",2019-11-10,2025-11-10,S2A_T44QLG_20191110T051135_L2A,S2A_T44QLG_20251110T052258_L2A,EPSG:32644,MGRS-44QLG,change,change,images/telangana_t1_006_r2c2
telangana_t1_006_r2c3,telangana_t1_006,train,test,no_change,automatic,,Telangana,deccan,19.09414,79.76802,"[79.755773, 19.082495, 79.780276, 19.105789]",2019-11-10,2025-11-10,S2A_T44QLG_20191110T051135_L2A,S2A_T44QLG_20251110T052258_L2A,EPSG:32644,MGRS-44QLG,seasonal,seasonal,images/telangana_t1_006_r2c3
telangana_t1_006_r3c0,telangana_t1_006,train,test,no_change,human,,Telangana,deccan,19.07051,79.69521,"[79.682959, 19.058858, 79.707468, 19.08216]",2019-11-10,2025-11-10,S2A_T44QLG_20191110T051135_L2A,S2A_T44QLG_20251110T052258_L2A,EPSG:32644,MGRS-44QLG,seasonal,change,images/telangana_t1_006_r3c0
telangana_t1_006_r3c1,telangana_t1_006,train,test,no_change,human,,Telangana,deccan,19.07068,79.71954,"[79.707288, 19.05903, 79.731793, 19.08233]",2019-11-10,2025-11-10,S2A_T44QLG_20191110T051135_L2A,S2A_T44QLG_20251110T052258_L2A,EPSG:32644,MGRS-44QLG,change,seasonal,images/telangana_t1_006_r3c1
telangana_t1_007_r0c1,telangana_t1_007,train,test,seasonal,human,,Telangana,deccan,16.60534,78.70376,"[78.691634, 16.593645, 78.71589, 16.617034]",2019-11-10,2025-11-10,S2A_T44QKD_20191110T051135_L2A,S2A_T44QKD_20251110T052258_L2A,EPSG:32644,MGRS-44QKD,change,change,images/telangana_t1_007_r0c1
telangana_t1_007_r1c0,telangana_t1_007,train,test,no_change,human,,Telangana,deccan,16.58195,78.68006,"[78.66793, 16.570255, 78.692186, 16.593645]",2019-11-10,2025-11-10,S2A_T44QKD_20191110T051135_L2A,S2A_T44QKD_20251110T052258_L2A,EPSG:32644,MGRS-44QKD,change,seasonal,images/telangana_t1_007_r1c0
telangana_t1_007_r1c1,telangana_t1_007,train,test,seasonal,human,,Telangana,deccan,16.58222,78.70404,"[78.69191, 16.570522, 78.716163, 16.59391]",2019-11-10,2025-11-10,S2A_T44QKD_20191110T051135_L2A,S2A_T44QKD_20251110T052258_L2A,EPSG:32644,MGRS-44QKD,change,seasonal,images/telangana_t1_007_r1c1
telangana_t1_007_r1c3,telangana_t1_007,train,test,change,human,,Telangana,deccan,16.58274,78.75199,"[78.73987, 16.571048, 78.764118, 16.594431]",2019-11-10,2025-11-10,S2A_T44QKD_20191110T051135_L2A,S2A_T44QKD_20251110T052258_L2A,EPSG:32644,MGRS-44QKD,change,seasonal,images/telangana_t1_007_r1c3
tripura_001_r0c2,tripura_001,train,test,no_change,automatic,,Tripura,northeast,23.03202,91.8101,"[91.797508, 23.020368, 91.822692, 23.043676]",2019-11-28,2025-11-28,S2A_T46QCL_20191128T043629_L2A,S2A_T46QCL_20251128T043230_L2A,EPSG:32646,MGRS-46QCL,seasonal,seasonal,images/tripura_001_r0c2
tripura_001_r0c3,tripura_001,train,test,no_change,automatic,,Tripura,northeast,23.03221,91.83508,"[91.822491, 23.020555, 91.847671, 23.04386]",2019-11-28,2025-11-28,S2A_T46QCL_20191128T043629_L2A,S2A_T46QCL_20251128T043230_L2A,EPSG:32646,MGRS-46QCL,seasonal,seasonal,images/tripura_001_r0c3
tripura_001_r1c2,tripura_001,train,test,no_change,automatic,,Tripura,northeast,23.0089,91.8103,"[91.797713, 22.997247, 91.822892, 23.020555]",2019-11-28,2025-11-28,S2A_T46QCL_20191128T043629_L2A,S2A_T46QCL_20251128T043230_L2A,EPSG:32646,MGRS-46QCL,seasonal,seasonal,images/tripura_001_r1c2
tripura_001_r2c3,tripura_001,train,test,no_change,human,,Tripura,northeast,22.98597,91.83548,"[91.822892, 22.974314, 91.848063, 22.997618]",2019-11-28,2025-11-28,S2A_T46QCL_20191128T043629_L2A,S2A_T46QCL_20251128T043230_L2A,EPSG:32646,MGRS-46QCL,seasonal,seasonal,images/tripura_001_r2c3
tripura_001_r3c1,tripura_001,train,test,no_change,automatic,,Tripura,northeast,22.96247,91.78574,"[91.773153, 22.950815, 91.798327, 22.974127]",2019-11-28,2025-11-28,S2A_T46QCL_20191128T043629_L2A,S2A_T46QCL_20251128T043230_L2A,EPSG:32646,MGRS-46QCL,seasonal,seasonal,images/tripura_001_r3c1
tripura_001_r3c3,tripura_001,train,test,no_change,human,,Tripura,northeast,22.96285,91.83568,"[91.823093, 22.951193, 91.848259, 22.974497]",2019-11-28,2025-11-28,S2A_T46QCL_20191128T043629_L2A,S2A_T46QCL_20251128T043230_L2A,EPSG:32646,MGRS-46QCL,change,seasonal,images/tripura_001_r3c3
uttar_pradesh_042_r0c3,uttar_pradesh_042,train,test,seasonal,human,,Uttar Pradesh,north_plains,26.82188,82.81765,"[82.804594, 26.810161, 82.830712, 26.833594]",2020-03-04,2026-03-03,S2B_T44RPQ_20200304T051243_L2A,S2B_T44RPQ_20260303T051546_L2A,EPSG:32644,MGRS-44RPQ,change,change,images/uttar_pradesh_042_r0c3
uttar_pradesh_042_r1c0,uttar_pradesh_042,train,test,change,automatic,"New buildings have filled open plots in the town, with new bright structures in the centre and north-east",Uttar Pradesh,north_plains,26.79975,82.74005,"[82.727002, 26.788036, 82.7531, 26.811455]",2020-03-04,2026-03-03,S2B_T44RPQ_20200304T051243_L2A,S2B_T44RPQ_20260303T051546_L2A,EPSG:32644,MGRS-44RPQ,change,change,images/uttar_pradesh_042_r1c0
uttar_pradesh_042_r1c3,uttar_pradesh_042,train,test,seasonal,human,,Uttar Pradesh,north_plains,26.79878,82.81728,"[82.804228, 26.787059, 82.83034, 26.810492]",2020-03-04,2026-03-03,S2B_T44RPQ_20200304T051243_L2A,S2B_T44RPQ_20260303T051546_L2A,EPSG:32644,MGRS-44RPQ,change,change,images/uttar_pradesh_042_r1c3
uttar_pradesh_055_r0c1,uttar_pradesh_055,train,test,cant_tell,human,,Uttar Pradesh,north_plains,26.64536,80.03343,"[80.020474, 26.633712, 80.046387, 26.656998]",2020-03-29,2026-03-31,S2A_T44RMQ_20200329T051221_L2A,S2C_T44RMQ_20260331T052610_L2A,EPSG:32644,MGRS-44RMQ,change,seasonal,images/uttar_pradesh_055_r0c1
uttar_pradesh_055_r0c3,uttar_pradesh_055,train,test,seasonal,automatic,,Uttar Pradesh,north_plains,26.6457,80.08487,"[80.071916, 26.634057, 80.09782, 26.657334]",2020-03-29,2026-03-31,S2A_T44RMQ_20200329T051221_L2A,S2C_T44RMQ_20260331T052610_L2A,EPSG:32644,MGRS-44RMQ,seasonal,seasonal,images/uttar_pradesh_055_r0c3
uttar_pradesh_055_r1c3,uttar_pradesh_055,train,test,cant_tell,automatic,,Uttar Pradesh,north_plains,26.62258,80.08505,"[80.072103, 26.610945, 80.098001, 26.634222]",2020-03-29,2026-03-31,S2A_T44RMQ_20200329T051221_L2A,S2C_T44RMQ_20260331T052610_L2A,EPSG:32644,MGRS-44RMQ,seasonal,seasonal,images/uttar_pradesh_055_r1c3
uttar_pradesh_067_r0c0,uttar_pradesh_067,train,test,change,automatic,A new cleared construction site with bright rectangular plots has appeared in the north,Uttar Pradesh,north_plains,25.56106,81.11449,"[81.101736, 25.549487, 81.127244, 25.572624]",2020-02-08,2026-02-06,S2A_T44RNP_20200208T051227_L2A,S2C_T44RNP_20260206T051509_L2A,EPSG:32644,MGRS-44RNP,change,change,images/uttar_pradesh_067_r0c0
uttar_pradesh_067_r0c1,uttar_pradesh_067,train,test,no_change,human,,Uttar Pradesh,north_plains,25.56103,81.13998,"[81.127219, 25.549462, 81.152732, 25.572604]",2020-02-08,2026-02-06,S2A_T44RNP_20200208T051227_L2A,S2C_T44RNP_20260206T051509_L2A,EPSG:32644,MGRS-44RNP,change,seasonal,images/uttar_pradesh_067_r0c1
uttar_pradesh_067_r1c0,uttar_pradesh_067,train,test,cant_tell,automatic,,Uttar Pradesh,north_plains,25.53794,81.11447,"[81.101716, 25.526369, 81.127219, 25.549507]",2020-02-08,2026-02-06,S2A_T44RNP_20200208T051227_L2A,S2C_T44RNP_20260206T051509_L2A,EPSG:32644,MGRS-44RNP,seasonal,seasonal,images/uttar_pradesh_067_r1c0
uttar_pradesh_067_r1c2,uttar_pradesh_067,train,test,no_change,human,,Uttar Pradesh,north_plains,25.53789,81.16543,"[81.152674, 25.526316, 81.178187, 25.549462]",2020-02-08,2026-02-06,S2A_T44RNP_20200208T051227_L2A,S2C_T44RNP_20260206T051509_L2A,EPSG:32644,MGRS-44RNP,change,seasonal,images/uttar_pradesh_067_r1c2
uttar_pradesh_067_r1c3,uttar_pradesh_067,train,test,seasonal,human,,Uttar Pradesh,north_plains,25.53786,81.19091,"[81.178153, 25.526283, 81.20367, 25.549433]",2020-02-08,2026-02-06,S2A_T44RNP_20200208T051227_L2A,S2C_T44RNP_20260206T051509_L2A,EPSG:32644,MGRS-44RNP,change,seasonal,images/uttar_pradesh_067_r1c3
uttar_pradesh_067_r2c3,uttar_pradesh_067,train,test,no_change,automatic,,Uttar Pradesh,north_plains,25.51474,81.19087,"[81.178118, 25.503165, 81.203631, 25.526316]",2020-02-08,2026-02-06,S2A_T44RNP_20200208T051227_L2A,S2C_T44RNP_20260206T051509_L2A,EPSG:32644,MGRS-44RNP,seasonal,seasonal,images/uttar_pradesh_067_r2c3
uttar_pradesh_067_r3c0,uttar_pradesh_067,train,test,no_change,human,,Uttar Pradesh,north_plains,25.4917,81.11442,"[81.101677, 25.480133, 81.127171, 25.503271]",2020-02-08,2026-02-06,S2A_T44RNP_20200208T051227_L2A,S2C_T44RNP_20260206T051509_L2A,EPSG:32644,MGRS-44RNP,change,seasonal,images/uttar_pradesh_067_r3c0
uttar_pradesh_067_r3c2,uttar_pradesh_067,train,test,seasonal,human,,Uttar Pradesh,north_plains,25.49165,81.16537,"[81.152615, 25.48008, 81.178118, 25.503227]",2020-02-08,2026-02-06,S2A_T44RNP_20200208T051227_L2A,S2C_T44RNP_20260206T051509_L2A,EPSG:32644,MGRS-44RNP,change,change,images/uttar_pradesh_067_r3c2
uttar_pradesh_068_r0c1,uttar_pradesh_068,train,test,no_change,automatic,,Uttar Pradesh,north_plains,26.73134,79.33659,"[79.323554, 26.719639, 79.349621, 26.743046]",2020-02-16,2026-02-14,S2B_T44RLQ_20200216T052654_L2A,S2B_T44RLQ_20260214T052406_L2A,EPSG:32644,MGRS-44RLQ,seasonal,seasonal,images/uttar_pradesh_068_r0c1
uttar_pradesh_068_r0c3,uttar_pradesh_068,train,test,change,automatic,A new curving highway has been built through the centre where there was previously a cleared strip,Uttar Pradesh,north_plains,26.73194,79.38805,"[79.375021, 26.720238, 79.401078, 26.743635]",2020-02-16,2026-02-14,S2B_T44RLQ_20200216T052654_L2A,S2B_T44RLQ_20260214T052406_L2A,EPSG:32644,MGRS-44RLQ,change,change,images/uttar_pradesh_068_r0c3
uttar_pradesh_068_r1c3,uttar_pradesh_068,train,test,change,automatic,"A new highway has been built running north to south through the centre, crossing the existing expressway at a new interchange",Uttar Pradesh,north_plains,26.70883,79.38837,"[79.375349, 26.697133, 79.401401, 26.72053]",2020-02-16,2026-02-14,S2B_T44RLQ_20200216T052654_L2A,S2B_T44RLQ_20260214T052406_L2A,EPSG:32644,MGRS-44RLQ,change,change,images/uttar_pradesh_068_r1c3
uttar_pradesh_068_r2c0,uttar_pradesh_068,train,test,no_change,human,,Uttar Pradesh,north_plains,26.68483,79.31154,"[79.298508, 26.673125, 79.324569, 26.696535]",2020-02-16,2026-02-14,S2B_T44RLQ_20200216T052654_L2A,S2B_T44RLQ_20260214T052406_L2A,EPSG:32644,MGRS-44RLQ,change,seasonal,images/uttar_pradesh_068_r2c0
uttar_pradesh_068_r2c1,uttar_pradesh_068,train,test,seasonal,automatic,,Uttar Pradesh,north_plains,26.68513,79.33726,"[79.324231, 26.673431, 79.350286, 26.696837]",2020-02-16,2026-02-14,S2B_T44RLQ_20200216T052654_L2A,S2B_T44RLQ_20260214T052406_L2A,EPSG:32644,MGRS-44RLQ,seasonal,seasonal,images/uttar_pradesh_068_r2c1
uttar_pradesh_068_r2c3,uttar_pradesh_068,train,test,change,automatic,"The broad strip under construction in the west has become a completed highway, with new built-up patches alongside",Uttar Pradesh,north_plains,26.68573,79.3887,"[79.375677, 26.674028, 79.401723, 26.697425]",2020-02-16,2026-02-14,S2B_T44RLQ_20200216T052654_L2A,S2B_T44RLQ_20260214T052406_L2A,EPSG:32644,MGRS-44RLQ,change,change,images/uttar_pradesh_068_r2c3
uttar_pradesh_068_r3c0,uttar_pradesh_068,train,test,no_change,human,,Uttar Pradesh,north_plains,26.66173,79.31188,"[79.298851, 26.650021, 79.324906, 26.673431]",2020-02-16,2026-02-14,S2B_T44RLQ_20200216T052654_L2A,S2B_T44RLQ_20260214T052406_L2A,EPSG:32644,MGRS-44RLQ,change,seasonal,images/uttar_pradesh_068_r3c0
uttar_pradesh_068_r3c2,uttar_pradesh_068,train,test,no_change,human,,Uttar Pradesh,north_plains,26.66233,79.36331,"[79.350286, 26.650627, 79.376332, 26.674028]",2020-02-16,2026-02-14,S2B_T44RLQ_20200216T052654_L2A,S2B_T44RLQ_20260214T052406_L2A,EPSG:32644,MGRS-44RLQ,change,seasonal,images/uttar_pradesh_068_r3c2
uttar_pradesh_t1_014_r1c0,uttar_pradesh_t1_014,train,test,no_change,human,,Uttar Pradesh,north_plains,27.24274,82.54008,"[82.526992, 27.231049, 82.553159, 27.254437]",2020-03-29,2026-03-28,S2A_T44RPR_20200329T051221_L2A,S2C_T44RPR_20260328T051818_L2A,EPSG:32644,MGRS-44RPR,change,seasonal,images/uttar_pradesh_t1_014_r1c0
uttar_pradesh_t1_015_r0c0,uttar_pradesh_t1_015,train,test,seasonal,human,,Uttar Pradesh,north_plains,27.71378,78.48943,"[78.476192, 27.701998, 78.502665, 27.725558]",2020-03-02,2026-03-01,S2A_T44RKR_20200302T052546_L2A,S2C_T44RKR_20260301T052412_L2A,EPSG:32644,MGRS-44RKR,change,seasonal,images/uttar_pradesh_t1_015_r0c0
uttar_pradesh_t1_015_r0c2,uttar_pradesh_t1_015,train,test,seasonal,automatic,,Uttar Pradesh,north_plains,27.71471,78.54132,"[78.528085, 27.702935, 78.554548, 27.726485]",2020-03-02,2026-03-01,S2A_T44RKR_20200302T052546_L2A,S2C_T44RKR_20260301T052412_L2A,EPSG:32644,MGRS-44RKR,seasonal,seasonal,images/uttar_pradesh_t1_015_r0c2
uttar_pradesh_t1_015_r1c0,uttar_pradesh_t1_015,train,test,no_change,human,,Uttar Pradesh,north_plains,27.69069,78.48996,"[78.476724, 27.67891, 78.503191, 27.702469]",2020-03-02,2026-03-01,S2A_T44RKR_20200302T052546_L2A,S2C_T44RKR_20260301T052412_L2A,EPSG:32644,MGRS-44RKR,change,change,images/uttar_pradesh_t1_015_r1c0
uttar_pradesh_t1_015_r1c2,uttar_pradesh_t1_015,train,test,seasonal,automatic,,Uttar Pradesh,north_plains,27.69162,78.54183,"[78.528606, 27.679845, 78.555063, 27.703395]",2020-03-02,2026-03-01,S2A_T44RKR_20200302T052546_L2A,S2C_T44RKR_20260301T052412_L2A,EPSG:32644,MGRS-44RKR,seasonal,seasonal,images/uttar_pradesh_t1_015_r1c2
uttar_pradesh_t1_025_r0c2,uttar_pradesh_t1_025,train,test,cant_tell,human,,Uttar Pradesh,north_plains,26.89825,83.79922,"[83.786058, 26.886452, 83.812376, 26.910049]",2020-04-10,2026-04-14,S2B_T44RQQ_20200410T050706_L2A,S2C_T44RQQ_20260414T050813_L2A,EPSG:32644,MGRS-44RQQ,change,change,images/uttar_pradesh_t1_025_r0c2
uttar_pradesh_t1_025_r1c0,uttar_pradesh_t1_025,train,test,seasonal,human,,Uttar Pradesh,north_plains,26.87618,83.74716,"[83.734008, 26.864382, 83.760311, 26.88797]",2020-04-10,2026-04-14,S2B_T44RQQ_20200410T050706_L2A,S2C_T44RQQ_20260414T050813_L2A,EPSG:32644,MGRS-44RQQ,change,change,images/uttar_pradesh_t1_025_r1c0
uttar_pradesh_t1_025_r2c0,uttar_pradesh_t1_025,train,test,cant_tell,human,,Uttar Pradesh,north_plains,26.85309,83.7466,"[83.733453, 26.841295, 83.75975, 26.864882]",2020-04-10,2026-04-14,S2B_T44RQQ_20200410T050706_L2A,S2C_T44RQQ_20260414T050813_L2A,EPSG:32644,MGRS-44RQQ,change,seasonal,images/uttar_pradesh_t1_025_r2c0
uttar_pradesh_t1_025_r2c1,uttar_pradesh_t1_025,train,test,seasonal,human,,Uttar Pradesh,north_plains,26.85259,83.77234,"[83.75919, 26.84079, 83.785491, 26.864382]",2020-04-10,2026-04-14,S2B_T44RQQ_20200410T050706_L2A,S2C_T44RQQ_20260414T050813_L2A,EPSG:32644,MGRS-44RQQ,change,seasonal,images/uttar_pradesh_t1_025_r2c1
uttar_pradesh_t1_025_r2c2,uttar_pradesh_t1_025,train,test,cant_tell,human,,Uttar Pradesh,north_plains,26.85208,83.79808,"[83.784926, 26.840281, 83.811232, 26.863877]",2020-04-10,2026-04-14,S2B_T44RQQ_20200410T050706_L2A,S2C_T44RQQ_20260414T050813_L2A,EPSG:32644,MGRS-44RQQ,change,seasonal,images/uttar_pradesh_t1_025_r2c2
uttar_pradesh_t1_025_r3c1,uttar_pradesh_t1_025,train,test,cant_tell,human,,Uttar Pradesh,north_plains,26.8295,83.77178,"[83.75863, 26.817704, 83.784926, 26.841295]",2020-04-10,2026-04-14,S2B_T44RQQ_20200410T050706_L2A,S2C_T44RQQ_20260414T050813_L2A,EPSG:32644,MGRS-44RQQ,seasonal,change,images/uttar_pradesh_t1_025_r3c1
uttar_pradesh_t1_025_r3c2,uttar_pradesh_t1_025,train,test,cant_tell,human,,Uttar Pradesh,north_plains,26.82899,83.79751,"[83.784361, 26.817195, 83.810661, 26.84079]",2020-04-10,2026-04-14,S2B_T44RQQ_20200410T050706_L2A,S2C_T44RQQ_20260414T050813_L2A,EPSG:32644,MGRS-44RQQ,change,seasonal,images/uttar_pradesh_t1_025_r3c2
uttar_pradesh_t1_025_r3c3,uttar_pradesh_t1_025,train,test,cant_tell,human,,Uttar Pradesh,north_plains,26.82848,83.82324,"[83.810091, 26.816681, 83.836396, 26.840281]",2020-04-10,2026-04-14,S2B_T44RQQ_20200410T050706_L2A,S2C_T44RQQ_20260414T050813_L2A,EPSG:32644,MGRS-44RQQ,change,seasonal,images/uttar_pradesh_t1_025_r3c3
uttar_pradesh_t1_028_r0c0,uttar_pradesh_t1_028,train,test,seasonal,human,,Uttar Pradesh,north_plains,25.92588,82.21584,"[82.20294, 25.914213, 82.228735, 25.937538]",2020-02-08,2026-02-06,S2A_T44RPP_20200208T051227_L2A,S2C_T44RPP_20260206T051509_L2A,EPSG:32644,MGRS-44RPP,change,change,images/uttar_pradesh_t1_028_r0c0
uttar_pradesh_t1_028_r0c1,uttar_pradesh_t1_028,train,test,seasonal,automatic,,Uttar Pradesh,north_plains,25.92566,82.2414,"[82.228496, 25.913994, 82.254296, 25.937324]",2020-02-08,2026-02-06,S2A_T44RPP_20200208T051227_L2A,S2C_T44RPP_20260206T051509_L2A,EPSG:32644,MGRS-44RPP,seasonal,seasonal,images/uttar_pradesh_t1_028_r0c1
uttar_pradesh_t1_028_r0c2,uttar_pradesh_t1_028,train,test,no_change,automatic,,Uttar Pradesh,north_plains,25.92544,82.26695,"[82.254051, 25.91377, 82.279856, 25.937105]",2020-02-08,2026-02-06,S2A_T44RPP_20200208T051227_L2A,S2C_T44RPP_20260206T051509_L2A,EPSG:32644,MGRS-44RPP,seasonal,seasonal,images/uttar_pradesh_t1_028_r0c2
uttar_pradesh_t1_028_r1c1,uttar_pradesh_t1_028,train,test,no_change,automatic,,Uttar Pradesh,north_plains,25.90255,82.24115,"[82.228256, 25.890882, 82.254051, 25.914213]",2020-02-08,2026-02-06,S2A_T44RPP_20200208T051227_L2A,S2C_T44RPP_20260206T051509_L2A,EPSG:32644,MGRS-44RPP,seasonal,seasonal,images/uttar_pradesh_t1_028_r1c1
uttar_pradesh_t1_028_r1c2,uttar_pradesh_t1_028,train,test,no_change,automatic,,Uttar Pradesh,north_plains,25.90233,82.26671,"[82.253807, 25.890659, 82.279606, 25.913994]",2020-02-08,2026-02-06,S2A_T44RPP_20200208T051227_L2A,S2C_T44RPP_20260206T051509_L2A,EPSG:32644,MGRS-44RPP,seasonal,seasonal,images/uttar_pradesh_t1_028_r1c2
uttar_pradesh_t1_028_r1c3,uttar_pradesh_t1_028,train,test,seasonal,automatic,,Uttar Pradesh,north_plains,25.9021,82.29226,"[82.279357, 25.890432, 82.305161, 25.91377]",2020-02-08,2026-02-06,S2A_T44RPP_20200208T051227_L2A,S2C_T44RPP_20260206T051509_L2A,EPSG:32644,MGRS-44RPP,seasonal,seasonal,images/uttar_pradesh_t1_028_r1c3
uttar_pradesh_t1_028_r2c1,uttar_pradesh_t1_028,train,test,no_change,automatic,,Uttar Pradesh,north_plains,25.87944,82.24091,"[82.228017, 25.867771, 82.253807, 25.891101]",2020-02-08,2026-02-06,S2A_T44RPP_20200208T051227_L2A,S2C_T44RPP_20260206T051509_L2A,EPSG:32644,MGRS-44RPP,seasonal,seasonal,images/uttar_pradesh_t1_028_r2c1
uttar_pradesh_t1_028_r3c0,uttar_pradesh_t1_028,train,test,no_change,automatic,,Uttar Pradesh,north_plains,25.85654,82.21513,"[82.202237, 25.844878, 82.228017, 25.868204]",2020-02-08,2026-02-06,S2A_T44RPP_20200208T051227_L2A,S2C_T44RPP_20260206T051509_L2A,EPSG:32644,MGRS-44RPP,seasonal,seasonal,images/uttar_pradesh_t1_028_r3c0
uttar_pradesh_t1_028_r3c2,uttar_pradesh_t1_028,train,test,seasonal,automatic,,Uttar Pradesh,north_plains,25.8561,82.26621,"[82.253319, 25.844437, 82.279108, 25.867771]",2020-02-08,2026-02-06,S2A_T44RPP_20200208T051227_L2A,S2C_T44RPP_20260206T051509_L2A,EPSG:32644,MGRS-44RPP,seasonal,seasonal,images/uttar_pradesh_t1_028_r3c2
uttar_pradesh_t1_028_r3c3,uttar_pradesh_t1_028,train,test,seasonal,automatic,,Uttar Pradesh,north_plains,25.85588,82.29176,"[82.278859, 25.84421, 82.304653, 25.867548]",2020-02-08,2026-02-06,S2A_T44RPP_20200208T051227_L2A,S2C_T44RPP_20260206T051509_L2A,EPSG:32644,MGRS-44RPP,seasonal,seasonal,images/uttar_pradesh_t1_028_r3c3
uttarakhand_009_r0c0,uttarakhand_009,train,test,change,automatic,"The highway has been widened and new structures have appeared along it, with the town expanding in the north-west",Uttarakhand,himalaya,29.33814,78.76691,"[78.753481, 29.326371, 78.780334, 29.3499]",2019-10-24,2025-10-22,S2A_T44RKT_20191024T052919_L2A,S2C_T44RKT_20251022T052729_L2A,EPSG:32644,MGRS-44RKT,change,change,images/uttarakhand_009_r0c0
uttarakhand_009_r0c1,uttarakhand_009,train,test,seasonal,human,,Uttarakhand,himalaya,29.33857,78.79326,"[78.779834, 29.326812, 78.806681, 29.350336]",2019-10-24,2025-10-22,S2A_T44RKT_20191024T052919_L2A,S2C_T44RKT_20251022T052729_L2A,EPSG:32644,MGRS-44RKT,change,seasonal,images/uttarakhand_009_r0c1
uttarakhand_009_r0c2,uttarakhand_009,train,test,no_change,human,,Uttarakhand,himalaya,29.33901,78.81961,"[78.806187, 29.327247, 78.833029, 29.350767]",2019-10-24,2025-10-22,S2A_T44RKT_20191024T052919_L2A,S2C_T44RKT_20251022T052729_L2A,EPSG:32644,MGRS-44RKT,change,seasonal,images/uttarakhand_009_r0c2
uttarakhand_009_r0c3,uttarakhand_009,train,test,no_change,human,,Uttarakhand,himalaya,29.33944,78.84596,"[78.83254, 29.327678, 78.859377, 29.351192]",2019-10-24,2025-10-22,S2A_T44RKT_20191024T052919_L2A,S2C_T44RKT_20251022T052729_L2A,EPSG:32644,MGRS-44RKT,change,seasonal,images/uttarakhand_009_r0c3
uttarakhand_009_r1c0,uttarakhand_009,train,test,seasonal,automatic,,Uttarakhand,himalaya,29.31505,78.76741,"[78.753988, 29.303283, 78.780834, 29.326812]",2019-10-24,2025-10-22,S2A_T44RKT_20191024T052919_L2A,S2C_T44RKT_20251022T052729_L2A,EPSG:32644,MGRS-44RKT,seasonal,seasonal,images/uttarakhand_009_r1c0
uttarakhand_009_r1c2,uttarakhand_009,train,test,no_change,human,,Uttarakhand,himalaya,29.31592,78.8201,"[78.806681, 29.304159, 78.833517, 29.327678]",2019-10-24,2025-10-22,S2A_T44RKT_20191024T052919_L2A,S2C_T44RKT_20251022T052729_L2A,EPSG:32644,MGRS-44RKT,change,seasonal,images/uttarakhand_009_r1c2
uttarakhand_009_r2c0,uttarakhand_009,train,test,change,automatic,New industrial sheds with blue roofs have appeared along the road in the south,Uttarakhand,himalaya,29.29196,78.76791,"[78.754493, 29.280196, 78.781333, 29.303724]",2019-10-24,2025-10-22,S2A_T44RKT_20191024T052919_L2A,S2C_T44RKT_20251022T052729_L2A,EPSG:32644,MGRS-44RKT,change,change,images/uttarakhand_009_r2c0
uttarakhand_009_r3c2,uttarakhand_009,train,test,no_change,human,,Uttarakhand,himalaya,29.26974,78.82108,"[78.807669, 29.257982, 78.834491, 29.2815]",2019-10-24,2025-10-22,S2A_T44RKT_20191024T052919_L2A,S2C_T44RKT_20251022T052729_L2A,EPSG:32644,MGRS-44RKT,change,change,images/uttarakhand_009_r3c2
uttarakhand_010_r0c1,uttarakhand_010,train,test,cant_tell,automatic,,Uttarakhand,himalaya,30.77311,78.7612,"[78.747564, 30.76134, 78.774831, 30.784884]",2019-11-18,2025-11-24,S2B_T44RKV_20191118T052150_L2A,S2C_T44RKV_20251124T053150_L2A,EPSG:32644,MGRS-44RKV,seasonal,seasonal,images/uttarakhand_010_r0c1
uttarakhand_010_r0c3,uttarakhand_010,train,test,no_change,automatic,,Uttarakhand,himalaya,30.77403,78.81466,"[78.801036, 30.762258, 78.828291, 30.785792]",2019-11-18,2025-11-24,S2B_T44RKV_20191118T052150_L2A,S2C_T44RKV_20251124T053150_L2A,EPSG:32644,MGRS-44RKV,seasonal,seasonal,images/uttarakhand_010_r0c3
uttarakhand_010_r1c1,uttarakhand_010,train,test,seasonal,automatic,,Uttarakhand,himalaya,30.75003,78.76173,"[78.748102, 30.738258, 78.775362, 30.761802]",2019-11-18,2025-11-24,S2B_T44RKV_20191118T052150_L2A,S2C_T44RKV_20251124T053150_L2A,EPSG:32644,MGRS-44RKV,seasonal,seasonal,images/uttarakhand_010_r1c1
uttarakhand_010_r2c0,uttarakhand_010,train,test,no_change,automatic,,Uttarakhand,himalaya,30.72648,78.73555,"[78.721918, 30.714709, 78.749176, 30.738258]",2019-11-18,2025-11-24,S2B_T44RKV_20191118T052150_L2A,S2C_T44RKV_20251124T053150_L2A,EPSG:32644,MGRS-44RKV,seasonal,seasonal,images/uttarakhand_010_r2c0
uttarakhand_010_r3c1,uttarakhand_010,train,test,no_change,automatic,,Uttarakhand,himalaya,30.70386,78.7628,"[78.749176, 30.692092, 78.776422, 30.715636]",2019-11-18,2025-11-24,S2B_T44RKV_20191118T052150_L2A,S2C_T44RKV_20251124T053150_L2A,EPSG:32644,MGRS-44RKV,seasonal,seasonal,images/uttarakhand_010_r3c1
uttarakhand_010_r3c2,uttarakhand_010,train,test,no_change,automatic,,Uttarakhand,himalaya,30.70432,78.78951,"[78.775892, 30.692553, 78.803133, 30.716091]",2019-11-18,2025-11-24,S2B_T44RKV_20191118T052150_L2A,S2C_T44RKV_20251124T053150_L2A,EPSG:32644,MGRS-44RKV,seasonal,seasonal,images/uttarakhand_010_r3c2
west_bengal_015_r0c2,west_bengal_015,train,test,cant_tell,automatic,,West Bengal,north_plains,25.5565,88.16112,"[88.148269, 25.544838, 88.173972, 25.568153]",2020-02-19,2026-02-17,S2A_T45RXJ_20200219T044811_L2A,S2C_T45RXJ_20260217T045123_L2A,EPSG:32645,MGRS-45RXJ,seasonal,seasonal,images/west_bengal_015_r0c2
west_bengal_015_r1c3,west_bengal_015,train,test,seasonal,automatic,,West Bengal,north_plains,25.53318,88.18637,"[88.173522, 25.521519, 88.199224, 25.544838]",2020-02-19,2026-02-17,S2A_T45RXJ_20200219T044811_L2A,S2C_T45RXJ_20260217T045123_L2A,EPSG:32645,MGRS-45RXJ,seasonal,seasonal,images/west_bengal_015_r1c3
west_bengal_t1_005_r0c2,west_bengal_t1_005,train,test,no_change,automatic,,West Bengal,north_plains,26.72705,88.99627,"[88.983204, 26.715317, 89.009332, 26.738779]",2020-03-05,2026-03-04,S2B_T45RXK_20200305T044223_L2A,S2B_T45RXK_20260304T044654_L2A,EPSG:32645,MGRS-45RXK,seasonal,seasonal,images/west_bengal_t1_005_r0c2
west_bengal_t1_005_r1c0,west_bengal_t1_005,train,test,seasonal,human,,West Bengal,north_plains,26.70466,88.94442,"[88.931368, 26.692935, 88.957481, 26.716389]",2020-03-05,2026-03-04,S2B_T45RXK_20200305T044223_L2A,S2B_T45RXK_20260304T044654_L2A,EPSG:32645,MGRS-45RXK,change,seasonal,images/west_bengal_t1_005_r1c0
west_bengal_t1_005_r1c1,west_bengal_t1_005,train,test,no_change,human,,West Bengal,north_plains,26.70431,88.97015,"[88.957086, 26.692578, 88.983204, 26.716036]",2020-03-05,2026-03-04,S2B_T45RXK_20200305T044223_L2A,S2B_T45RXK_20260304T044654_L2A,EPSG:32645,MGRS-45RXK,change,seasonal,images/west_bengal_t1_005_r1c1
west_bengal_t1_005_r1c3,west_bengal_t1_005,train,test,cant_tell,human,,West Bengal,north_plains,26.70358,89.02158,"[89.008521, 26.691851, 89.034648, 26.715317]",2020-03-05,2026-03-04,S2B_T45RXK_20200305T044223_L2A,S2B_T45RXK_20260304T044654_L2A,EPSG:32645,MGRS-45RXK,change,seasonal,images/west_bengal_t1_005_r1c3
west_bengal_t1_005_r3c3,west_bengal_t1_005,train,test,no_change,human,,West Bengal,north_plains,26.65738,89.02077,"[89.007711, 26.645651, 89.033827, 26.669117]",2020-03-05,2026-03-04,S2B_T45RXK_20200305T044223_L2A,S2B_T45RXK_20260304T044654_L2A,EPSG:32645,MGRS-45RXK,change,change,images/west_bengal_t1_005_r3c3
andhra_pradesh_001_r0c2,andhra_pradesh_001,val,test,seasonal,human,,Andhra Pradesh,deccan,14.36015,77.00853,"[76.996565, 14.348487, 77.0205, 14.37182]",2020-01-22,2026-01-20,S2A_T43PGR_20200122T052733_L2A,S2C_T43PGR_20260120T052945_L2A,EPSG:32643,MGRS-43PGR,change,seasonal,images/andhra_pradesh_001_r0c2
andhra_pradesh_001_r0c3,andhra_pradesh_001,val,test,seasonal,automatic,,Andhra Pradesh,deccan,14.35995,77.03226,"[77.020292, 14.348283, 77.044229, 14.371619]",2020-01-22,2026-01-20,S2A_T43PGR_20200122T052733_L2A,S2C_T43PGR_20260120T052945_L2A,EPSG:32643,MGRS-43PGR,seasonal,seasonal,images/andhra_pradesh_001_r0c3
andhra_pradesh_001_r1c0,andhra_pradesh_001,val,test,seasonal,automatic,,Andhra Pradesh,deccan,14.33742,76.96087,"[76.948909, 14.325753, 76.972837, 14.349083]",2020-01-22,2026-01-20,S2A_T43PGR_20200122T052733_L2A,S2C_T43PGR_20260120T052945_L2A,EPSG:32643,MGRS-43PGR,seasonal,seasonal,images/andhra_pradesh_001_r1c0
andhra_pradesh_001_r1c1,andhra_pradesh_001,val,test,seasonal,human,,Andhra Pradesh,deccan,14.33722,76.9846,"[76.972635, 14.325555, 76.996565, 14.348886]",2020-01-22,2026-01-20,S2A_T43PGR_20200122T052733_L2A,S2C_T43PGR_20260120T052945_L2A,EPSG:32643,MGRS-43PGR,change,seasonal,images/andhra_pradesh_001_r1c1
andhra_pradesh_001_r1c2,andhra_pradesh_001,val,test,no_change,human,,Andhra Pradesh,deccan,14.33702,77.00833,"[76.99636, 14.325354, 77.020292, 14.348688]",2020-01-22,2026-01-20,S2A_T43PGR_20200122T052733_L2A,S2C_T43PGR_20260120T052945_L2A,EPSG:32643,MGRS-43PGR,seasonal,seasonal,images/andhra_pradesh_001_r1c2
andhra_pradesh_001_r2c2,andhra_pradesh_001,val,test,no_change,automatic,,Andhra Pradesh,deccan,14.31389,77.00812,"[76.996155, 14.302222, 77.020085, 14.325555]",2020-01-22,2026-01-20,S2A_T43PGR_20200122T052733_L2A,S2C_T43PGR_20260120T052945_L2A,EPSG:32643,MGRS-43PGR,seasonal,seasonal,images/andhra_pradesh_001_r2c2
andhra_pradesh_001_r2c3,andhra_pradesh_001,val,test,no_change,human,,Andhra Pradesh,deccan,14.31369,77.03184,"[77.019878, 14.302019, 77.043809, 14.325354]",2020-01-22,2026-01-20,S2A_T43PGR_20200122T052733_L2A,S2C_T43PGR_20260120T052945_L2A,EPSG:32643,MGRS-43PGR,change,seasonal,images/andhra_pradesh_001_r2c3
andhra_pradesh_001_r3c0,andhra_pradesh_001,val,test,no_change,automatic,,Andhra Pradesh,deccan,14.29115,76.96047,"[76.94851, 14.279487, 76.972433, 14.302816]",2020-01-22,2026-01-20,S2A_T43PGR_20200122T052733_L2A,S2C_T43PGR_20260120T052945_L2A,EPSG:32643,MGRS-43PGR,seasonal,seasonal,images/andhra_pradesh_001_r3c0
andhra_pradesh_001_r3c1,andhra_pradesh_001,val,test,seasonal,automatic,,Andhra Pradesh,deccan,14.29095,76.98419,"[76.972231, 14.279289, 76.996155, 14.30262]",2020-01-22,2026-01-20,S2A_T43PGR_20200122T052733_L2A,S2C_T43PGR_20260120T052945_L2A,EPSG:32643,MGRS-43PGR,seasonal,seasonal,images/andhra_pradesh_001_r3c1
andhra_pradesh_001_r3c2,andhra_pradesh_001,val,test,no_change,human,,Andhra Pradesh,deccan,14.29076,77.00791,"[76.995951, 14.279089, 77.019878, 14.302422]",2020-01-22,2026-01-20,S2A_T43PGR_20200122T052733_L2A,S2C_T43PGR_20260120T052945_L2A,EPSG:32643,MGRS-43PGR,change,seasonal,images/andhra_pradesh_001_r3c2
andhra_pradesh_001_r3c3,andhra_pradesh_001,val,test,seasonal,human,,Andhra Pradesh,deccan,14.29055,77.03164,"[77.019671, 14.278887, 77.0436, 14.302222]",2020-01-22,2026-01-20,S2A_T43PGR_20200122T052733_L2A,S2C_T43PGR_20260120T052945_L2A,EPSG:32643,MGRS-43PGR,change,change,images/andhra_pradesh_001_r3c3
arunachal_pradesh_025_r0c0,arunachal_pradesh_025,val,test,change,automatic,A bright cleared site in the centre has expanded into the surrounding vegetation,Arunachal Pradesh,himalaya,27.45727,93.73817,"[93.725139, 27.445642, 93.751198, 27.468889]",2019-12-05,2025-12-05,S2A_T46RER_20191205T042629_L2A,S2A_T46RER_20251205T042221_L2A,EPSG:32646,MGRS-46RER,change,change,images/arunachal_pradesh_025_r0c0
arunachal_pradesh_025_r0c1,arunachal_pradesh_025,val,test,change,automatic,"The quarry area in the forest has expanded, with a new large bright excavation in the centre-left",Arunachal Pradesh,himalaya,27.45713,93.76407,"[93.751042, 27.4455, 93.777107, 27.468752]",2019-12-05,2025-12-05,S2A_T46RER_20191205T042629_L2A,S2A_T46RER_20251205T042221_L2A,EPSG:32646,MGRS-46RER,change,change,images/arunachal_pradesh_025_r0c1
arunachal_pradesh_025_r0c3,arunachal_pradesh_025,val,test,no_change,automatic,,Arunachal Pradesh,himalaya,27.45683,93.81589,"[93.802848, 27.445202, 93.828923, 27.468463]",2019-12-05,2025-12-05,S2A_T46RER_20191205T042629_L2A,S2A_T46RER_20251205T042221_L2A,EPSG:32646,MGRS-46RER,no_change,seasonal,images/arunachal_pradesh_025_r0c3
arunachal_pradesh_025_r1c2,arunachal_pradesh_025,val,test,no_change,automatic,,Arunachal Pradesh,himalaya,27.43387,93.78982,"[93.776783, 27.422244, 93.802848, 27.4455]",2019-12-05,2025-12-05,S2A_T46RER_20191205T042629_L2A,S2A_T46RER_20251205T042221_L2A,EPSG:32646,MGRS-46RER,seasonal,seasonal,images/arunachal_pradesh_025_r1c2
arunachal_pradesh_025_r2c1,arunachal_pradesh_025,val,test,seasonal,human,,Arunachal Pradesh,himalaya,27.41091,93.76376,"[93.750729, 27.399281, 93.776783, 27.422532]",2019-12-05,2025-12-05,S2A_T46RER_20191205T042629_L2A,S2A_T46RER_20251205T042221_L2A,EPSG:32646,MGRS-46RER,change,seasonal,images/arunachal_pradesh_025_r2c1
arunachal_pradesh_025_r2c2,arunachal_pradesh_025,val,test,seasonal,human,,Arunachal Pradesh,himalaya,27.41076,93.78965,"[93.776621, 27.399134, 93.802681, 27.422391]",2019-12-05,2025-12-05,S2A_T46RER_20191205T042629_L2A,S2A_T46RER_20251205T042221_L2A,EPSG:32646,MGRS-46RER,change,seasonal,images/arunachal_pradesh_025_r2c2
arunachal_pradesh_025_r3c1,arunachal_pradesh_025,val,test,change,automatic,New construction and cleared land have appeared along the river valley in the centre and south,Arunachal Pradesh,himalaya,27.3878,93.7636,"[93.750573, 27.376171, 93.776621, 27.399423]",2019-12-05,2025-12-05,S2A_T46RER_20191205T042629_L2A,S2A_T46RER_20251205T042221_L2A,EPSG:32646,MGRS-46RER,change,change,images/arunachal_pradesh_025_r3c1
arunachal_pradesh_025_r3c3,arunachal_pradesh_025,val,test,no_change,automatic,,Arunachal Pradesh,himalaya,27.3875,93.81538,"[93.802347, 27.375873, 93.828405, 27.399134]",2019-12-05,2025-12-05,S2A_T46RER_20191205T042629_L2A,S2A_T46RER_20251205T042221_L2A,EPSG:32646,MGRS-46RER,seasonal,seasonal,images/arunachal_pradesh_025_r3c3
assam_005_r0c3,assam_005,val,test,no_change,automatic,,Assam,northeast,26.82549,91.48976,"[91.476726, 26.813802, 91.502786, 26.837183]",2019-11-28,2025-11-28,S2A_T46RCQ_20191128T043629_L2A,S2A_T46RCQ_20251128T043230_L2A,EPSG:32646,MGRS-46RCQ,no_change,seasonal,images/assam_005_r0c3
assam_005_r1c0,assam_005,val,test,no_change,human,,Assam,northeast,26.80154,91.41282,"[91.399783, 26.789845, 91.425852, 26.813239]",2019-11-28,2025-11-28,S2A_T46RCQ_20191128T043629_L2A,S2A_T46RCQ_20251128T043230_L2A,EPSG:32646,MGRS-46RCQ,change,seasonal,images/assam_005_r1c0
assam_005_r1c1,assam_005,val,test,seasonal,human,,Assam,northeast,26.80183,91.43857,"[91.425533, 26.790134, 91.451598, 26.813523]",2019-11-28,2025-11-28,S2A_T46RCQ_20191128T043629_L2A,S2A_T46RCQ_20251128T043230_L2A,EPSG:32646,MGRS-46RCQ,change,seasonal,images/assam_005_r1c1
assam_005_r1c2,assam_005,val,test,no_change,human,,Assam,northeast,26.80211,91.46431,"[91.451284, 26.790418, 91.477343, 26.813802]",2019-11-28,2025-11-28,S2A_T46RCQ_20191128T043629_L2A,S2A_T46RCQ_20251128T043230_L2A,EPSG:32646,MGRS-46RCQ,change,seasonal,images/assam_005_r1c2
assam_005_r2c0,assam_005,val,test,no_change,human,,Assam,northeast,26.77844,91.41314,"[91.400108, 26.76674, 91.426171, 26.790134]",2019-11-28,2025-11-28,S2A_T46RCQ_20191128T043629_L2A,S2A_T46RCQ_20251128T043230_L2A,EPSG:32646,MGRS-46RCQ,change,seasonal,images/assam_005_r2c0
assam_005_r2c2,assam_005,val,test,seasonal,human,,Assam,northeast,26.779,91.46463,"[91.451598, 26.767312, 91.477652, 26.790697]",2019-11-28,2025-11-28,S2A_T46RCQ_20191128T043629_L2A,S2A_T46RCQ_20251128T043230_L2A,EPSG:32646,MGRS-46RCQ,change,seasonal,images/assam_005_r2c2
assam_005_r3c0,assam_005,val,test,no_change,automatic,,Assam,northeast,26.75533,91.41346,"[91.400431, 26.743635, 91.426489, 26.767029]",2019-11-28,2025-11-28,S2A_T46RCQ_20191128T043629_L2A,S2A_T46RCQ_20251128T043230_L2A,EPSG:32646,MGRS-46RCQ,seasonal,seasonal,images/assam_005_r3c0
assam_005_r3c1,assam_005,val,test,seasonal,automatic,,Assam,northeast,26.75562,91.4392,"[91.426171, 26.743923, 91.452224, 26.767312]",2019-11-28,2025-11-28,S2A_T46RCQ_20191128T043629_L2A,S2A_T46RCQ_20251128T043230_L2A,EPSG:32646,MGRS-46RCQ,seasonal,seasonal,images/assam_005_r3c1
assam_005_r3c2,assam_005,val,test,seasonal,human,,Assam,northeast,26.7559,91.46494,"[91.451911, 26.744207, 91.47796, 26.767591]",2019-11-28,2025-11-28,S2A_T46RCQ_20191128T043629_L2A,S2A_T46RCQ_20251128T043230_L2A,EPSG:32646,MGRS-46RCQ,seasonal,seasonal,images/assam_005_r3c2
chhattisgarh_t1_012_r0c1,chhattisgarh_t1_012,val,test,seasonal,automatic,,Chhattisgarh,central_east,19.69963,80.76604,"[80.753805, 19.688048, 80.778265, 19.711215]",2019-11-20,2025-11-18,S2A_T44QMG_20191120T051605_L2A,S2C_T44QMG_20251118T051240_L2A,EPSG:32644,MGRS-44QMG,seasonal,seasonal,images/chhattisgarh_t1_012_r0c1
chhattisgarh_t1_012_r0c3,chhattisgarh_t1_012,val,test,no_change,automatic,,Chhattisgarh,central_east,19.69969,80.81489,"[80.802662, 19.688109, 80.827115, 19.711268]",2019-11-20,2025-11-18,S2A_T44QMG_20191120T051605_L2A,S2C_T44QMG_20251118T051240_L2A,EPSG:32644,MGRS-44QMG,seasonal,seasonal,images/chhattisgarh_t1_012_r0c3
chhattisgarh_t1_012_r1c3,chhattisgarh_t1_012,val,test,no_change,human,,Chhattisgarh,central_east,19.67655,80.81491,"[80.80269, 19.664974, 80.82714, 19.688134]",2019-11-20,2025-11-18,S2A_T44QMG_20191120T051605_L2A,S2C_T44QMG_20251118T051240_L2A,EPSG:32644,MGRS-44QMG,seasonal,seasonal,images/chhattisgarh_t1_012_r1c3
chhattisgarh_t1_012_r2c3,chhattisgarh_t1_012,val,test,no_change,automatic,,Chhattisgarh,central_east,19.65342,80.81494,"[80.802719, 19.641839, 80.827165, 19.664999]",2019-11-20,2025-11-18,S2A_T44QMG_20191120T051605_L2A,S2C_T44QMG_20251118T051240_L2A,EPSG:32644,MGRS-44QMG,seasonal,seasonal,images/chhattisgarh_t1_012_r2c3
chhattisgarh_t1_012_r3c0,chhattisgarh_t1_012,val,test,no_change,automatic,,Chhattisgarh,central_east,19.63019,80.74172,"[80.729493, 19.618609, 80.753946, 19.641779]",2019-11-20,2025-11-18,S2A_T44QMG_20191120T051605_L2A,S2C_T44QMG_20251118T051240_L2A,EPSG:32644,MGRS-44QMG,seasonal,seasonal,images/chhattisgarh_t1_012_r3c0
chhattisgarh_t1_012_r3c2,chhattisgarh_t1_012,val,test,no_change,automatic,,Chhattisgarh,central_east,19.63026,80.79055,"[80.778329, 19.618676, 80.802775, 19.641839]",2019-11-20,2025-11-18,S2A_T44QMG_20191120T051605_L2A,S2C_T44QMG_20251118T051240_L2A,EPSG:32644,MGRS-44QMG,seasonal,seasonal,images/chhattisgarh_t1_012_r3c2
chhattisgarh_t1_012_r3c3,chhattisgarh_t1_012,val,test,no_change,automatic,,Chhattisgarh,central_east,19.63028,80.81497,"[80.802747, 19.618705, 80.82719, 19.641864]",2019-11-20,2025-11-18,S2A_T44QMG_20191120T051605_L2A,S2C_T44QMG_20251118T051240_L2A,EPSG:32644,MGRS-44QMG,seasonal,seasonal,images/chhattisgarh_t1_012_r3c3
gujarat_017_r0c0,gujarat_017,val,test,seasonal,automatic,,Gujarat,west_desert,24.18397,72.16672,"[72.153847, 24.172167, 72.179584, 24.195777]",2020-02-17,2026-02-15,S2A_T42QZM_20200217T054440_L2A,S2C_T42QZM_20260215T054821_L2A,EPSG:32642,MGRS-42QZM,seasonal,seasonal,images/gujarat_017_r0c0
gujarat_017_r0c2,gujarat_017,val,test,seasonal,automatic,,Gujarat,west_desert,24.18292,72.21705,"[72.204175, 24.171108, 72.22992, 24.194725]",2020-02-17,2026-02-15,S2A_T42QZM_20200217T054440_L2A,S2C_T42QZM_20260215T054821_L2A,EPSG:32642,MGRS-42QZM,seasonal,seasonal,images/gujarat_017_r0c2
gujarat_017_r1c1,gujarat_017,val,test,seasonal,automatic,,Gujarat,west_desert,24.16036,72.19131,"[72.17844, 24.148554, 72.204175, 24.172167]",2020-02-17,2026-02-15,S2A_T42QZM_20200217T054440_L2A,S2C_T42QZM_20260215T054821_L2A,EPSG:32642,MGRS-42QZM,seasonal,seasonal,images/gujarat_017_r1c1
gujarat_017_r1c2,gujarat_017,val,test,no_change,human,,Gujarat,west_desert,24.15983,72.21647,"[72.203599, 24.148023, 72.229338, 24.17164]",2020-02-17,2026-02-15,S2A_T42QZM_20200217T054440_L2A,S2C_T42QZM_20260215T054821_L2A,EPSG:32642,MGRS-42QZM,seasonal,seasonal,images/gujarat_017_r1c2
gujarat_017_r2c1,gujarat_017,val,test,seasonal,automatic,,Gujarat,west_desert,24.13727,72.19073,"[72.177869, 24.125468, 72.203599, 24.14908]",2020-02-17,2026-02-15,S2A_T42QZM_20200217T054440_L2A,S2C_T42QZM_20260215T054821_L2A,EPSG:32642,MGRS-42QZM,seasonal,seasonal,images/gujarat_017_r2c1
gujarat_017_r3c1,gujarat_017,val,test,seasonal,automatic,,Gujarat,west_desert,24.11419,72.19016,"[72.177298, 24.102382, 72.203023, 24.125994]",2020-02-17,2026-02-15,S2A_T42QZM_20200217T054440_L2A,S2C_T42QZM_20260215T054821_L2A,EPSG:32642,MGRS-42QZM,seasonal,seasonal,images/gujarat_017_r3c1
gujarat_t1_020_r0c2,gujarat_t1_020,val,test,seasonal,automatic,,Gujarat,west_desert,22.64364,71.70531,"[71.692642, 22.631878, 71.717982, 22.655399]",2019-11-14,2025-11-12,S2B_T42QYL_20191114T054414_L2A,S2B_T42QYL_20251112T054504_L2A,EPSG:32642,MGRS-42QYL,seasonal,seasonal,images/gujarat_t1_020_r0c2
gujarat_t1_020_r1c1,gujarat_t1_020,val,test,seasonal,automatic,,Gujarat,west_desert,22.62096,71.67998,"[71.66731, 22.609197, 71.692642, 22.632714]",2019-11-14,2025-11-12,S2B_T42QYL_20191114T054414_L2A,S2B_T42QYL_20251112T054504_L2A,EPSG:32642,MGRS-42QYL,seasonal,seasonal,images/gujarat_t1_020_r1c1
gujarat_t1_020_r1c2,gujarat_t1_020,val,test,seasonal,human,,Gujarat,west_desert,22.62054,71.70486,"[71.692192, 22.608777, 71.717527, 22.632298]",2019-11-14,2025-11-12,S2B_T42QYL_20191114T054414_L2A,S2B_T42QYL_20251112T054504_L2A,EPSG:32642,MGRS-42QYL,seasonal,seasonal,images/gujarat_t1_020_r1c2
gujarat_t1_020_r1c3,gujarat_t1_020,val,test,change,automatic,A new solar farm with dark panel rows has appeared in the south-east among the fields,Gujarat,west_desert,22.62012,71.72974,"[71.717073, 22.608354, 71.742412, 22.631878]",2019-11-14,2025-11-12,S2B_T42QYL_20191114T054414_L2A,S2B_T42QYL_20251112T054504_L2A,EPSG:32642,MGRS-42QYL,change,change,images/gujarat_t1_020_r1c3
gujarat_t1_020_r2c0,gujarat_t1_020,val,test,seasonal,human,,Gujarat,west_desert,22.59827,71.65465,"[71.641987, 22.586511, 71.66731, 22.610024]",2019-11-14,2025-11-12,S2B_T42QYL_20191114T054414_L2A,S2B_T42QYL_20251112T054504_L2A,EPSG:32642,MGRS-42QYL,change,seasonal,images/gujarat_t1_020_r2c0
gujarat_t1_020_r2c1,gujarat_t1_020,val,test,seasonal,automatic,,Gujarat,west_desert,22.59785,71.67953,"[71.666865, 22.586096, 71.692192, 22.609613]",2019-11-14,2025-11-12,S2B_T42QYL_20191114T054414_L2A,S2B_T42QYL_20251112T054504_L2A,EPSG:32642,MGRS-42QYL,seasonal,seasonal,images/gujarat_t1_020_r2c1
gujarat_t1_020_r3c0,gujarat_t1_020,val,test,seasonal,automatic,,Gujarat,west_desert,22.57517,71.65421,"[71.641546, 22.563409, 71.666865, 22.586922]",2019-11-14,2025-11-12,S2B_T42QYL_20191114T054414_L2A,S2B_T42QYL_20251112T054504_L2A,EPSG:32642,MGRS-42QYL,seasonal,seasonal,images/gujarat_t1_020_r3c0
gujarat_t1_020_r3c1,gujarat_t1_020,val,test,seasonal,human,,Gujarat,west_desert,22.57475,71.67908,"[71.66642, 22.562995, 71.691742, 22.586511]",2019-11-14,2025-11-12,S2B_T42QYL_20191114T054414_L2A,S2B_T42QYL_20251112T054504_L2A,EPSG:32642,MGRS-42QYL,change,seasonal,images/gujarat_t1_020_r3c1
gujarat_t1_020_r3c2,gujarat_t1_020,val,test,no_change,human,,Gujarat,west_desert,22.57434,71.70396,"[71.691293, 22.562576, 71.716619, 22.586096]",2019-11-14,2025-11-12,S2B_T42QYL_20191114T054414_L2A,S2B_T42QYL_20251112T054504_L2A,EPSG:32642,MGRS-42QYL,change,seasonal,images/gujarat_t1_020_r3c2
gujarat_t1_020_r3c3,gujarat_t1_020,val,test,seasonal,automatic,,Gujarat,west_desert,22.57391,71.72883,"[71.716166, 22.562153, 71.741495, 22.585677]",2019-11-14,2025-11-12,S2B_T42QYL_20191114T054414_L2A,S2B_T42QYL_20251112T054504_L2A,EPSG:32642,MGRS-42QYL,seasonal,seasonal,images/gujarat_t1_020_r3c3
haryana_019_r0c3,haryana_019,val,test,seasonal,automatic,,Haryana,north_plains,29.72549,75.51596,"[75.502669, 29.713891, 75.529256, 29.737097]",2020-02-17,2026-02-15,S2A_T43REN_20200217T054440_L2A,S2C_T43REN_20260215T054821_L2A,EPSG:32643,MGRS-43REN,seasonal,seasonal,images/haryana_019_r0c3
haryana_019_r2c2,haryana_019,val,test,no_change,automatic,,Haryana,north_plains,29.67939,75.48927,"[75.475985, 29.667788, 75.502554, 29.690989]",2020-02-17,2026-02-15,S2A_T43REN_20200217T054440_L2A,S2C_T43REN_20260215T054821_L2A,EPSG:32643,MGRS-43REN,seasonal,seasonal,images/haryana_019_r2c2
haryana_019_r3c1,haryana_019,val,test,seasonal,human,,Haryana,north_plains,29.65638,75.46271,"[75.449428, 29.644782, 75.475985, 29.667978]",2020-02-17,2026-02-15,S2A_T43REN_20200217T054440_L2A,S2C_T43REN_20260215T054821_L2A,EPSG:32643,MGRS-43REN,change,seasonal,images/haryana_019_r3c1
haryana_019_r3c2,haryana_019,val,test,no_change,automatic,,Haryana,north_plains,29.65628,75.48916,"[75.475876, 29.644685, 75.502439, 29.667885]",2020-02-17,2026-02-15,S2A_T43REN_20200217T054440_L2A,S2C_T43REN_20260215T054821_L2A,EPSG:32643,MGRS-43REN,seasonal,seasonal,images/haryana_019_r3c2
haryana_t1_003_r0c0,haryana_t1_003,val,test,seasonal,automatic,,Haryana,north_plains,28.72403,76.45643,"[76.443172, 28.712338, 76.469698, 28.73572]",2020-04-24,2026-04-23,S2A_T43RFM_20200424T053852_L2A,S2C_T43RFM_20260423T053343_L2A,EPSG:32643,MGRS-43RFM,seasonal,seasonal,images/haryana_t1_003_r0c0
haryana_t1_003_r0c1,haryana_t1_003,val,test,seasonal,human,,Haryana,north_plains,28.72374,76.48264,"[76.469375, 28.71205, 76.495906, 28.735437]",2020-04-24,2026-04-23,S2A_T43RFM_20200424T053852_L2A,S2C_T43RFM_20260423T053343_L2A,EPSG:32643,MGRS-43RFM,change,seasonal,images/haryana_t1_003_r0c1
haryana_t1_003_r0c3,haryana_t1_003,val,test,seasonal,human,,Haryana,north_plains,28.72316,76.53505,"[76.521779, 28.711461, 76.548321, 28.734857]",2020-04-24,2026-04-23,S2A_T43RFM_20200424T053852_L2A,S2C_T43RFM_20260423T053343_L2A,EPSG:32643,MGRS-43RFM,change,change,images/haryana_t1_003_r0c3
haryana_t1_003_r1c0,haryana_t1_003,val,test,seasonal,human,,Haryana,north_plains,28.70093,76.45611,"[76.442855, 28.689238, 76.469375, 28.71262]",2020-04-24,2026-04-23,S2A_T43RFM_20200424T053852_L2A,S2C_T43RFM_20260423T053343_L2A,EPSG:32643,MGRS-43RFM,seasonal,change,images/haryana_t1_003_r1c0
haryana_t1_003_r1c1,haryana_t1_003,val,test,seasonal,automatic,,Haryana,north_plains,28.70064,76.48231,"[76.469052, 28.688951, 76.495577, 28.712338]",2020-04-24,2026-04-23,S2A_T43RFM_20200424T053852_L2A,S2C_T43RFM_20260423T053343_L2A,EPSG:32643,MGRS-43RFM,seasonal,seasonal,images/haryana_t1_003_r1c1
haryana_t1_003_r1c3,haryana_t1_003,val,test,seasonal,human,,Haryana,north_plains,28.70006,76.53471,"[76.521445, 28.688362, 76.547981, 28.711758]",2020-04-24,2026-04-23,S2A_T43RFM_20200424T053852_L2A,S2C_T43RFM_20260423T053343_L2A,EPSG:32643,MGRS-43RFM,change,seasonal,images/haryana_t1_003_r1c3
haryana_t1_003_r2c2,haryana_t1_003,val,test,change,automatic,Large bright rectangular buildings appear on farmland in the centre,Haryana,north_plains,28.67725,76.50818,"[76.494921, 28.665559, 76.521445, 28.688951]",2020-04-24,2026-04-23,S2A_T43RFM_20200424T053852_L2A,S2C_T43RFM_20260423T053343_L2A,EPSG:32643,MGRS-43RFM,change,change,images/haryana_t1_003_r2c2
haryana_t1_003_r3c1,haryana_t1_003,val,test,seasonal,automatic,,Haryana,north_plains,28.65444,76.48166,"[76.468408, 28.642751, 76.494921, 28.666138]",2020-04-24,2026-04-23,S2A_T43RFM_20200424T053852_L2A,S2C_T43RFM_20260423T053343_L2A,EPSG:32643,MGRS-43RFM,seasonal,seasonal,images/haryana_t1_003_r3c1
haryana_t1_003_r3c2,haryana_t1_003,val,test,no_change,human,,Haryana,north_plains,28.65416,76.50785,"[76.494593, 28.64246, 76.521111, 28.665851]",2020-04-24,2026-04-23,S2A_T43RFM_20200424T053852_L2A,S2C_T43RFM_20260423T053343_L2A,EPSG:32643,MGRS-43RFM,change,seasonal,images/haryana_t1_003_r3c2
haryana_t1_003_r3c3,haryana_t1_003,val,test,no_change,human,,Haryana,north_plains,28.65386,76.53404,"[76.520778, 28.642163, 76.547301, 28.665559]",2020-04-24,2026-04-23,S2A_T43RFM_20200424T053852_L2A,S2C_T43RFM_20260423T053343_L2A,EPSG:32643,MGRS-43RFM,change,seasonal,images/haryana_t1_003_r3c3
ladakh_t1_030_r0c1,ladakh_t1_030,val,test,no_change,automatic,,Ladakh,himalaya,32.93145,77.94616,"[77.932099, 32.919596, 77.960211, 32.943303]",2019-10-12,2025-09-30,S2B_T43SGS_20191012T053314_L2A,S2B_T43SGS_20250930T053738_L2A,EPSG:32643,MGRS-43SGS,seasonal,seasonal,images/ladakh_t1_030_r0c1
ladakh_t1_030_r0c2,ladakh_t1_030,val,test,no_change,automatic,,Ladakh,himalaya,32.9308,77.9735,"[77.959442, 32.918945, 77.98756, 32.942658]",2019-10-12,2025-09-30,S2B_T43SGS_20191012T053314_L2A,S2B_T43SGS_20250930T053738_L2A,EPSG:32643,MGRS-43SGS,seasonal,seasonal,images/ladakh_t1_030_r0c2
ladakh_t1_030_r2c0,ladakh_t1_030,val,test,no_change,automatic,,Ladakh,himalaya,32.88597,77.91729,"[77.903248, 32.874117, 77.931338, 32.897818]",2019-10-12,2025-09-30,S2B_T43SGS_20191012T053314_L2A,S2B_T43SGS_20250930T053738_L2A,EPSG:32643,MGRS-43SGS,seasonal,seasonal,images/ladakh_t1_030_r2c0
ladakh_t1_030_r2c2,ladakh_t1_030,val,test,no_change,human,,Ladakh,himalaya,32.88468,77.97196,"[77.957908, 32.872823, 77.98601, 32.896535]",2019-10-12,2025-09-30,S2B_T43SGS_20191012T053314_L2A,S2B_T43SGS_20250930T053738_L2A,EPSG:32643,MGRS-43SGS,seasonal,seasonal,images/ladakh_t1_030_r2c2
ladakh_t1_030_r3c0,ladakh_t1_030,val,test,no_change,automatic,,Ladakh,himalaya,32.8629,77.91654,"[77.902496, 32.851054, 77.930578, 32.874755]",2019-10-12,2025-09-30,S2B_T43SGS_20191012T053314_L2A,S2B_T43SGS_20250930T053738_L2A,EPSG:32643,MGRS-43SGS,seasonal,seasonal,images/ladakh_t1_030_r3c0
ladakh_t1_030_r3c2,ladakh_t1_030,val,test,no_change,automatic,,Ladakh,himalaya,32.86162,77.97119,"[77.957142, 32.849762, 77.985236, 32.873473]",2019-10-12,2025-09-30,S2B_T43SGS_20191012T053314_L2A,S2B_T43SGS_20250930T053738_L2A,EPSG:32643,MGRS-43SGS,seasonal,seasonal,images/ladakh_t1_030_r3c2
madhya_pradesh_045_r0c1,madhya_pradesh_045,val,test,no_change,human,,Madhya Pradesh,central_east,21.58111,77.46271,"[77.450158, 21.569377, 77.475255, 21.592851]",2020-02-11,2026-02-09,S2A_T43QGD_20200211T052916_L2A,S2C_T43QGD_20260209T052945_L2A,EPSG:32643,MGRS-43QGD,change,change,images/madhya_pradesh_045_r0c1
madhya_pradesh_045_r0c2,madhya_pradesh_045,val,test,no_change,automatic,,Madhya Pradesh,central_east,21.58075,77.48741,"[77.474863, 21.569008, 77.499963, 21.592485]",2020-02-11,2026-02-09,S2A_T43QGD_20200211T052916_L2A,S2C_T43QGD_20260209T052945_L2A,EPSG:32643,MGRS-43QGD,seasonal,seasonal,images/madhya_pradesh_045_r0c2
madhya_pradesh_045_r1c3,madhya_pradesh_045,val,test,seasonal,automatic,,Madhya Pradesh,central_east,21.55727,77.51172,"[77.49917, 21.545529, 77.52427, 21.569008]",2020-02-11,2026-02-09,S2A_T43QGD_20200211T052916_L2A,S2C_T43QGD_20260209T052945_L2A,EPSG:32643,MGRS-43QGD,seasonal,seasonal,images/madhya_pradesh_045_r1c3
madhya_pradesh_t1_007_r1c1,madhya_pradesh_t1_007,val,test,no_change,human,,Madhya Pradesh,central_east,22.29393,80.46373,"[80.451259, 22.282329, 80.476199, 22.305538]",2019-11-10,2025-11-08,S2A_T44QMK_20191110T051135_L2A,S2C_T44QMK_20251108T052006_L2A,EPSG:32644,MGRS-44QMK,seasonal,change,images/madhya_pradesh_t1_007_r1c1
madhya_pradesh_t1_007_r1c3,madhya_pradesh_t1_007,val,test,no_change,automatic,,Madhya Pradesh,central_east,22.29409,80.51343,"[80.500967, 22.28249, 80.525899, 22.305691]",2019-11-10,2025-11-08,S2A_T44QMK_20191110T051135_L2A,S2C_T44QMK_20251108T052006_L2A,EPSG:32644,MGRS-44QMK,seasonal,seasonal,images/madhya_pradesh_t1_007_r1c3
madhya_pradesh_t1_007_r2c1,madhya_pradesh_t1_007,val,test,no_change,automatic,,Madhya Pradesh,central_east,22.27081,80.46382,"[80.45135, 22.259203, 80.476285, 22.282411]",2019-11-10,2025-11-08,S2A_T44QMK_20191110T051135_L2A,S2C_T44QMK_20251108T052006_L2A,EPSG:32644,MGRS-44QMK,seasonal,seasonal,images/madhya_pradesh_t1_007_r2c1
madhya_pradesh_t1_007_r2c2,madhya_pradesh_t1_007,val,test,no_change,human,,Madhya Pradesh,central_east,22.27089,80.48866,"[80.476199, 22.259285, 80.501131, 22.28249]",2019-11-10,2025-11-08,S2A_T44QMK_20191110T051135_L2A,S2C_T44QMK_20251108T052006_L2A,EPSG:32644,MGRS-44QMK,change,change,images/madhya_pradesh_t1_007_r2c2
madhya_pradesh_t1_007_r3c3,madhya_pradesh_t1_007,val,test,change,human,,Madhya Pradesh,central_east,22.24784,80.51359,"[80.501131, 22.236236, 80.526054, 22.259437]",2019-11-10,2025-11-08,S2A_T44QMK_20191110T051135_L2A,S2C_T44QMK_20251108T052006_L2A,EPSG:32644,MGRS-44QMK,change,seasonal,images/madhya_pradesh_t1_007_r3c3
madhya_pradesh_t1_012_r0c3,madhya_pradesh_t1_012,val,test,seasonal,human,,Madhya Pradesh,central_east,25.09017,77.98497,"[77.972014, 25.078371, 77.997927, 25.10197]",2020-03-02,2026-03-01,S2A_T43RGH_20200302T052546_L2A,S2C_T43RGH_20260301T052412_L2A,EPSG:32643,MGRS-43RGH,change,change,images/madhya_pradesh_t1_012_r0c3
madhya_pradesh_t1_012_r1c0,madhya_pradesh_t1_012,val,test,seasonal,human,,Madhya Pradesh,central_east,25.06859,77.90836,"[77.895414, 25.0568, 77.92131, 25.080386]",2020-03-02,2026-03-01,S2A_T43RGH_20200302T052546_L2A,S2C_T43RGH_20260301T052412_L2A,EPSG:32643,MGRS-43RGH,change,change,images/madhya_pradesh_t1_012_r1c0
madhya_pradesh_t1_012_r1c1,madhya_pradesh_t1_012,val,test,no_change,human,,Madhya Pradesh,central_east,25.06809,77.93371,"[77.920762, 25.056299, 77.946662, 25.079889]",2020-03-02,2026-03-01,S2A_T43RGH_20200302T052546_L2A,S2C_T43RGH_20260301T052412_L2A,EPSG:32643,MGRS-43RGH,change,seasonal,images/madhya_pradesh_t1_012_r1c1
madhya_pradesh_t1_012_r1c2,madhya_pradesh_t1_012,val,test,seasonal,human,,Madhya Pradesh,central_east,25.06759,77.95906,"[77.946109, 25.055793, 77.972014, 25.079388]",2020-03-02,2026-03-01,S2A_T43RGH_20200302T052546_L2A,S2C_T43RGH_20260301T052412_L2A,EPSG:32643,MGRS-43RGH,change,seasonal,images/madhya_pradesh_t1_012_r1c2
madhya_pradesh_t1_012_r2c0,madhya_pradesh_t1_012,val,test,seasonal,automatic,,Madhya Pradesh,central_east,25.0455,77.90782,"[77.894871, 25.033711, 77.920762, 25.057297]",2020-03-02,2026-03-01,S2A_T43RGH_20200302T052546_L2A,S2C_T43RGH_20260301T052412_L2A,EPSG:32643,MGRS-43RGH,seasonal,seasonal,images/madhya_pradesh_t1_012_r2c0
madhya_pradesh_t1_012_r2c1,madhya_pradesh_t1_012,val,test,seasonal,human,,Madhya Pradesh,central_east,25.045,77.93316,"[77.920214, 25.03321, 77.946109, 25.0568]",2020-03-02,2026-03-01,S2A_T43RGH_20200302T052546_L2A,S2C_T43RGH_20260301T052412_L2A,EPSG:32643,MGRS-43RGH,change,seasonal,images/madhya_pradesh_t1_012_r2c1
madhya_pradesh_t1_012_r2c2,madhya_pradesh_t1_012,val,test,no_change,human,,Madhya Pradesh,central_east,25.0445,77.95851,"[77.945557, 25.032705, 77.971456, 25.056299]",2020-03-02,2026-03-01,S2A_T43RGH_20200302T052546_L2A,S2C_T43RGH_20260301T052412_L2A,EPSG:32643,MGRS-43RGH,change,change,images/madhya_pradesh_t1_012_r2c2
madhya_pradesh_t1_012_r3c0,madhya_pradesh_t1_012,val,test,cant_tell,human,,Madhya Pradesh,central_east,25.02241,77.90727,"[77.894329, 25.010621, 77.920214, 25.034207]",2020-03-02,2026-03-01,S2A_T43RGH_20200302T052546_L2A,S2C_T43RGH_20260301T052412_L2A,EPSG:32643,MGRS-43RGH,change,seasonal,images/madhya_pradesh_t1_012_r3c0
madhya_pradesh_t1_012_r3c1,madhya_pradesh_t1_012,val,test,seasonal,automatic,,Madhya Pradesh,central_east,25.02192,77.93261,"[77.919668, 25.010121, 77.945557, 25.033711]",2020-03-02,2026-03-01,S2A_T43RGH_20200302T052546_L2A,S2C_T43RGH_20260301T052412_L2A,EPSG:32643,MGRS-43RGH,seasonal,seasonal,images/madhya_pradesh_t1_012_r3c1
madhya_pradesh_t1_012_r3c3,madhya_pradesh_t1_012,val,test,seasonal,human,,Madhya Pradesh,central_east,25.02091,77.98329,"[77.970343, 25.009108, 77.99624, 25.032705]",2020-03-02,2026-03-01,S2A_T43RGH_20200302T052546_L2A,S2C_T43RGH_20260301T052412_L2A,EPSG:32643,MGRS-43RGH,change,seasonal,images/madhya_pradesh_t1_012_r3c3
maharashtra_063_r0c0,maharashtra_063,val,test,no_change,human,,Maharashtra,deccan,19.04422,73.30625,"[73.293977, 19.032544, 73.31853, 19.055893]",2020-02-24,2026-02-25,S2A_T43QCB_20200224T054233_L2A,S2C_T43QCB_20260225T054929_L2A,EPSG:32643,MGRS-43QCB,change,change,images/maharashtra_063_r0c0
maharashtra_063_r1c1,maharashtra_063,val,test,change,automatic,New buildings and a new road have been built across the scrubland east of the town,Maharashtra,deccan,19.02131,73.3308,"[73.31853, 19.00964, 73.343077, 19.032987]",2020-02-24,2026-02-25,S2A_T43QCB_20200224T054233_L2A,S2C_T43QCB_20260225T054929_L2A,EPSG:32643,MGRS-43QCB,change,change,images/maharashtra_063_r1c1
maharashtra_063_r2c0,maharashtra_063,val,test,cant_tell,automatic,,Maharashtra,deccan,18.99797,73.30672,"[73.294449, 18.986292, 73.318995, 19.00964]",2020-02-24,2026-02-25,S2A_T43QCB_20200224T054233_L2A,S2C_T43QCB_20260225T054929_L2A,EPSG:32643,MGRS-43QCB,seasonal,seasonal,images/maharashtra_063_r2c0
maharashtra_063_r2c1,maharashtra_063,val,test,cant_tell,human,,Maharashtra,deccan,18.99819,73.33103,"[73.318763, 18.986514, 73.343306, 19.00986]",2020-02-24,2026-02-25,S2A_T43QCB_20200224T054233_L2A,S2C_T43QCB_20260225T054929_L2A,EPSG:32643,MGRS-43QCB,change,change,images/maharashtra_063_r2c1
maharashtra_063_r2c3,maharashtra_063,val,test,change,human,,Maharashtra,deccan,18.99862,73.37966,"[73.367391, 18.986949, 73.391928, 19.010289]",2020-02-24,2026-02-25,S2A_T43QCB_20200224T054233_L2A,S2C_T43QCB_20260225T054929_L2A,EPSG:32643,MGRS-43QCB,change,change,images/maharashtra_063_r2c3
maharashtra_063_r3c3,maharashtra_063,val,test,no_change,human,,Maharashtra,deccan,18.97549,73.37988,"[73.367617, 18.963822, 73.39215, 18.987162]",2020-02-24,2026-02-25,S2A_T43QCB_20200224T054233_L2A,S2C_T43QCB_20260225T054929_L2A,EPSG:32643,MGRS-43QCB,change,seasonal,images/maharashtra_063_r3c3
maharashtra_067_r0c0,maharashtra_067,val,test,change,human,,Maharashtra,deccan,21.58798,76.94377,"[76.931256, 21.576281, 76.95628, 21.599686]",2020-02-11,2026-02-09,S2A_T43QGD_20200211T052916_L2A,S2C_T43QGD_20260209T052945_L2A,EPSG:32643,MGRS-43QGD,change,change,images/maharashtra_067_r0c0
maharashtra_067_r0c1,maharashtra_067,val,test,seasonal,human,,Maharashtra,deccan,21.58769,76.96848,"[76.95597, 21.575989, 76.980998, 21.599397]",2020-02-11,2026-02-09,S2A_T43QGD_20200211T052916_L2A,S2C_T43QGD_20260209T052945_L2A,EPSG:32643,MGRS-43QGD,change,change,images/maharashtra_067_r0c1
maharashtra_067_r0c2,maharashtra_067,val,test,seasonal,human,,Maharashtra,deccan,21.5874,76.9932,"[76.980683, 21.575693, 77.005715, 21.599105]",2020-02-11,2026-02-09,S2A_T43QGD_20200211T052916_L2A,S2C_T43QGD_20260209T052945_L2A,EPSG:32643,MGRS-43QGD,change,seasonal,images/maharashtra_067_r0c2
maharashtra_067_r0c3,maharashtra_067,val,test,no_change,human,,Maharashtra,deccan,21.5871,77.01791,"[77.005397, 21.575394, 77.030432, 21.598809]",2020-02-11,2026-02-09,S2A_T43QGD_20200211T052916_L2A,S2C_T43QGD_20260209T052945_L2A,EPSG:32643,MGRS-43QGD,change,seasonal,images/maharashtra_067_r0c3
maharashtra_067_r1c0,maharashtra_067,val,test,no_change,human,,Maharashtra,deccan,21.56487,76.94346,"[76.930949, 21.553165, 76.95597, 21.57657]",2020-02-11,2026-02-09,S2A_T43QGD_20200211T052916_L2A,S2C_T43QGD_20260209T052945_L2A,EPSG:32643,MGRS-43QGD,change,seasonal,images/maharashtra_067_r1c0
maharashtra_067_r1c2,maharashtra_067,val,test,seasonal,human,,Maharashtra,deccan,21.56428,76.99288,"[76.980369, 21.552578, 77.005397, 21.575989]",2020-02-11,2026-02-09,S2A_T43QGD_20200211T052916_L2A,S2C_T43QGD_20260209T052945_L2A,EPSG:32643,MGRS-43QGD,change,seasonal,images/maharashtra_067_r1c2
maharashtra_067_r2c1,maharashtra_067,val,test,seasonal,human,,Maharashtra,deccan,21.54146,76.96786,"[76.95535, 21.529757, 76.980369, 21.553165]",2020-02-11,2026-02-09,S2A_T43QGD_20200211T052916_L2A,S2C_T43QGD_20260209T052945_L2A,EPSG:32643,MGRS-43QGD,change,seasonal,images/maharashtra_067_r2c1
maharashtra_067_r2c2,maharashtra_067,val,test,seasonal,automatic,,Maharashtra,deccan,21.54117,76.99257,"[76.980056, 21.529462, 77.005079, 21.552873]",2020-02-11,2026-02-09,S2A_T43QGD_20200211T052916_L2A,S2C_T43QGD_20260209T052945_L2A,EPSG:32643,MGRS-43QGD,seasonal,seasonal,images/maharashtra_067_r2c2
maharashtra_067_r3c1,maharashtra_067,val,test,cant_tell,human,,Maharashtra,deccan,21.51835,76.96755,"[76.95504, 21.506642, 76.980056, 21.530049]",2020-02-11,2026-02-09,S2A_T43QGD_20200211T052916_L2A,S2C_T43QGD_20260209T052945_L2A,EPSG:32643,MGRS-43QGD,change,change,images/maharashtra_067_r3c1
maharashtra_067_r3c2,maharashtra_067,val,test,no_change,human,,Maharashtra,deccan,21.51805,76.99225,"[76.979742, 21.506347, 77.004761, 21.529757]",2020-02-11,2026-02-09,S2A_T43QGD_20200211T052916_L2A,S2C_T43QGD_20260209T052945_L2A,EPSG:32643,MGRS-43QGD,change,seasonal,images/maharashtra_067_r3c2
maharashtra_073_r0c0,maharashtra_073,val,test,seasonal,human,,Maharashtra,deccan,18.79228,76.15538,"[76.143155, 18.780643, 76.167601, 18.803926]",2020-02-16,2026-02-14,S2B_T43QFA_20200216T052654_L2A,S2B_T43QFA_20260214T052406_L2A,EPSG:32643,MGRS-43QFA,change,seasonal,images/maharashtra_073_r0c0
maharashtra_073_r0c3,maharashtra_073,val,test,seasonal,automatic,,Maharashtra,deccan,18.79182,76.22824,"[76.216014, 18.780174, 76.240469, 18.803465]",2020-02-16,2026-02-14,S2B_T43QFA_20200216T052654_L2A,S2B_T43QFA_20260214T052406_L2A,EPSG:32643,MGRS-43QFA,seasonal,seasonal,images/maharashtra_073_r0c3
maharashtra_073_r1c2,maharashtra_073,val,test,seasonal,automatic,,Maharashtra,deccan,18.76885,76.20379,"[76.191565, 18.757202, 76.216014, 18.78049]",2020-02-16,2026-02-14,S2B_T43QFA_20200216T052654_L2A,S2B_T43QFA_20260214T052406_L2A,EPSG:32643,MGRS-43QFA,seasonal,seasonal,images/maharashtra_073_r1c2
maharashtra_073_r2c0,maharashtra_073,val,test,seasonal,human,,Maharashtra,deccan,18.74602,76.15506,"[76.142843, 18.734379, 76.167282, 18.757661]",2020-02-16,2026-02-14,S2B_T43QFA_20200216T052654_L2A,S2B_T43QFA_20260214T052406_L2A,EPSG:32643,MGRS-43QFA,change,seasonal,images/maharashtra_073_r2c0
maharashtra_073_r2c1,maharashtra_073,val,test,seasonal,automatic,,Maharashtra,deccan,18.74587,76.17934,"[76.167123, 18.734226, 76.191565, 18.757511]",2020-02-16,2026-02-14,S2B_T43QFA_20200216T052654_L2A,S2B_T43QFA_20260214T052406_L2A,EPSG:32643,MGRS-43QFA,seasonal,seasonal,images/maharashtra_073_r2c1
maharashtra_073_r2c2,maharashtra_073,val,test,seasonal,automatic,,Maharashtra,deccan,18.74571,76.20363,"[76.191403, 18.73407, 76.215848, 18.757358]",2020-02-16,2026-02-14,S2B_T43QFA_20200216T052654_L2A,S2B_T43QFA_20260214T052406_L2A,EPSG:32643,MGRS-43QFA,seasonal,seasonal,images/maharashtra_073_r2c2
maharashtra_073_r2c3,maharashtra_073,val,test,seasonal,human,,Maharashtra,deccan,18.74556,76.22791,"[76.215682, 18.73391, 76.24013, 18.757202]",2020-02-16,2026-02-14,S2B_T43QFA_20200216T052654_L2A,S2B_T43QFA_20260214T052406_L2A,EPSG:32643,MGRS-43QFA,change,change,images/maharashtra_073_r2c3
maharashtra_073_r3c0,maharashtra_073,val,test,seasonal,automatic,,Maharashtra,deccan,18.72289,76.15491,"[76.142688, 18.711246, 76.167123, 18.734529]",2020-02-16,2026-02-14,S2B_T43QFA_20200216T052654_L2A,S2B_T43QFA_20260214T052406_L2A,EPSG:32643,MGRS-43QFA,seasonal,seasonal,images/maharashtra_073_r3c0
maharashtra_073_r3c1,maharashtra_073,val,test,seasonal,automatic,,Maharashtra,deccan,18.72274,76.17918,"[76.166965, 18.711094, 76.191403, 18.734379]",2020-02-16,2026-02-14,S2B_T43QFA_20200216T052654_L2A,S2B_T43QFA_20260214T052406_L2A,EPSG:32643,MGRS-43QFA,seasonal,seasonal,images/maharashtra_073_r3c1
maharashtra_073_r3c2,maharashtra_073,val,test,seasonal,human,,Maharashtra,deccan,18.72258,76.20346,"[76.191241, 18.710938, 76.215682, 18.734226]",2020-02-16,2026-02-14,S2B_T43QFA_20200216T052654_L2A,S2B_T43QFA_20260214T052406_L2A,EPSG:32643,MGRS-43QFA,change,seasonal,images/maharashtra_073_r3c2
maharashtra_t1_022_r0c1,maharashtra_t1_022,val,test,change,automatic,"The road under construction across the north has been completed as a highway, with a new pond at its western end",Maharashtra,deccan,19.79086,74.2771,"[74.264828, 19.779245, 74.289371, 19.802476]",2020-03-05,2026-03-06,S2A_T43QDB_20200305T053544_L2A,S2A_T43QDB_20260306T053952_L2A,EPSG:32643,MGRS-43QDB,change,change,images/maharashtra_t1_022_r0c1
maharashtra_t1_022_r0c3,maharashtra_t1_022,val,test,change,automatic,The village in the centre has grown with new buildings and a new pond,Maharashtra,deccan,19.79105,74.32598,"[74.313709, 19.779439, 74.338246, 19.802664]",2020-03-05,2026-03-06,S2A_T43QDB_20200305T053544_L2A,S2A_T43QDB_20260306T053952_L2A,EPSG:32643,MGRS-43QDB,change,change,images/maharashtra_t1_022_r0c3
maharashtra_t1_022_r1c1,maharashtra_t1_022,val,test,seasonal,human,,Maharashtra,deccan,19.76773,74.2772,"[74.264934, 19.756112, 74.289474, 19.779344]",2020-03-05,2026-03-06,S2A_T43QDB_20200305T053544_L2A,S2A_T43QDB_20260306T053952_L2A,EPSG:32643,MGRS-43QDB,seasonal,change,images/maharashtra_t1_022_r1c1
maharashtra_t1_022_r1c2,maharashtra_t1_022,val,test,seasonal,automatic,,Maharashtra,deccan,19.76783,74.30164,"[74.289371, 19.756211, 74.313907, 19.779439]",2020-03-05,2026-03-06,S2A_T43QDB_20200305T053544_L2A,S2A_T43QDB_20260306T053952_L2A,EPSG:32643,MGRS-43QDB,seasonal,seasonal,images/maharashtra_t1_022_r1c2
maharashtra_t1_022_r1c3,maharashtra_t1_022,val,test,cant_tell,human,,Maharashtra,deccan,19.76792,74.32607,"[74.313808, 19.756306, 74.338341, 19.779531]",2020-03-05,2026-03-06,S2A_T43QDB_20200305T053544_L2A,S2A_T43QDB_20260306T053952_L2A,EPSG:32643,MGRS-43QDB,seasonal,change,images/maharashtra_t1_022_r1c3
maharashtra_t1_022_r2c0,maharashtra_t1_022,val,test,seasonal,automatic,,Maharashtra,deccan,19.7445,74.25288,"[74.240607, 19.732878, 74.265146, 19.756112]",2020-03-05,2026-03-06,S2A_T43QDB_20200305T053544_L2A,S2A_T43QDB_20260306T053952_L2A,EPSG:32643,MGRS-43QDB,seasonal,seasonal,images/maharashtra_t1_022_r2c0
maharashtra_t1_022_r2c2,maharashtra_t1_022,val,test,seasonal,automatic,,Maharashtra,deccan,19.74469,74.30174,"[74.289474, 19.733078, 74.314006, 19.756306]",2020-03-05,2026-03-06,S2A_T43QDB_20200305T053544_L2A,S2A_T43QDB_20260306T053952_L2A,EPSG:32643,MGRS-43QDB,seasonal,seasonal,images/maharashtra_t1_022_r2c2
maharashtra_t1_022_r3c0,maharashtra_t1_022,val,test,seasonal,human,,Maharashtra,deccan,19.72136,74.25298,"[74.240716, 19.709745, 74.265252, 19.73298]",2020-03-05,2026-03-06,S2A_T43QDB_20200305T053544_L2A,S2A_T43QDB_20260306T053952_L2A,EPSG:32643,MGRS-43QDB,change,seasonal,images/maharashtra_t1_022_r3c0
maharashtra_t1_022_r3c1,maharashtra_t1_022,val,test,seasonal,automatic,,Maharashtra,deccan,19.72146,74.27741,"[74.265146, 19.709847, 74.289678, 19.733078]",2020-03-05,2026-03-06,S2A_T43QDB_20200305T053544_L2A,S2A_T43QDB_20260306T053952_L2A,EPSG:32643,MGRS-43QDB,seasonal,seasonal,images/maharashtra_t1_022_r3c1
maharashtra_t1_022_r3c2,maharashtra_t1_022,val,test,cant_tell,human,,Maharashtra,deccan,19.72156,74.30184,"[74.289576, 19.709945, 74.314105, 19.733173]",2020-03-05,2026-03-06,S2A_T43QDB_20200305T053544_L2A,S2A_T43QDB_20260306T053952_L2A,EPSG:32643,MGRS-43QDB,change,change,images/maharashtra_t1_022_r3c2
maharashtra_t1_053_r1c1,maharashtra_t1_053,val,test,change,automatic,New large industrial buildings have been built on the west side of the town where ponds used to be,Maharashtra,deccan,19.38646,72.86239,"[72.850053, 19.374758, 72.874718, 19.398164]",2020-01-18,2026-01-16,S2A_T43QBB_20200118T055101_L2A,S2C_T43QBB_20260116T054157_L2A,EPSG:32643,MGRS-43QBB,change,change,images/maharashtra_t1_053_r1c1
maharashtra_t1_053_r1c3,maharashtra_t1_053,val,test,change,automatic,"The town in the west has expanded, with new buildings and denser development",Maharashtra,deccan,19.38703,72.91111,"[72.898783, 19.375327, 72.923441, 19.398727]",2020-01-18,2026-01-16,S2A_T43QBB_20200118T055101_L2A,S2C_T43QBB_20260116T054157_L2A,EPSG:32643,MGRS-43QBB,change,change,images/maharashtra_t1_053_r1c3
maharashtra_t1_053_r2c1,maharashtra_t1_053,val,test,change,automatic,"New apartment blocks and a new railway line have been built in the north-west, with denser development across the town",Maharashtra,deccan,19.36334,72.86269,"[72.850357, 19.351639, 72.875018, 19.375044]",2020-01-18,2026-01-16,S2A_T43QBB_20200118T055101_L2A,S2C_T43QBB_20260116T054157_L2A,EPSG:32643,MGRS-43QBB,change,change,images/maharashtra_t1_053_r2c1
maharashtra_t1_053_r2c2,maharashtra_t1_053,val,test,change,automatic,New industrial buildings have appeared on the east side of the town near the highway,Maharashtra,deccan,19.36363,72.88705,"[72.874718, 19.351925, 72.899376, 19.375327]",2020-01-18,2026-01-16,S2A_T43QBB_20200118T055101_L2A,S2C_T43QBB_20260116T054157_L2A,EPSG:32643,MGRS-43QBB,change,change,images/maharashtra_t1_053_r2c2
maharashtra_t1_053_r2c3,maharashtra_t1_053,val,test,change,automatic,New industrial buildings with large white and blue roofs have been built across the south-east of the town,Maharashtra,deccan,19.36391,72.91141,"[72.899079, 19.352207, 72.923734, 19.375607]",2020-01-18,2026-01-16,S2A_T43QBB_20200118T055101_L2A,S2C_T43QBB_20260116T054157_L2A,EPSG:32643,MGRS-43QBB,change,change,images/maharashtra_t1_053_r2c3
maharashtra_t1_053_r3c3,maharashtra_t1_053,val,test,change,automatic,New industrial buildings with blue and white roofs have appeared in the east near the railway,Maharashtra,deccan,19.34079,72.9117,"[72.899376, 19.329087, 72.924027, 19.352487]",2020-01-18,2026-01-16,S2A_T43QBB_20200118T055101_L2A,S2C_T43QBB_20260116T054157_L2A,EPSG:32643,MGRS-43QBB,change,change,images/maharashtra_t1_053_r3c3
manipur_002_r0c1,manipur_002,val,test,no_change,human,,Manipur,northeast,24.56396,93.64445,"[93.631755, 24.552349, 93.657152, 24.575576]",2019-12-15,2025-12-13,S2A_T46REN_20191215T042501_L2A,S2C_T46REN_20251213T042619_L2A,EPSG:32646,MGRS-46REN,change,seasonal,images/manipur_002_r0c1
manipur_002_r0c2,manipur_002,val,test,cant_tell,automatic,,Manipur,northeast,24.56385,93.66973,"[93.657031, 24.552237, 93.682433, 24.575468]",2019-12-15,2025-12-13,S2A_T46REN_20191215T042501_L2A,S2C_T46REN_20251213T042619_L2A,EPSG:32646,MGRS-46REN,seasonal,seasonal,images/manipur_002_r0c2
manipur_002_r1c0,manipur_002,val,test,no_change,human,,Manipur,northeast,24.54095,93.61906,"[93.606366, 24.529337, 93.631755, 24.552561]",2019-12-15,2025-12-13,S2A_T46REN_20191215T042501_L2A,S2C_T46REN_20251213T042619_L2A,EPSG:32646,MGRS-46REN,change,seasonal,images/manipur_002_r1c0
manipur_002_r2c2,manipur_002,val,test,no_change,automatic,,Manipur,northeast,24.51761,93.66949,"[93.656791, 24.505998, 93.682183, 24.529229]",2019-12-15,2025-12-13,S2A_T46REN_20191215T042501_L2A,S2C_T46REN_20251213T042619_L2A,EPSG:32646,MGRS-46REN,seasonal,seasonal,images/manipur_002_r2c2
manipur_002_r3c2,manipur_002,val,test,no_change,human,,Manipur,northeast,24.49449,93.66936,"[93.656671, 24.482878, 93.682058, 24.50611]",2019-12-15,2025-12-13,S2A_T46REN_20191215T042501_L2A,S2C_T46REN_20251213T042619_L2A,EPSG:32646,MGRS-46REN,change,seasonal,images/manipur_002_r3c2
odisha_010_r1c2,odisha_010,val,test,change,automatic,New rows of plantation or orchard plots have been laid out across the south and east,Odisha,central_east,19.38311,84.59442,"[84.582073, 19.371394, 84.60677, 19.394832]",2020-03-13,2026-03-12,S2A_T45QTB_20200313T045528_L2A,S2C_T45QTB_20260312T045250_L2A,EPSG:32645,MGRS-45QTB,change,change,images/odisha_010_r1c2
odisha_010_r1c3,odisha_010,val,test,seasonal,human,,Odisha,central_east,19.38343,84.61878,"[84.606432, 19.371716, 84.631127, 19.395151]",2020-03-13,2026-03-12,S2A_T45QTB_20200313T045528_L2A,S2C_T45QTB_20260312T045250_L2A,EPSG:32645,MGRS-45QTB,change,seasonal,images/odisha_010_r1c3
odisha_010_r3c0,odisha_010,val,test,seasonal,human,,Odisha,central_east,19.33623,84.5464,"[84.534051, 19.324512, 84.558746, 19.347954]",2020-03-13,2026-03-12,S2A_T45QTB_20200313T045528_L2A,S2C_T45QTB_20260312T045250_L2A,EPSG:32645,MGRS-45QTB,change,change,images/odisha_010_r3c0
punjab_t1_007_r0c0,punjab_t1_007,val,test,seasonal,automatic,,Punjab,north_plains,31.16198,75.12067,"[75.107222, 31.150418, 75.134113, 31.173542]",2020-02-22,2026-02-20,S2B_T43REQ_20200222T054043_L2A,S2B_T43REQ_20260220T054822_L2A,EPSG:32643,MGRS-43REQ,seasonal,seasonal,images/punjab_t1_007_r0c0
punjab_t1_007_r1c0,punjab_t1_007,val,test,seasonal,human,,Punjab,north_plains,31.13888,75.12064,"[75.107196, 31.12732, 75.13408, 31.150444]",2020-02-22,2026-02-20,S2B_T43REQ_20200222T054043_L2A,S2B_T43REQ_20260220T054822_L2A,EPSG:32643,MGRS-43REQ,change,seasonal,images/punjab_t1_007_r1c0
punjab_t1_007_r1c1,punjab_t1_007,val,test,no_change,human,,Punjab,north_plains,31.13885,75.14749,"[75.134048, 31.127289, 75.160938, 31.150418]",2020-02-22,2026-02-20,S2B_T43REQ_20200222T054043_L2A,S2B_T43REQ_20260220T054822_L2A,EPSG:32643,MGRS-43REQ,change,seasonal,images/punjab_t1_007_r1c1
punjab_t1_007_r2c0,punjab_t1_007,val,test,seasonal,human,,Punjab,north_plains,31.11578,75.12061,"[75.10717, 31.104221, 75.134048, 31.127345]",2020-02-22,2026-02-20,S2B_T43REQ_20200222T054043_L2A,S2B_T43REQ_20260220T054822_L2A,EPSG:32643,MGRS-43REQ,change,change,images/punjab_t1_007_r2c0
punjab_t1_007_r2c1,punjab_t1_007,val,test,change,human,,Punjab,north_plains,31.11576,75.14746,"[75.134015, 31.10419, 75.160899, 31.12732]",2020-02-22,2026-02-20,S2B_T43REQ_20200222T054043_L2A,S2B_T43REQ_20260220T054822_L2A,EPSG:32643,MGRS-43REQ,seasonal,seasonal,images/punjab_t1_007_r2c1
punjab_t1_007_r2c2,punjab_t1_007,val,test,seasonal,automatic,,Punjab,north_plains,31.11572,75.17431,"[75.16086, 31.104154, 75.187751, 31.127289]",2020-02-22,2026-02-20,S2B_T43REQ_20200222T054043_L2A,S2B_T43REQ_20260220T054822_L2A,EPSG:32643,MGRS-43REQ,seasonal,seasonal,images/punjab_t1_007_r2c2
punjab_t1_007_r2c3,punjab_t1_007,val,test,seasonal,human,,Punjab,north_plains,31.11568,75.20115,"[75.187705, 31.104112, 75.214602, 31.127252]",2020-02-22,2026-02-20,S2B_T43REQ_20200222T054043_L2A,S2B_T43REQ_20260220T054822_L2A,EPSG:32643,MGRS-43REQ,change,seasonal,images/punjab_t1_007_r2c3
punjab_t1_007_r3c0,punjab_t1_007,val,test,cant_tell,automatic,,Punjab,north_plains,31.09268,75.12058,"[75.107145, 31.081121, 75.134015, 31.104246]",2020-02-22,2026-02-20,S2B_T43REQ_20200222T054043_L2A,S2B_T43REQ_20260220T054822_L2A,EPSG:32643,MGRS-43REQ,seasonal,seasonal,images/punjab_t1_007_r3c0
punjab_t1_007_r3c1,punjab_t1_007,val,test,seasonal,human,,Punjab,north_plains,31.09266,75.14742,"[75.133983, 31.081091, 75.16086, 31.104221]",2020-02-22,2026-02-20,S2B_T43REQ_20200222T054043_L2A,S2B_T43REQ_20260220T054822_L2A,EPSG:32643,MGRS-43REQ,change,seasonal,images/punjab_t1_007_r3c1
punjab_t1_007_r3c2,punjab_t1_007,val,test,no_change,human,,Punjab,north_plains,31.09262,75.17426,"[75.160822, 31.081055, 75.187705, 31.10419]",2020-02-22,2026-02-20,S2B_T43REQ_20200222T054043_L2A,S2B_T43REQ_20260220T054822_L2A,EPSG:32643,MGRS-43REQ,seasonal,seasonal,images/punjab_t1_007_r3c2
punjab_t1_007_r3c3,punjab_t1_007,val,test,seasonal,automatic,,Punjab,north_plains,31.09258,75.2011,"[75.18766, 31.081013, 75.21455, 31.104154]",2020-02-22,2026-02-20,S2B_T43REQ_20200222T054043_L2A,S2B_T43REQ_20260220T054822_L2A,EPSG:32643,MGRS-43REQ,seasonal,seasonal,images/punjab_t1_007_r3c3
telangana_024_r0c3,telangana_024,val,test,seasonal,automatic,,Telangana,deccan,19.20321,78.5216,"[78.509204, 19.191433, 78.534002, 19.214992]",2020-02-23,2026-02-21,S2B_T43QHB_20200223T051633_L2A,S2B_T43QHB_20260221T052041_L2A,EPSG:32643,MGRS-43QHB,seasonal,seasonal,images/telangana_024_r0c3
telangana_024_r2c0,telangana_024,val,test,no_change,human,,Telangana,deccan,19.15841,78.44772,"[78.435327, 19.146637, 78.460109, 19.170188]",2020-02-23,2026-02-21,S2B_T43QHB_20200223T051633_L2A,S2B_T43QHB_20260221T052041_L2A,EPSG:32643,MGRS-43QHB,change,change,images/telangana_024_r2c0
telangana_024_r2c1,telangana_024,val,test,seasonal,human,,Telangana,deccan,19.15795,78.47202,"[78.459627, 19.146178, 78.484412, 19.169731]",2020-02-23,2026-02-21,S2B_T43QHB_20200223T051633_L2A,S2B_T43QHB_20260221T052041_L2A,EPSG:32643,MGRS-43QHB,change,seasonal,images/telangana_024_r2c1
telangana_024_r2c3,telangana_024,val,test,no_change,human,,Telangana,deccan,19.15703,78.52062,"[78.508225, 19.145249, 78.533016, 19.168808]",2020-02-23,2026-02-21,S2B_T43QHB_20200223T051633_L2A,S2B_T43QHB_20260221T052041_L2A,EPSG:32643,MGRS-43QHB,change,seasonal,images/telangana_024_r2c3
uttar_pradesh_t1_011_r3c3,uttar_pradesh_t1_011,val,train,seasonal,human,,Uttar Pradesh,north_plains,29.63206,77.58092,"[77.567414, 29.620266, 77.594421, 29.643861]",2020-04-24,2026-04-25,S2A_T43RGN_20200424T053852_L2A,S2A_T43RGN_20260425T053950_L2A,EPSG:32643,MGRS-43RGN,change,seasonal,images/uttar_pradesh_t1_011_r3c3
uttar_pradesh_t1_013_r0c0,uttar_pradesh_t1_013,val,test,seasonal,automatic,,Uttar Pradesh,north_plains,27.82297,79.71009,"[79.696958, 27.811299, 79.723219, 27.834646]",2020-03-02,2026-03-01,S2A_T44RLR_20200302T052546_L2A,S2C_T44RLR_20260301T052412_L2A,EPSG:32644,MGRS-44RLR,seasonal,seasonal,images/uttar_pradesh_t1_013_r0c0
uttar_pradesh_t1_013_r0c2,uttar_pradesh_t1_013,val,test,no_change,human,,Uttar Pradesh,north_plains,27.82345,79.76206,"[79.748939, 27.81178, 79.77519, 27.835118]",2020-03-02,2026-03-01,S2A_T44RLR_20200302T052546_L2A,S2C_T44RLR_20260301T052412_L2A,EPSG:32644,MGRS-44RLR,change,seasonal,images/uttar_pradesh_t1_013_r0c2
uttar_pradesh_t1_013_r0c3,uttar_pradesh_t1_013,val,test,seasonal,human,,Uttar Pradesh,north_plains,27.82368,79.78805,"[79.77493, 27.812012, 79.801176, 27.835346]",2020-03-02,2026-03-01,S2A_T44RLR_20200302T052546_L2A,S2C_T44RLR_20260301T052412_L2A,EPSG:32644,MGRS-44RLR,change,change,images/uttar_pradesh_t1_013_r0c3
uttar_pradesh_t1_013_r1c1,uttar_pradesh_t1_013,val,test,no_change,human,,Uttar Pradesh,north_plains,27.80011,79.73634,"[79.723219, 27.788437, 79.749469, 27.81178]",2020-03-02,2026-03-01,S2A_T44RLR_20200302T052546_L2A,S2C_T44RLR_20260301T052412_L2A,EPSG:32644,MGRS-44RLR,change,seasonal,images/uttar_pradesh_t1_013_r1c1
uttar_pradesh_t1_013_r1c2,uttar_pradesh_t1_013,val,test,seasonal,automatic,,Uttar Pradesh,north_plains,27.80034,79.76233,"[79.749204, 27.788675, 79.775449, 27.812012]",2020-03-02,2026-03-01,S2A_T44RLR_20200302T052546_L2A,S2C_T44RLR_20260301T052412_L2A,EPSG:32644,MGRS-44RLR,seasonal,seasonal,images/uttar_pradesh_t1_013_r1c2
uttar_pradesh_t1_013_r1c3,uttar_pradesh_t1_013,val,test,change,automatic,The town has expanded with new built-up areas along the main road in the centre and south,Uttar Pradesh,north_plains,27.80057,79.78831,"[79.77519, 27.788907, 79.801429, 27.812241]",2020-03-02,2026-03-01,S2A_T44RLR_20200302T052546_L2A,S2C_T44RLR_20260301T052412_L2A,EPSG:32644,MGRS-44RLR,change,change,images/uttar_pradesh_t1_013_r1c3
uttar_pradesh_t1_013_r2c2,uttar_pradesh_t1_013,val,test,no_change,human,,Uttar Pradesh,north_plains,27.77724,79.76259,"[79.749469, 27.765569, 79.775708, 27.788907]",2020-03-02,2026-03-01,S2A_T44RLR_20200302T052546_L2A,S2C_T44RLR_20260301T052412_L2A,EPSG:32644,MGRS-44RLR,change,seasonal,images/uttar_pradesh_t1_013_r2c2
uttar_pradesh_t1_013_r2c3,uttar_pradesh_t1_013,val,test,seasonal,automatic,,Uttar Pradesh,north_plains,27.77747,79.78857,"[79.775449, 27.765802, 79.801683, 27.789135]",2020-03-02,2026-03-01,S2A_T44RLR_20200302T052546_L2A,S2C_T44RLR_20260301T052412_L2A,EPSG:32644,MGRS-44RLR,seasonal,seasonal,images/uttar_pradesh_t1_013_r2c3
uttar_pradesh_t1_013_r3c1,uttar_pradesh_t1_013,val,test,no_change,human,,Uttar Pradesh,north_plains,27.7539,79.73688,"[79.723759, 27.742227, 79.749997, 27.765569]",2020-03-02,2026-03-01,S2A_T44RLR_20200302T052546_L2A,S2C_T44RLR_20260301T052412_L2A,EPSG:32644,MGRS-44RLR,change,seasonal,images/uttar_pradesh_t1_013_r3c1
uttar_pradesh_t1_013_r3c2,uttar_pradesh_t1_013,val,test,cant_tell,human,,Uttar Pradesh,north_plains,27.75413,79.76285,"[79.749733, 27.742464, 79.775966, 27.765802]",2020-03-02,2026-03-01,S2A_T44RLR_20200302T052546_L2A,S2C_T44RLR_20260301T052412_L2A,EPSG:32644,MGRS-44RLR,change,seasonal,images/uttar_pradesh_t1_013_r3c2
uttar_pradesh_t1_024_r0c2,uttar_pradesh_t1_024,val,test,seasonal,human,,Uttar Pradesh,north_plains,25.37321,80.06923,"[80.056425, 25.361574, 80.082045, 25.38485]",2020-02-16,2026-02-16,S2B_T44RMP_20200216T052654_L2A,S2C_T44RMP_20260216T051854_L2A,EPSG:32644,MGRS-44RMP,change,seasonal,images/uttar_pradesh_t1_024_r0c2
uttar_pradesh_t1_024_r1c0,uttar_pradesh_t1_024,val,test,seasonal,human,,Uttar Pradesh,north_plains,25.34977,80.01854,"[80.005724, 25.338124, 80.031348, 25.361408]",2020-02-16,2026-02-16,S2B_T44RMP_20200216T052654_L2A,S2C_T44RMP_20260216T051854_L2A,EPSG:32644,MGRS-44RMP,change,seasonal,images/uttar_pradesh_t1_024_r1c0
uttar_pradesh_t1_024_r1c1,uttar_pradesh_t1_024,val,test,seasonal,human,,Uttar Pradesh,north_plains,25.34993,80.04397,"[80.031164, 25.338293, 80.056784, 25.361574]",2020-02-16,2026-02-16,S2B_T44RMP_20200216T052654_L2A,S2C_T44RMP_20260216T051854_L2A,EPSG:32644,MGRS-44RMP,change,seasonal,images/uttar_pradesh_t1_024_r1c1
uttar_pradesh_t1_024_r1c2,uttar_pradesh_t1_024,val,test,change,automatic,A new road runs north to south through the quarry area and the mining pits have changed shape,Uttar Pradesh,north_plains,25.3501,80.06941,"[80.056605, 25.338458, 80.08222, 25.361735]",2020-02-16,2026-02-16,S2B_T44RMP_20200216T052654_L2A,S2C_T44RMP_20260216T051854_L2A,EPSG:32644,MGRS-44RMP,change,change,images/uttar_pradesh_t1_024_r1c2
uttar_pradesh_t1_024_r2c3,uttar_pradesh_t1_024,val,test,seasonal,human,,Uttar Pradesh,north_plains,25.32714,80.09502,"[80.08222, 25.315503, 80.107826, 25.338775]",2020-02-16,2026-02-16,S2B_T44RMP_20200216T052654_L2A,S2C_T44RMP_20260216T051854_L2A,EPSG:32644,MGRS-44RMP,change,change,images/uttar_pradesh_t1_024_r2c3
uttar_pradesh_t1_042_r0c0,uttar_pradesh_t1_042,val,test,no_change,human,,Uttar Pradesh,north_plains,27.72187,78.98428,"[78.971095, 27.710136, 78.997475, 27.73361]",2020-02-16,2026-02-19,S2B_T44RLR_20200216T052654_L2A,S2C_T44RLR_20260219T052722_L2A,EPSG:32644,MGRS-44RLR,seasonal,change,images/uttar_pradesh_t1_042_r0c0
uttar_pradesh_t1_042_r0c1,uttar_pradesh_t1_042,val,test,cant_tell,human,,Uttar Pradesh,north_plains,27.72225,79.01024,"[78.997052, 27.710514, 79.023427, 27.733984]",2020-02-16,2026-02-19,S2B_T44RLR_20200216T052654_L2A,S2C_T44RLR_20260219T052722_L2A,EPSG:32644,MGRS-44RLR,seasonal,seasonal,images/uttar_pradesh_t1_042_r0c1
uttar_pradesh_t1_042_r0c2,uttar_pradesh_t1_042,val,test,seasonal,automatic,,Uttar Pradesh,north_plains,27.72262,79.03619,"[79.02301, 27.710887, 79.049379, 27.734352]",2020-02-16,2026-02-19,S2B_T44RLR_20200216T052654_L2A,S2C_T44RLR_20260219T052722_L2A,EPSG:32644,MGRS-44RLR,seasonal,seasonal,images/uttar_pradesh_t1_042_r0c2
uttar_pradesh_t1_042_r0c3,uttar_pradesh_t1_042,val,test,cant_tell,human,,Uttar Pradesh,north_plains,27.72299,79.06215,"[79.048968, 27.711255, 79.075332, 27.734716]",2020-02-16,2026-02-19,S2B_T44RLR_20200216T052654_L2A,S2C_T44RLR_20260219T052722_L2A,EPSG:32644,MGRS-44RLR,change,seasonal,images/uttar_pradesh_t1_042_r0c3
uttar_pradesh_t1_042_r1c0,uttar_pradesh_t1_042,val,test,seasonal,human,,Uttar Pradesh,north_plains,27.69878,78.98471,"[78.971523, 27.687039, 78.997896, 27.710514]",2020-02-16,2026-02-19,S2B_T44RLR_20200216T052654_L2A,S2C_T44RLR_20260219T052722_L2A,EPSG:32644,MGRS-44RLR,change,change,images/uttar_pradesh_t1_042_r1c0
uttar_pradesh_t1_042_r1c1,uttar_pradesh_t1_042,val,test,seasonal,human,,Uttar Pradesh,north_plains,27.69915,79.01066,"[78.997475, 27.687417, 79.023843, 27.710887]",2020-02-16,2026-02-19,S2B_T44RLR_20200216T052654_L2A,S2C_T44RLR_20260219T052722_L2A,EPSG:32644,MGRS-44RLR,change,seasonal,images/uttar_pradesh_t1_042_r1c1
uttar_pradesh_t1_042_r1c2,uttar_pradesh_t1_042,val,test,change,human,,Uttar Pradesh,north_plains,27.69952,79.03661,"[79.023427, 27.68779, 79.04979, 27.711255]",2020-02-16,2026-02-19,S2B_T44RLR_20200216T052654_L2A,S2C_T44RLR_20260219T052722_L2A,EPSG:32644,MGRS-44RLR,change,seasonal,images/uttar_pradesh_t1_042_r1c2
uttar_pradesh_t1_042_r1c3,uttar_pradesh_t1_042,val,test,no_change,human,,Uttar Pradesh,north_plains,27.69989,79.06256,"[79.049379, 27.688158, 79.075737, 27.711618]",2020-02-16,2026-02-19,S2B_T44RLR_20200216T052654_L2A,S2C_T44RLR_20260219T052722_L2A,EPSG:32644,MGRS-44RLR,seasonal,seasonal,images/uttar_pradesh_t1_042_r1c3
uttar_pradesh_t1_042_r2c0,uttar_pradesh_t1_042,val,test,no_change,human,,Uttar Pradesh,north_plains,27.67568,78.98513,"[78.97195, 27.663943, 78.998317, 27.687417]",2020-02-16,2026-02-19,S2B_T44RLR_20200216T052654_L2A,S2C_T44RLR_20260219T052722_L2A,EPSG:32644,MGRS-44RLR,change,change,images/uttar_pradesh_t1_042_r2c0
uttar_pradesh_t1_042_r2c1,uttar_pradesh_t1_042,val,test,no_change,human,,Uttar Pradesh,north_plains,27.67605,79.01108,"[78.997896, 27.66432, 79.024259, 27.68779]",2020-02-16,2026-02-19,S2B_T44RLR_20200216T052654_L2A,S2C_T44RLR_20260219T052722_L2A,EPSG:32644,MGRS-44RLR,change,seasonal,images/uttar_pradesh_t1_042_r2c1
uttar_pradesh_t1_042_r2c3,uttar_pradesh_t1_042,val,test,cant_tell,human,,Uttar Pradesh,north_plains,27.67679,79.06297,"[79.04979, 27.66506, 79.076142, 27.688521]",2020-02-16,2026-02-19,S2B_T44RLR_20200216T052654_L2A,S2C_T44RLR_20260219T052722_L2A,EPSG:32644,MGRS-44RLR,seasonal,seasonal,images/uttar_pradesh_t1_042_r2c3
uttar_pradesh_t1_042_r3c0,uttar_pradesh_t1_042,val,test,seasonal,automatic,,Uttar Pradesh,north_plains,27.65258,78.98556,"[78.972377, 27.640846, 78.998738, 27.66432]",2020-02-16,2026-02-19,S2B_T44RLR_20200216T052654_L2A,S2C_T44RLR_20260219T052722_L2A,EPSG:32644,MGRS-44RLR,seasonal,seasonal,images/uttar_pradesh_t1_042_r3c0
uttar_pradesh_t1_042_r3c1,uttar_pradesh_t1_042,val,test,no_change,human,,Uttar Pradesh,north_plains,27.65296,79.0115,"[78.998317, 27.641223, 79.024674, 27.664692]",2020-02-16,2026-02-19,S2B_T44RLR_20200216T052654_L2A,S2C_T44RLR_20260219T052722_L2A,EPSG:32644,MGRS-44RLR,change,seasonal,images/uttar_pradesh_t1_042_r3c1
uttar_pradesh_t1_042_r3c3,uttar_pradesh_t1_042,val,test,seasonal,human,,Uttar Pradesh,north_plains,27.65369,79.06337,"[79.0502, 27.641962, 79.076547, 27.665423]",2020-02-16,2026-02-19,S2B_T44RLR_20200216T052654_L2A,S2C_T44RLR_20260219T052722_L2A,EPSG:32644,MGRS-44RLR,seasonal,seasonal,images/uttar_pradesh_t1_042_r3c3
west_bengal_018_r1c2,west_bengal_018,val,test,change,automatic,A wide new transport corridor has been built along the diagonal line crossing the image,West Bengal,north_plains,23.29087,86.98553,"[86.973008, 23.279309, 86.998044, 23.302436]",2020-04-12,2026-04-13,S2A_T45QVF_20200412T045530_L2A,S2A_T45QVF_20260413T045529_L2A,EPSG:32645,MGRS-45QVF,change,change,images/west_bengal_018_r1c2
west_bengal_018_r2c3,west_bengal_018,val,test,seasonal,human,,West Bengal,north_plains,23.26775,87.01056,"[86.998044, 23.256185, 87.023076, 23.279311]",2020-04-12,2026-04-13,S2A_T45QVF_20200412T045530_L2A,S2A_T45QVF_20260413T045529_L2A,EPSG:32645,MGRS-45QVF,change,change,images/west_bengal_018_r2c3
