tile_id,aoi_id,category,bbox
gift_city_gandhinagar_r0_c0,gift_city_gandhinagar,urban,"[72.6, 23.1, 72.645, 23.145000000000003]"
gift_city_gandhinagar_r0_c1,gift_city_gandhinagar,urban,"[72.645, 23.1, 72.69, 23.145000000000003]"
gift_city_gandhinagar_r0_c2,gift_city_gandhinagar,urban,"[72.69, 23.1, 72.735, 23.145000000000003]"
gift_city_gandhinagar_r0_c3,gift_city_gandhinagar,urban,"[72.735, 23.1, 72.78, 23.145000000000003]"
gift_city_gandhinagar_r0_c4,gift_city_gandhinagar,urban,"[72.78, 23.1, 72.825, 23.145000000000003]"
gift_city_gandhinagar_r0_c5,gift_city_gandhinagar,urban,"[72.825, 23.1, 72.87, 23.145000000000003]"
gift_city_gandhinagar_r1_c0,gift_city_gandhinagar,urban,"[72.6, 23.145000000000003, 72.645, 23.190000000000005]"
gift_city_gandhinagar_r1_c1,gift_city_gandhinagar,urban,"[72.645, 23.145000000000003, 72.69, 23.190000000000005]"
gift_city_gandhinagar_r1_c2,gift_city_gandhinagar,urban,"[72.69, 23.145000000000003, 72.735, 23.190000000000005]"
gift_city_gandhinagar_r1_c3,gift_city_gandhinagar,urban,"[72.735, 23.145000000000003, 72.78, 23.190000000000005]"
gift_city_gandhinagar_r1_c4,gift_city_gandhinagar,urban,"[72.78, 23.145000000000003, 72.825, 23.190000000000005]"
gift_city_gandhinagar_r1_c5,gift_city_gandhinagar,urban,"[72.825, 23.145000000000003, 72.87, 23.190000000000005]"
gift_city_gandhinagar_r2_c0,gift_city_gandhinagar,urban,"[72.6, 23.190000000000005, 72.645, 23.235000000000007]"
gift_city_gandhinagar_r2_c1,gift_city_gandhinagar,urban,"[72.645, 23.190000000000005, 72.69, 23.235000000000007]"
gift_city_gandhinagar_r2_c2,gift_city_gandhinagar,urban,"[72.69, 23.190000000000005, 72.735, 23.235000000000007]"
gift_city_gandhinagar_r2_c3,gift_city_gandhinagar,urban,"[72.735, 23.190000000000005, 72.78, 23.235000000000007]"
gift_city_gandhinagar_r2_c4,gift_city_gandhinagar,urban,"[72.78, 23.190000000000005, 72.825, 23.235000000000007]"
gift_city_gandhinagar_r2_c5,gift_city_gandhinagar,urban,"[72.825, 23.190000000000005, 72.87, 23.235000000000007]"
gift_city_gandhinagar_r3_c0,gift_city_gandhinagar,urban,"[72.6, 23.235000000000007, 72.645, 23.28000000000001]"
gift_city_gandhinagar_r3_c1,gift_city_gandhinagar,urban,"[72.645, 23.235000000000007, 72.69, 23.28000000000001]"
gift_city_gandhinagar_r3_c2,gift_city_gandhinagar,urban,"[72.69, 23.235000000000007, 72.735, 23.28000000000001]"
gift_city_gandhinagar_r3_c3,gift_city_gandhinagar,urban,"[72.735, 23.235000000000007, 72.78, 23.28000000000001]"
gift_city_gandhinagar_r3_c4,gift_city_gandhinagar,urban,"[72.78, 23.235000000000007, 72.825, 23.28000000000001]"
gift_city_gandhinagar_r3_c5,gift_city_gandhinagar,urban,"[72.825, 23.235000000000007, 72.87, 23.28000000000001]"
gift_city_gandhinagar_r4_c0,gift_city_gandhinagar,urban,"[72.6, 23.28000000000001, 72.645, 23.32500000000001]"
gift_city_gandhinagar_r4_c1,gift_city_gandhinagar,urban,"[72.645, 23.28000000000001, 72.69, 23.32500000000001]"
gift_city_gandhinagar_r4_c2,gift_city_gandhinagar,urban,"[72.69, 23.28000000000001, 72.735, 23.32500000000001]"
gift_city_gandhinagar_r4_c3,gift_city_gandhinagar,urban,"[72.735, 23.28000000000001, 72.78, 23.32500000000001]"
gift_city_gandhinagar_r4_c4,gift_city_gandhinagar,urban,"[72.78, 23.28000000000001, 72.825, 23.32500000000001]"
gift_city_gandhinagar_r4_c5,gift_city_gandhinagar,urban,"[72.825, 23.28000000000001, 72.87, 23.32500000000001]"
gift_city_gandhinagar_r5_c0,gift_city_gandhinagar,urban,"[72.6, 23.32500000000001, 72.645, 23.37000000000001]"
gift_city_gandhinagar_r5_c1,gift_city_gandhinagar,urban,"[72.645, 23.32500000000001, 72.69, 23.37000000000001]"
gift_city_gandhinagar_r5_c2,gift_city_gandhinagar,urban,"[72.69, 23.32500000000001, 72.735, 23.37000000000001]"
gift_city_gandhinagar_r5_c3,gift_city_gandhinagar,urban,"[72.735, 23.32500000000001, 72.78, 23.37000000000001]"
gift_city_gandhinagar_r5_c4,gift_city_gandhinagar,urban,"[72.78, 23.32500000000001, 72.825, 23.37000000000001]"
gift_city_gandhinagar_r5_c5,gift_city_gandhinagar,urban,"[72.825, 23.32500000000001, 72.87, 23.37000000000001]"
delhi_ncr_fringe_r0_c0,delhi_ncr_fringe,urban,"[77.2, 28.35, 77.245, 28.395000000000003]"
delhi_ncr_fringe_r0_c1,delhi_ncr_fringe,urban,"[77.245, 28.35, 77.29, 28.395000000000003]"
delhi_ncr_fringe_r0_c2,delhi_ncr_fringe,urban,"[77.29, 28.35, 77.33500000000001, 28.395000000000003]"
delhi_ncr_fringe_r0_c3,delhi_ncr_fringe,urban,"[77.33500000000001, 28.35, 77.38000000000001, 28.395000000000003]"
delhi_ncr_fringe_r0_c4,delhi_ncr_fringe,urban,"[77.38000000000001, 28.35, 77.42500000000001, 28.395000000000003]"
delhi_ncr_fringe_r0_c5,delhi_ncr_fringe,urban,"[77.42500000000001, 28.35, 77.47000000000001, 28.395000000000003]"
delhi_ncr_fringe_r1_c0,delhi_ncr_fringe,urban,"[77.2, 28.395000000000003, 77.245, 28.440000000000005]"
delhi_ncr_fringe_r1_c1,delhi_ncr_fringe,urban,"[77.245, 28.395000000000003, 77.29, 28.440000000000005]"
delhi_ncr_fringe_r1_c2,delhi_ncr_fringe,urban,"[77.29, 28.395000000000003, 77.33500000000001, 28.440000000000005]"
delhi_ncr_fringe_r1_c3,delhi_ncr_fringe,urban,"[77.33500000000001, 28.395000000000003, 77.38000000000001, 28.440000000000005]"
delhi_ncr_fringe_r1_c4,delhi_ncr_fringe,urban,"[77.38000000000001, 28.395000000000003, 77.42500000000001, 28.440000000000005]"
delhi_ncr_fringe_r1_c5,delhi_ncr_fringe,urban,"[77.42500000000001, 28.395000000000003, 77.47000000000001, 28.440000000000005]"
delhi_ncr_fringe_r2_c0,delhi_ncr_fringe,urban,"[77.2, 28.440000000000005, 77.245, 28.485000000000007]"
delhi_ncr_fringe_r2_c1,delhi_ncr_fringe,urban,"[77.245, 28.440000000000005, 77.29, 28.485000000000007]"
delhi_ncr_fringe_r2_c2,delhi_ncr_fringe,urban,"[77.29, 28.440000000000005, 77.33500000000001, 28.485000000000007]"
delhi_ncr_fringe_r2_c3,delhi_ncr_fringe,urban,"[77.33500000000001, 28.440000000000005, 77.38000000000001, 28.485000000000007]"
delhi_ncr_fringe_r2_c4,delhi_ncr_fringe,urban,"[77.38000000000001, 28.440000000000005, 77.42500000000001, 28.485000000000007]"
delhi_ncr_fringe_r2_c5,delhi_ncr_fringe,urban,"[77.42500000000001, 28.440000000000005, 77.47000000000001, 28.485000000000007]"
delhi_ncr_fringe_r3_c0,delhi_ncr_fringe,urban,"[77.2, 28.485000000000007, 77.245, 28.53000000000001]"
delhi_ncr_fringe_r3_c1,delhi_ncr_fringe,urban,"[77.245, 28.485000000000007, 77.29, 28.53000000000001]"
delhi_ncr_fringe_r3_c2,delhi_ncr_fringe,urban,"[77.29, 28.485000000000007, 77.33500000000001, 28.53000000000001]"
delhi_ncr_fringe_r3_c3,delhi_ncr_fringe,urban,"[77.33500000000001, 28.485000000000007, 77.38000000000001, 28.53000000000001]"
delhi_ncr_fringe_r3_c4,delhi_ncr_fringe,urban,"[77.38000000000001, 28.485000000000007, 77.42500000000001, 28.53000000000001]"
delhi_ncr_fringe_r3_c5,delhi_ncr_fringe,urban,"[77.42500000000001, 28.485000000000007, 77.47000000000001, 28.53000000000001]"
delhi_ncr_fringe_r4_c0,delhi_ncr_fringe,urban,"[77.2, 28.53000000000001, 77.245, 28.57500000000001]"
delhi_ncr_fringe_r4_c1,delhi_ncr_fringe,urban,"[77.245, 28.53000000000001, 77.29, 28.57500000000001]"
delhi_ncr_fringe_r4_c2,delhi_ncr_fringe,urban,"[77.29, 28.53000000000001, 77.33500000000001, 28.57500000000001]"
delhi_ncr_fringe_r4_c3,delhi_ncr_fringe,urban,"[77.33500000000001, 28.53000000000001, 77.38000000000001, 28.57500000000001]"
delhi_ncr_fringe_r4_c4,delhi_ncr_fringe,urban,"[77.38000000000001, 28.53000000000001, 77.42500000000001, 28.57500000000001]"
delhi_ncr_fringe_r4_c5,delhi_ncr_fringe,urban,"[77.42500000000001, 28.53000000000001, 77.47000000000001, 28.57500000000001]"
bengaluru_outskirts_r0_c0,bengaluru_outskirts,urban,"[77.55, 12.9, 77.595, 12.945]"
bengaluru_outskirts_r0_c1,bengaluru_outskirts,urban,"[77.595, 12.9, 77.64, 12.945]"
bengaluru_outskirts_r0_c2,bengaluru_outskirts,urban,"[77.64, 12.9, 77.685, 12.945]"
bengaluru_outskirts_r0_c3,bengaluru_outskirts,urban,"[77.685, 12.9, 77.73, 12.945]"
bengaluru_outskirts_r0_c4,bengaluru_outskirts,urban,"[77.73, 12.9, 77.775, 12.945]"
bengaluru_outskirts_r0_c5,bengaluru_outskirts,urban,"[77.775, 12.9, 77.82000000000001, 12.945]"
bengaluru_outskirts_r1_c0,bengaluru_outskirts,urban,"[77.55, 12.945, 77.595, 12.99]"
bengaluru_outskirts_r1_c1,bengaluru_outskirts,urban,"[77.595, 12.945, 77.64, 12.99]"
bengaluru_outskirts_r1_c2,bengaluru_outskirts,urban,"[77.64, 12.945, 77.685, 12.99]"
bengaluru_outskirts_r1_c3,bengaluru_outskirts,urban,"[77.685, 12.945, 77.73, 12.99]"
bengaluru_outskirts_r1_c4,bengaluru_outskirts,urban,"[77.73, 12.945, 77.775, 12.99]"
bengaluru_outskirts_r1_c5,bengaluru_outskirts,urban,"[77.775, 12.945, 77.82000000000001, 12.99]"
bengaluru_outskirts_r2_c0,bengaluru_outskirts,urban,"[77.55, 12.99, 77.595, 13.035]"
bengaluru_outskirts_r2_c1,bengaluru_outskirts,urban,"[77.595, 12.99, 77.64, 13.035]"
bengaluru_outskirts_r2_c2,bengaluru_outskirts,urban,"[77.64, 12.99, 77.685, 13.035]"
bengaluru_outskirts_r2_c3,bengaluru_outskirts,urban,"[77.685, 12.99, 77.73, 13.035]"
bengaluru_outskirts_r2_c4,bengaluru_outskirts,urban,"[77.73, 12.99, 77.775, 13.035]"
bengaluru_outskirts_r2_c5,bengaluru_outskirts,urban,"[77.775, 12.99, 77.82000000000001, 13.035]"
bengaluru_outskirts_r3_c0,bengaluru_outskirts,urban,"[77.55, 13.035, 77.595, 13.08]"
bengaluru_outskirts_r3_c1,bengaluru_outskirts,urban,"[77.595, 13.035, 77.64, 13.08]"
bengaluru_outskirts_r3_c2,bengaluru_outskirts,urban,"[77.64, 13.035, 77.685, 13.08]"
bengaluru_outskirts_r3_c3,bengaluru_outskirts,urban,"[77.685, 13.035, 77.73, 13.08]"
bengaluru_outskirts_r3_c4,bengaluru_outskirts,urban,"[77.73, 13.035, 77.775, 13.08]"
bengaluru_outskirts_r3_c5,bengaluru_outskirts,urban,"[77.775, 13.035, 77.82000000000001, 13.08]"
bengaluru_outskirts_r4_c0,bengaluru_outskirts,urban,"[77.55, 13.08, 77.595, 13.125]"
bengaluru_outskirts_r4_c1,bengaluru_outskirts,urban,"[77.595, 13.08, 77.64, 13.125]"
bengaluru_outskirts_r4_c2,bengaluru_outskirts,urban,"[77.64, 13.08, 77.685, 13.125]"
bengaluru_outskirts_r4_c3,bengaluru_outskirts,urban,"[77.685, 13.08, 77.73, 13.125]"
bengaluru_outskirts_r4_c4,bengaluru_outskirts,urban,"[77.73, 13.08, 77.775, 13.125]"
bengaluru_outskirts_r4_c5,bengaluru_outskirts,urban,"[77.775, 13.08, 77.82000000000001, 13.125]"
hyderabad_gachibowli_r0_c0,hyderabad_gachibowli,urban,"[78.25, 17.3, 78.295, 17.345000000000002]"
hyderabad_gachibowli_r0_c1,hyderabad_gachibowli,urban,"[78.295, 17.3, 78.34, 17.345000000000002]"
hyderabad_gachibowli_r0_c2,hyderabad_gachibowli,urban,"[78.34, 17.3, 78.385, 17.345000000000002]"
hyderabad_gachibowli_r0_c3,hyderabad_gachibowli,urban,"[78.385, 17.3, 78.43, 17.345000000000002]"
hyderabad_gachibowli_r0_c4,hyderabad_gachibowli,urban,"[78.43, 17.3, 78.47500000000001, 17.345000000000002]"
hyderabad_gachibowli_r0_c5,hyderabad_gachibowli,urban,"[78.47500000000001, 17.3, 78.52000000000001, 17.345000000000002]"
hyderabad_gachibowli_r1_c0,hyderabad_gachibowli,urban,"[78.25, 17.345000000000002, 78.295, 17.390000000000004]"
hyderabad_gachibowli_r1_c1,hyderabad_gachibowli,urban,"[78.295, 17.345000000000002, 78.34, 17.390000000000004]"
hyderabad_gachibowli_r1_c2,hyderabad_gachibowli,urban,"[78.34, 17.345000000000002, 78.385, 17.390000000000004]"
hyderabad_gachibowli_r1_c3,hyderabad_gachibowli,urban,"[78.385, 17.345000000000002, 78.43, 17.390000000000004]"
hyderabad_gachibowli_r1_c4,hyderabad_gachibowli,urban,"[78.43, 17.345000000000002, 78.47500000000001, 17.390000000000004]"
hyderabad_gachibowli_r1_c5,hyderabad_gachibowli,urban,"[78.47500000000001, 17.345000000000002, 78.52000000000001, 17.390000000000004]"
hyderabad_gachibowli_r2_c0,hyderabad_gachibowli,urban,"[78.25, 17.390000000000004, 78.295, 17.435000000000006]"
hyderabad_gachibowli_r2_c1,hyderabad_gachibowli,urban,"[78.295, 17.390000000000004, 78.34, 17.435000000000006]"
hyderabad_gachibowli_r2_c2,hyderabad_gachibowli,urban,"[78.34, 17.390000000000004, 78.385, 17.435000000000006]"
hyderabad_gachibowli_r2_c3,hyderabad_gachibowli,urban,"[78.385, 17.390000000000004, 78.43, 17.435000000000006]"
hyderabad_gachibowli_r2_c4,hyderabad_gachibowli,urban,"[78.43, 17.390000000000004, 78.47500000000001, 17.435000000000006]"
hyderabad_gachibowli_r2_c5,hyderabad_gachibowli,urban,"[78.47500000000001, 17.390000000000004, 78.52000000000001, 17.435000000000006]"
hyderabad_gachibowli_r3_c0,hyderabad_gachibowli,urban,"[78.25, 17.435000000000006, 78.295, 17.480000000000008]"
hyderabad_gachibowli_r3_c1,hyderabad_gachibowli,urban,"[78.295, 17.435000000000006, 78.34, 17.480000000000008]"
hyderabad_gachibowli_r3_c2,hyderabad_gachibowli,urban,"[78.34, 17.435000000000006, 78.385, 17.480000000000008]"
hyderabad_gachibowli_r3_c3,hyderabad_gachibowli,urban,"[78.385, 17.435000000000006, 78.43, 17.480000000000008]"
hyderabad_gachibowli_r3_c4,hyderabad_gachibowli,urban,"[78.43, 17.435000000000006, 78.47500000000001, 17.480000000000008]"
hyderabad_gachibowli_r3_c5,hyderabad_gachibowli,urban,"[78.47500000000001, 17.435000000000006, 78.52000000000001, 17.480000000000008]"
hyderabad_gachibowli_r4_c0,hyderabad_gachibowli,urban,"[78.25, 17.480000000000008, 78.295, 17.52500000000001]"
hyderabad_gachibowli_r4_c1,hyderabad_gachibowli,urban,"[78.295, 17.480000000000008, 78.34, 17.52500000000001]"
hyderabad_gachibowli_r4_c2,hyderabad_gachibowli,urban,"[78.34, 17.480000000000008, 78.385, 17.52500000000001]"
hyderabad_gachibowli_r4_c3,hyderabad_gachibowli,urban,"[78.385, 17.480000000000008, 78.43, 17.52500000000001]"
hyderabad_gachibowli_r4_c4,hyderabad_gachibowli,urban,"[78.43, 17.480000000000008, 78.47500000000001, 17.52500000000001]"
hyderabad_gachibowli_r4_c5,hyderabad_gachibowli,urban,"[78.47500000000001, 17.480000000000008, 78.52000000000001, 17.52500000000001]"
hyderabad_gachibowli_r5_c0,hyderabad_gachibowli,urban,"[78.25, 17.52500000000001, 78.295, 17.57000000000001]"
hyderabad_gachibowli_r5_c1,hyderabad_gachibowli,urban,"[78.295, 17.52500000000001, 78.34, 17.57000000000001]"
hyderabad_gachibowli_r5_c2,hyderabad_gachibowli,urban,"[78.34, 17.52500000000001, 78.385, 17.57000000000001]"
hyderabad_gachibowli_r5_c3,hyderabad_gachibowli,urban,"[78.385, 17.52500000000001, 78.43, 17.57000000000001]"
hyderabad_gachibowli_r5_c4,hyderabad_gachibowli,urban,"[78.43, 17.52500000000001, 78.47500000000001, 17.57000000000001]"
hyderabad_gachibowli_r5_c5,hyderabad_gachibowli,urban,"[78.47500000000001, 17.52500000000001, 78.52000000000001, 17.57000000000001]"
pune_hinjewadi_r0_c0,pune_hinjewadi,urban,"[73.6, 18.5, 73.645, 18.545]"
pune_hinjewadi_r0_c1,pune_hinjewadi,urban,"[73.645, 18.5, 73.69, 18.545]"
pune_hinjewadi_r0_c2,pune_hinjewadi,urban,"[73.69, 18.5, 73.735, 18.545]"
pune_hinjewadi_r0_c3,pune_hinjewadi,urban,"[73.735, 18.5, 73.78, 18.545]"
pune_hinjewadi_r0_c4,pune_hinjewadi,urban,"[73.78, 18.5, 73.825, 18.545]"
pune_hinjewadi_r0_c5,pune_hinjewadi,urban,"[73.825, 18.5, 73.87, 18.545]"
pune_hinjewadi_r1_c0,pune_hinjewadi,urban,"[73.6, 18.545, 73.645, 18.590000000000003]"
pune_hinjewadi_r1_c1,pune_hinjewadi,urban,"[73.645, 18.545, 73.69, 18.590000000000003]"
pune_hinjewadi_r1_c2,pune_hinjewadi,urban,"[73.69, 18.545, 73.735, 18.590000000000003]"
pune_hinjewadi_r1_c3,pune_hinjewadi,urban,"[73.735, 18.545, 73.78, 18.590000000000003]"
pune_hinjewadi_r1_c4,pune_hinjewadi,urban,"[73.78, 18.545, 73.825, 18.590000000000003]"
pune_hinjewadi_r1_c5,pune_hinjewadi,urban,"[73.825, 18.545, 73.87, 18.590000000000003]"
pune_hinjewadi_r2_c0,pune_hinjewadi,urban,"[73.6, 18.590000000000003, 73.645, 18.635000000000005]"
pune_hinjewadi_r2_c1,pune_hinjewadi,urban,"[73.645, 18.590000000000003, 73.69, 18.635000000000005]"
pune_hinjewadi_r2_c2,pune_hinjewadi,urban,"[73.69, 18.590000000000003, 73.735, 18.635000000000005]"
pune_hinjewadi_r2_c3,pune_hinjewadi,urban,"[73.735, 18.590000000000003, 73.78, 18.635000000000005]"
pune_hinjewadi_r2_c4,pune_hinjewadi,urban,"[73.78, 18.590000000000003, 73.825, 18.635000000000005]"
pune_hinjewadi_r2_c5,pune_hinjewadi,urban,"[73.825, 18.590000000000003, 73.87, 18.635000000000005]"
pune_hinjewadi_r3_c0,pune_hinjewadi,urban,"[73.6, 18.635000000000005, 73.645, 18.680000000000007]"
pune_hinjewadi_r3_c1,pune_hinjewadi,urban,"[73.645, 18.635000000000005, 73.69, 18.680000000000007]"
pune_hinjewadi_r3_c2,pune_hinjewadi,urban,"[73.69, 18.635000000000005, 73.735, 18.680000000000007]"
pune_hinjewadi_r3_c3,pune_hinjewadi,urban,"[73.735, 18.635000000000005, 73.78, 18.680000000000007]"
pune_hinjewadi_r3_c4,pune_hinjewadi,urban,"[73.78, 18.635000000000005, 73.825, 18.680000000000007]"
pune_hinjewadi_r3_c5,pune_hinjewadi,urban,"[73.825, 18.635000000000005, 73.87, 18.680000000000007]"
pune_hinjewadi_r4_c0,pune_hinjewadi,urban,"[73.6, 18.680000000000007, 73.645, 18.72500000000001]"
pune_hinjewadi_r4_c1,pune_hinjewadi,urban,"[73.645, 18.680000000000007, 73.69, 18.72500000000001]"
pune_hinjewadi_r4_c2,pune_hinjewadi,urban,"[73.69, 18.680000000000007, 73.735, 18.72500000000001]"
pune_hinjewadi_r4_c3,pune_hinjewadi,urban,"[73.735, 18.680000000000007, 73.78, 18.72500000000001]"
pune_hinjewadi_r4_c4,pune_hinjewadi,urban,"[73.78, 18.680000000000007, 73.825, 18.72500000000001]"
pune_hinjewadi_r4_c5,pune_hinjewadi,urban,"[73.825, 18.680000000000007, 73.87, 18.72500000000001]"
pune_hinjewadi_r5_c0,pune_hinjewadi,urban,"[73.6, 18.72500000000001, 73.645, 18.77000000000001]"
pune_hinjewadi_r5_c1,pune_hinjewadi,urban,"[73.645, 18.72500000000001, 73.69, 18.77000000000001]"
pune_hinjewadi_r5_c2,pune_hinjewadi,urban,"[73.69, 18.72500000000001, 73.735, 18.77000000000001]"
pune_hinjewadi_r5_c3,pune_hinjewadi,urban,"[73.735, 18.72500000000001, 73.78, 18.77000000000001]"
pune_hinjewadi_r5_c4,pune_hinjewadi,urban,"[73.78, 18.72500000000001, 73.825, 18.77000000000001]"
pune_hinjewadi_r5_c5,pune_hinjewadi,urban,"[73.825, 18.72500000000001, 73.87, 18.77000000000001]"
mumbai_navi_mumbai_r0_c0,mumbai_navi_mumbai,urban,"[72.95, 18.95, 72.995, 18.995]"
mumbai_navi_mumbai_r0_c1,mumbai_navi_mumbai,urban,"[72.995, 18.95, 73.04, 18.995]"
mumbai_navi_mumbai_r0_c2,mumbai_navi_mumbai,urban,"[73.04, 18.95, 73.08500000000001, 18.995]"
mumbai_navi_mumbai_r0_c3,mumbai_navi_mumbai,urban,"[73.08500000000001, 18.95, 73.13000000000001, 18.995]"
mumbai_navi_mumbai_r0_c4,mumbai_navi_mumbai,urban,"[73.13000000000001, 18.95, 73.17500000000001, 18.995]"
mumbai_navi_mumbai_r0_c5,mumbai_navi_mumbai,urban,"[73.17500000000001, 18.95, 73.22000000000001, 18.995]"
mumbai_navi_mumbai_r1_c0,mumbai_navi_mumbai,urban,"[72.95, 18.995, 72.995, 19.040000000000003]"
mumbai_navi_mumbai_r1_c1,mumbai_navi_mumbai,urban,"[72.995, 18.995, 73.04, 19.040000000000003]"
mumbai_navi_mumbai_r1_c2,mumbai_navi_mumbai,urban,"[73.04, 18.995, 73.08500000000001, 19.040000000000003]"
mumbai_navi_mumbai_r1_c3,mumbai_navi_mumbai,urban,"[73.08500000000001, 18.995, 73.13000000000001, 19.040000000000003]"
mumbai_navi_mumbai_r1_c4,mumbai_navi_mumbai,urban,"[73.13000000000001, 18.995, 73.17500000000001, 19.040000000000003]"
mumbai_navi_mumbai_r1_c5,mumbai_navi_mumbai,urban,"[73.17500000000001, 18.995, 73.22000000000001, 19.040000000000003]"
mumbai_navi_mumbai_r2_c0,mumbai_navi_mumbai,urban,"[72.95, 19.040000000000003, 72.995, 19.085000000000004]"
mumbai_navi_mumbai_r2_c1,mumbai_navi_mumbai,urban,"[72.995, 19.040000000000003, 73.04, 19.085000000000004]"
mumbai_navi_mumbai_r2_c2,mumbai_navi_mumbai,urban,"[73.04, 19.040000000000003, 73.08500000000001, 19.085000000000004]"
mumbai_navi_mumbai_r2_c3,mumbai_navi_mumbai,urban,"[73.08500000000001, 19.040000000000003, 73.13000000000001, 19.085000000000004]"
mumbai_navi_mumbai_r2_c4,mumbai_navi_mumbai,urban,"[73.13000000000001, 19.040000000000003, 73.17500000000001, 19.085000000000004]"
mumbai_navi_mumbai_r2_c5,mumbai_navi_mumbai,urban,"[73.17500000000001, 19.040000000000003, 73.22000000000001, 19.085000000000004]"
mumbai_navi_mumbai_r3_c0,mumbai_navi_mumbai,urban,"[72.95, 19.085000000000004, 72.995, 19.130000000000006]"
mumbai_navi_mumbai_r3_c1,mumbai_navi_mumbai,urban,"[72.995, 19.085000000000004, 73.04, 19.130000000000006]"
mumbai_navi_mumbai_r3_c2,mumbai_navi_mumbai,urban,"[73.04, 19.085000000000004, 73.08500000000001, 19.130000000000006]"
mumbai_navi_mumbai_r3_c3,mumbai_navi_mumbai,urban,"[73.08500000000001, 19.085000000000004, 73.13000000000001, 19.130000000000006]"
mumbai_navi_mumbai_r3_c4,mumbai_navi_mumbai,urban,"[73.13000000000001, 19.085000000000004, 73.17500000000001, 19.130000000000006]"
mumbai_navi_mumbai_r3_c5,mumbai_navi_mumbai,urban,"[73.17500000000001, 19.085000000000004, 73.22000000000001, 19.130000000000006]"
mumbai_navi_mumbai_r4_c0,mumbai_navi_mumbai,urban,"[72.95, 19.130000000000006, 72.995, 19.175000000000008]"
mumbai_navi_mumbai_r4_c1,mumbai_navi_mumbai,urban,"[72.995, 19.130000000000006, 73.04, 19.175000000000008]"
mumbai_navi_mumbai_r4_c2,mumbai_navi_mumbai,urban,"[73.04, 19.130000000000006, 73.08500000000001, 19.175000000000008]"
mumbai_navi_mumbai_r4_c3,mumbai_navi_mumbai,urban,"[73.08500000000001, 19.130000000000006, 73.13000000000001, 19.175000000000008]"
mumbai_navi_mumbai_r4_c4,mumbai_navi_mumbai,urban,"[73.13000000000001, 19.130000000000006, 73.17500000000001, 19.175000000000008]"
mumbai_navi_mumbai_r4_c5,mumbai_navi_mumbai,urban,"[73.17500000000001, 19.130000000000006, 73.22000000000001, 19.175000000000008]"
mumbai_navi_mumbai_r5_c0,mumbai_navi_mumbai,urban,"[72.95, 19.175000000000008, 72.995, 19.22000000000001]"
mumbai_navi_mumbai_r5_c1,mumbai_navi_mumbai,urban,"[72.995, 19.175000000000008, 73.04, 19.22000000000001]"
mumbai_navi_mumbai_r5_c2,mumbai_navi_mumbai,urban,"[73.04, 19.175000000000008, 73.08500000000001, 19.22000000000001]"
mumbai_navi_mumbai_r5_c3,mumbai_navi_mumbai,urban,"[73.08500000000001, 19.175000000000008, 73.13000000000001, 19.22000000000001]"
mumbai_navi_mumbai_r5_c4,mumbai_navi_mumbai,urban,"[73.13000000000001, 19.175000000000008, 73.17500000000001, 19.22000000000001]"
mumbai_navi_mumbai_r5_c5,mumbai_navi_mumbai,urban,"[73.17500000000001, 19.175000000000008, 73.22000000000001, 19.22000000000001]"
chennai_omr_r0_c0,chennai_omr,urban,"[80.1, 12.75, 80.145, 12.795]"
chennai_omr_r0_c1,chennai_omr,urban,"[80.145, 12.75, 80.19, 12.795]"
chennai_omr_r0_c2,chennai_omr,urban,"[80.19, 12.75, 80.235, 12.795]"
chennai_omr_r0_c3,chennai_omr,urban,"[80.235, 12.75, 80.28, 12.795]"
chennai_omr_r0_c4,chennai_omr,urban,"[80.28, 12.75, 80.325, 12.795]"
chennai_omr_r0_c5,chennai_omr,urban,"[80.325, 12.75, 80.37, 12.795]"
chennai_omr_r1_c0,chennai_omr,urban,"[80.1, 12.795, 80.145, 12.84]"
chennai_omr_r1_c1,chennai_omr,urban,"[80.145, 12.795, 80.19, 12.84]"
chennai_omr_r1_c2,chennai_omr,urban,"[80.19, 12.795, 80.235, 12.84]"
chennai_omr_r1_c3,chennai_omr,urban,"[80.235, 12.795, 80.28, 12.84]"
chennai_omr_r1_c4,chennai_omr,urban,"[80.28, 12.795, 80.325, 12.84]"
chennai_omr_r1_c5,chennai_omr,urban,"[80.325, 12.795, 80.37, 12.84]"
chennai_omr_r2_c0,chennai_omr,urban,"[80.1, 12.84, 80.145, 12.885]"
chennai_omr_r2_c1,chennai_omr,urban,"[80.145, 12.84, 80.19, 12.885]"
chennai_omr_r2_c2,chennai_omr,urban,"[80.19, 12.84, 80.235, 12.885]"
chennai_omr_r2_c3,chennai_omr,urban,"[80.235, 12.84, 80.28, 12.885]"
chennai_omr_r2_c4,chennai_omr,urban,"[80.28, 12.84, 80.325, 12.885]"
chennai_omr_r2_c5,chennai_omr,urban,"[80.325, 12.84, 80.37, 12.885]"
chennai_omr_r3_c0,chennai_omr,urban,"[80.1, 12.885, 80.145, 12.93]"
chennai_omr_r3_c1,chennai_omr,urban,"[80.145, 12.885, 80.19, 12.93]"
chennai_omr_r3_c2,chennai_omr,urban,"[80.19, 12.885, 80.235, 12.93]"
chennai_omr_r3_c3,chennai_omr,urban,"[80.235, 12.885, 80.28, 12.93]"
chennai_omr_r3_c4,chennai_omr,urban,"[80.28, 12.885, 80.325, 12.93]"
chennai_omr_r3_c5,chennai_omr,urban,"[80.325, 12.885, 80.37, 12.93]"
chennai_omr_r4_c0,chennai_omr,urban,"[80.1, 12.93, 80.145, 12.975]"
chennai_omr_r4_c1,chennai_omr,urban,"[80.145, 12.93, 80.19, 12.975]"
chennai_omr_r4_c2,chennai_omr,urban,"[80.19, 12.93, 80.235, 12.975]"
chennai_omr_r4_c3,chennai_omr,urban,"[80.235, 12.93, 80.28, 12.975]"
chennai_omr_r4_c4,chennai_omr,urban,"[80.28, 12.93, 80.325, 12.975]"
chennai_omr_r4_c5,chennai_omr,urban,"[80.325, 12.93, 80.37, 12.975]"
chennai_omr_r5_c0,chennai_omr,urban,"[80.1, 12.975, 80.145, 13.02]"
chennai_omr_r5_c1,chennai_omr,urban,"[80.145, 12.975, 80.19, 13.02]"
chennai_omr_r5_c2,chennai_omr,urban,"[80.19, 12.975, 80.235, 13.02]"
chennai_omr_r5_c3,chennai_omr,urban,"[80.235, 12.975, 80.28, 13.02]"
chennai_omr_r5_c4,chennai_omr,urban,"[80.28, 12.975, 80.325, 13.02]"
chennai_omr_r5_c5,chennai_omr,urban,"[80.325, 12.975, 80.37, 13.02]"
kolkata_newtown_r0_c0,kolkata_newtown,urban,"[88.35, 22.5, 88.395, 22.545]"
kolkata_newtown_r0_c1,kolkata_newtown,urban,"[88.395, 22.5, 88.44, 22.545]"
kolkata_newtown_r0_c2,kolkata_newtown,urban,"[88.44, 22.5, 88.485, 22.545]"
kolkata_newtown_r0_c3,kolkata_newtown,urban,"[88.485, 22.5, 88.53, 22.545]"
kolkata_newtown_r0_c4,kolkata_newtown,urban,"[88.53, 22.5, 88.575, 22.545]"
kolkata_newtown_r0_c5,kolkata_newtown,urban,"[88.575, 22.5, 88.62, 22.545]"
kolkata_newtown_r1_c0,kolkata_newtown,urban,"[88.35, 22.545, 88.395, 22.590000000000003]"
kolkata_newtown_r1_c1,kolkata_newtown,urban,"[88.395, 22.545, 88.44, 22.590000000000003]"
kolkata_newtown_r1_c2,kolkata_newtown,urban,"[88.44, 22.545, 88.485, 22.590000000000003]"
kolkata_newtown_r1_c3,kolkata_newtown,urban,"[88.485, 22.545, 88.53, 22.590000000000003]"
kolkata_newtown_r1_c4,kolkata_newtown,urban,"[88.53, 22.545, 88.575, 22.590000000000003]"
kolkata_newtown_r1_c5,kolkata_newtown,urban,"[88.575, 22.545, 88.62, 22.590000000000003]"
kolkata_newtown_r2_c0,kolkata_newtown,urban,"[88.35, 22.590000000000003, 88.395, 22.635000000000005]"
kolkata_newtown_r2_c1,kolkata_newtown,urban,"[88.395, 22.590000000000003, 88.44, 22.635000000000005]"
kolkata_newtown_r2_c2,kolkata_newtown,urban,"[88.44, 22.590000000000003, 88.485, 22.635000000000005]"
kolkata_newtown_r2_c3,kolkata_newtown,urban,"[88.485, 22.590000000000003, 88.53, 22.635000000000005]"
kolkata_newtown_r2_c4,kolkata_newtown,urban,"[88.53, 22.590000000000003, 88.575, 22.635000000000005]"
kolkata_newtown_r2_c5,kolkata_newtown,urban,"[88.575, 22.590000000000003, 88.62, 22.635000000000005]"
kolkata_newtown_r3_c0,kolkata_newtown,urban,"[88.35, 22.635000000000005, 88.395, 22.680000000000007]"
kolkata_newtown_r3_c1,kolkata_newtown,urban,"[88.395, 22.635000000000005, 88.44, 22.680000000000007]"
kolkata_newtown_r3_c2,kolkata_newtown,urban,"[88.44, 22.635000000000005, 88.485, 22.680000000000007]"
kolkata_newtown_r3_c3,kolkata_newtown,urban,"[88.485, 22.635000000000005, 88.53, 22.680000000000007]"
kolkata_newtown_r3_c4,kolkata_newtown,urban,"[88.53, 22.635000000000005, 88.575, 22.680000000000007]"
kolkata_newtown_r3_c5,kolkata_newtown,urban,"[88.575, 22.635000000000005, 88.62, 22.680000000000007]"
kolkata_newtown_r4_c0,kolkata_newtown,urban,"[88.35, 22.680000000000007, 88.395, 22.72500000000001]"
kolkata_newtown_r4_c1,kolkata_newtown,urban,"[88.395, 22.680000000000007, 88.44, 22.72500000000001]"
kolkata_newtown_r4_c2,kolkata_newtown,urban,"[88.44, 22.680000000000007, 88.485, 22.72500000000001]"
kolkata_newtown_r4_c3,kolkata_newtown,urban,"[88.485, 22.680000000000007, 88.53, 22.72500000000001]"
kolkata_newtown_r4_c4,kolkata_newtown,urban,"[88.53, 22.680000000000007, 88.575, 22.72500000000001]"
kolkata_newtown_r4_c5,kolkata_newtown,urban,"[88.575, 22.680000000000007, 88.62, 22.72500000000001]"
kolkata_newtown_r5_c0,kolkata_newtown,urban,"[88.35, 22.72500000000001, 88.395, 22.77000000000001]"
kolkata_newtown_r5_c1,kolkata_newtown,urban,"[88.395, 22.72500000000001, 88.44, 22.77000000000001]"
kolkata_newtown_r5_c2,kolkata_newtown,urban,"[88.44, 22.72500000000001, 88.485, 22.77000000000001]"
kolkata_newtown_r5_c3,kolkata_newtown,urban,"[88.485, 22.72500000000001, 88.53, 22.77000000000001]"
kolkata_newtown_r5_c4,kolkata_newtown,urban,"[88.53, 22.72500000000001, 88.575, 22.77000000000001]"
kolkata_newtown_r5_c5,kolkata_newtown,urban,"[88.575, 22.72500000000001, 88.62, 22.77000000000001]"
jaipur_fringe_r0_c0,jaipur_fringe,urban,"[75.7, 26.75, 75.745, 26.795]"
jaipur_fringe_r0_c1,jaipur_fringe,urban,"[75.745, 26.75, 75.79, 26.795]"
jaipur_fringe_r0_c2,jaipur_fringe,urban,"[75.79, 26.75, 75.83500000000001, 26.795]"
jaipur_fringe_r0_c3,jaipur_fringe,urban,"[75.83500000000001, 26.75, 75.88000000000001, 26.795]"
jaipur_fringe_r0_c4,jaipur_fringe,urban,"[75.88000000000001, 26.75, 75.92500000000001, 26.795]"
jaipur_fringe_r0_c5,jaipur_fringe,urban,"[75.92500000000001, 26.75, 75.97000000000001, 26.795]"
jaipur_fringe_r1_c0,jaipur_fringe,urban,"[75.7, 26.795, 75.745, 26.840000000000003]"
jaipur_fringe_r1_c1,jaipur_fringe,urban,"[75.745, 26.795, 75.79, 26.840000000000003]"
jaipur_fringe_r1_c2,jaipur_fringe,urban,"[75.79, 26.795, 75.83500000000001, 26.840000000000003]"
jaipur_fringe_r1_c3,jaipur_fringe,urban,"[75.83500000000001, 26.795, 75.88000000000001, 26.840000000000003]"
jaipur_fringe_r1_c4,jaipur_fringe,urban,"[75.88000000000001, 26.795, 75.92500000000001, 26.840000000000003]"
jaipur_fringe_r1_c5,jaipur_fringe,urban,"[75.92500000000001, 26.795, 75.97000000000001, 26.840000000000003]"
jaipur_fringe_r2_c0,jaipur_fringe,urban,"[75.7, 26.840000000000003, 75.745, 26.885000000000005]"
jaipur_fringe_r2_c1,jaipur_fringe,urban,"[75.745, 26.840000000000003, 75.79, 26.885000000000005]"
jaipur_fringe_r2_c2,jaipur_fringe,urban,"[75.79, 26.840000000000003, 75.83500000000001, 26.885000000000005]"
jaipur_fringe_r2_c3,jaipur_fringe,urban,"[75.83500000000001, 26.840000000000003, 75.88000000000001, 26.885000000000005]"
jaipur_fringe_r2_c4,jaipur_fringe,urban,"[75.88000000000001, 26.840000000000003, 75.92500000000001, 26.885000000000005]"
jaipur_fringe_r2_c5,jaipur_fringe,urban,"[75.92500000000001, 26.840000000000003, 75.97000000000001, 26.885000000000005]"
jaipur_fringe_r3_c0,jaipur_fringe,urban,"[75.7, 26.885000000000005, 75.745, 26.930000000000007]"
jaipur_fringe_r3_c1,jaipur_fringe,urban,"[75.745, 26.885000000000005, 75.79, 26.930000000000007]"
jaipur_fringe_r3_c2,jaipur_fringe,urban,"[75.79, 26.885000000000005, 75.83500000000001, 26.930000000000007]"
jaipur_fringe_r3_c3,jaipur_fringe,urban,"[75.83500000000001, 26.885000000000005, 75.88000000000001, 26.930000000000007]"
jaipur_fringe_r3_c4,jaipur_fringe,urban,"[75.88000000000001, 26.885000000000005, 75.92500000000001, 26.930000000000007]"
jaipur_fringe_r3_c5,jaipur_fringe,urban,"[75.92500000000001, 26.885000000000005, 75.97000000000001, 26.930000000000007]"
jaipur_fringe_r4_c0,jaipur_fringe,urban,"[75.7, 26.930000000000007, 75.745, 26.97500000000001]"
jaipur_fringe_r4_c1,jaipur_fringe,urban,"[75.745, 26.930000000000007, 75.79, 26.97500000000001]"
jaipur_fringe_r4_c2,jaipur_fringe,urban,"[75.79, 26.930000000000007, 75.83500000000001, 26.97500000000001]"
jaipur_fringe_r4_c3,jaipur_fringe,urban,"[75.83500000000001, 26.930000000000007, 75.88000000000001, 26.97500000000001]"
jaipur_fringe_r4_c4,jaipur_fringe,urban,"[75.88000000000001, 26.930000000000007, 75.92500000000001, 26.97500000000001]"
jaipur_fringe_r4_c5,jaipur_fringe,urban,"[75.92500000000001, 26.930000000000007, 75.97000000000001, 26.97500000000001]"
jaipur_fringe_r5_c0,jaipur_fringe,urban,"[75.7, 26.97500000000001, 75.745, 27.02000000000001]"
jaipur_fringe_r5_c1,jaipur_fringe,urban,"[75.745, 26.97500000000001, 75.79, 27.02000000000001]"
jaipur_fringe_r5_c2,jaipur_fringe,urban,"[75.79, 26.97500000000001, 75.83500000000001, 27.02000000000001]"
jaipur_fringe_r5_c3,jaipur_fringe,urban,"[75.83500000000001, 26.97500000000001, 75.88000000000001, 27.02000000000001]"
jaipur_fringe_r5_c4,jaipur_fringe,urban,"[75.88000000000001, 26.97500000000001, 75.92500000000001, 27.02000000000001]"
jaipur_fringe_r5_c5,jaipur_fringe,urban,"[75.92500000000001, 26.97500000000001, 75.97000000000001, 27.02000000000001]"
lucknow_expansion_r0_c0,lucknow_expansion,urban,"[80.85, 26.7, 80.895, 26.745]"
lucknow_expansion_r0_c1,lucknow_expansion,urban,"[80.895, 26.7, 80.94, 26.745]"
lucknow_expansion_r0_c2,lucknow_expansion,urban,"[80.94, 26.7, 80.985, 26.745]"
lucknow_expansion_r0_c3,lucknow_expansion,urban,"[80.985, 26.7, 81.03, 26.745]"
lucknow_expansion_r0_c4,lucknow_expansion,urban,"[81.03, 26.7, 81.075, 26.745]"
lucknow_expansion_r0_c5,lucknow_expansion,urban,"[81.075, 26.7, 81.12, 26.745]"
lucknow_expansion_r1_c0,lucknow_expansion,urban,"[80.85, 26.745, 80.895, 26.790000000000003]"
lucknow_expansion_r1_c1,lucknow_expansion,urban,"[80.895, 26.745, 80.94, 26.790000000000003]"
lucknow_expansion_r1_c2,lucknow_expansion,urban,"[80.94, 26.745, 80.985, 26.790000000000003]"
lucknow_expansion_r1_c3,lucknow_expansion,urban,"[80.985, 26.745, 81.03, 26.790000000000003]"
lucknow_expansion_r1_c4,lucknow_expansion,urban,"[81.03, 26.745, 81.075, 26.790000000000003]"
lucknow_expansion_r1_c5,lucknow_expansion,urban,"[81.075, 26.745, 81.12, 26.790000000000003]"
lucknow_expansion_r2_c0,lucknow_expansion,urban,"[80.85, 26.790000000000003, 80.895, 26.835000000000004]"
lucknow_expansion_r2_c1,lucknow_expansion,urban,"[80.895, 26.790000000000003, 80.94, 26.835000000000004]"
lucknow_expansion_r2_c2,lucknow_expansion,urban,"[80.94, 26.790000000000003, 80.985, 26.835000000000004]"
lucknow_expansion_r2_c3,lucknow_expansion,urban,"[80.985, 26.790000000000003, 81.03, 26.835000000000004]"
lucknow_expansion_r2_c4,lucknow_expansion,urban,"[81.03, 26.790000000000003, 81.075, 26.835000000000004]"
lucknow_expansion_r2_c5,lucknow_expansion,urban,"[81.075, 26.790000000000003, 81.12, 26.835000000000004]"
lucknow_expansion_r3_c0,lucknow_expansion,urban,"[80.85, 26.835000000000004, 80.895, 26.880000000000006]"
lucknow_expansion_r3_c1,lucknow_expansion,urban,"[80.895, 26.835000000000004, 80.94, 26.880000000000006]"
lucknow_expansion_r3_c2,lucknow_expansion,urban,"[80.94, 26.835000000000004, 80.985, 26.880000000000006]"
lucknow_expansion_r3_c3,lucknow_expansion,urban,"[80.985, 26.835000000000004, 81.03, 26.880000000000006]"
lucknow_expansion_r3_c4,lucknow_expansion,urban,"[81.03, 26.835000000000004, 81.075, 26.880000000000006]"
lucknow_expansion_r3_c5,lucknow_expansion,urban,"[81.075, 26.835000000000004, 81.12, 26.880000000000006]"
lucknow_expansion_r4_c0,lucknow_expansion,urban,"[80.85, 26.880000000000006, 80.895, 26.925000000000008]"
lucknow_expansion_r4_c1,lucknow_expansion,urban,"[80.895, 26.880000000000006, 80.94, 26.925000000000008]"
lucknow_expansion_r4_c2,lucknow_expansion,urban,"[80.94, 26.880000000000006, 80.985, 26.925000000000008]"
lucknow_expansion_r4_c3,lucknow_expansion,urban,"[80.985, 26.880000000000006, 81.03, 26.925000000000008]"
lucknow_expansion_r4_c4,lucknow_expansion,urban,"[81.03, 26.880000000000006, 81.075, 26.925000000000008]"
lucknow_expansion_r4_c5,lucknow_expansion,urban,"[81.075, 26.880000000000006, 81.12, 26.925000000000008]"
lucknow_expansion_r5_c0,lucknow_expansion,urban,"[80.85, 26.925000000000008, 80.895, 26.97000000000001]"
lucknow_expansion_r5_c1,lucknow_expansion,urban,"[80.895, 26.925000000000008, 80.94, 26.97000000000001]"
lucknow_expansion_r5_c2,lucknow_expansion,urban,"[80.94, 26.925000000000008, 80.985, 26.97000000000001]"
lucknow_expansion_r5_c3,lucknow_expansion,urban,"[80.985, 26.925000000000008, 81.03, 26.97000000000001]"
lucknow_expansion_r5_c4,lucknow_expansion,urban,"[81.03, 26.925000000000008, 81.075, 26.97000000000001]"
lucknow_expansion_r5_c5,lucknow_expansion,urban,"[81.075, 26.925000000000008, 81.12, 26.97000000000001]"
nagpur_expansion_r0_c0,nagpur_expansion,urban,"[78.95, 21.0, 78.995, 21.045]"
nagpur_expansion_r0_c1,nagpur_expansion,urban,"[78.995, 21.0, 79.04, 21.045]"
nagpur_expansion_r0_c2,nagpur_expansion,urban,"[79.04, 21.0, 79.08500000000001, 21.045]"
nagpur_expansion_r0_c3,nagpur_expansion,urban,"[79.08500000000001, 21.0, 79.13000000000001, 21.045]"
nagpur_expansion_r0_c4,nagpur_expansion,urban,"[79.13000000000001, 21.0, 79.17500000000001, 21.045]"
nagpur_expansion_r0_c5,nagpur_expansion,urban,"[79.17500000000001, 21.0, 79.22000000000001, 21.045]"
nagpur_expansion_r1_c0,nagpur_expansion,urban,"[78.95, 21.045, 78.995, 21.090000000000003]"
nagpur_expansion_r1_c1,nagpur_expansion,urban,"[78.995, 21.045, 79.04, 21.090000000000003]"
nagpur_expansion_r1_c2,nagpur_expansion,urban,"[79.04, 21.045, 79.08500000000001, 21.090000000000003]"
nagpur_expansion_r1_c3,nagpur_expansion,urban,"[79.08500000000001, 21.045, 79.13000000000001, 21.090000000000003]"
nagpur_expansion_r1_c4,nagpur_expansion,urban,"[79.13000000000001, 21.045, 79.17500000000001, 21.090000000000003]"
nagpur_expansion_r1_c5,nagpur_expansion,urban,"[79.17500000000001, 21.045, 79.22000000000001, 21.090000000000003]"
nagpur_expansion_r2_c0,nagpur_expansion,urban,"[78.95, 21.090000000000003, 78.995, 21.135000000000005]"
nagpur_expansion_r2_c1,nagpur_expansion,urban,"[78.995, 21.090000000000003, 79.04, 21.135000000000005]"
nagpur_expansion_r2_c2,nagpur_expansion,urban,"[79.04, 21.090000000000003, 79.08500000000001, 21.135000000000005]"
nagpur_expansion_r2_c3,nagpur_expansion,urban,"[79.08500000000001, 21.090000000000003, 79.13000000000001, 21.135000000000005]"
nagpur_expansion_r2_c4,nagpur_expansion,urban,"[79.13000000000001, 21.090000000000003, 79.17500000000001, 21.135000000000005]"
nagpur_expansion_r2_c5,nagpur_expansion,urban,"[79.17500000000001, 21.090000000000003, 79.22000000000001, 21.135000000000005]"
nagpur_expansion_r3_c0,nagpur_expansion,urban,"[78.95, 21.135000000000005, 78.995, 21.180000000000007]"
nagpur_expansion_r3_c1,nagpur_expansion,urban,"[78.995, 21.135000000000005, 79.04, 21.180000000000007]"
nagpur_expansion_r3_c2,nagpur_expansion,urban,"[79.04, 21.135000000000005, 79.08500000000001, 21.180000000000007]"
nagpur_expansion_r3_c3,nagpur_expansion,urban,"[79.08500000000001, 21.135000000000005, 79.13000000000001, 21.180000000000007]"
nagpur_expansion_r3_c4,nagpur_expansion,urban,"[79.13000000000001, 21.135000000000005, 79.17500000000001, 21.180000000000007]"
nagpur_expansion_r3_c5,nagpur_expansion,urban,"[79.17500000000001, 21.135000000000005, 79.22000000000001, 21.180000000000007]"
nagpur_expansion_r4_c0,nagpur_expansion,urban,"[78.95, 21.180000000000007, 78.995, 21.22500000000001]"
nagpur_expansion_r4_c1,nagpur_expansion,urban,"[78.995, 21.180000000000007, 79.04, 21.22500000000001]"
nagpur_expansion_r4_c2,nagpur_expansion,urban,"[79.04, 21.180000000000007, 79.08500000000001, 21.22500000000001]"
nagpur_expansion_r4_c3,nagpur_expansion,urban,"[79.08500000000001, 21.180000000000007, 79.13000000000001, 21.22500000000001]"
nagpur_expansion_r4_c4,nagpur_expansion,urban,"[79.13000000000001, 21.180000000000007, 79.17500000000001, 21.22500000000001]"
nagpur_expansion_r4_c5,nagpur_expansion,urban,"[79.17500000000001, 21.180000000000007, 79.22000000000001, 21.22500000000001]"
nagpur_expansion_r5_c0,nagpur_expansion,urban,"[78.95, 21.22500000000001, 78.995, 21.27000000000001]"
nagpur_expansion_r5_c1,nagpur_expansion,urban,"[78.995, 21.22500000000001, 79.04, 21.27000000000001]"
nagpur_expansion_r5_c2,nagpur_expansion,urban,"[79.04, 21.22500000000001, 79.08500000000001, 21.27000000000001]"
nagpur_expansion_r5_c3,nagpur_expansion,urban,"[79.08500000000001, 21.22500000000001, 79.13000000000001, 21.27000000000001]"
nagpur_expansion_r5_c4,nagpur_expansion,urban,"[79.13000000000001, 21.22500000000001, 79.17500000000001, 21.27000000000001]"
nagpur_expansion_r5_c5,nagpur_expansion,urban,"[79.17500000000001, 21.22500000000001, 79.22000000000001, 21.27000000000001]"
indore_expansion_r0_c0,indore_expansion,urban,"[75.7, 22.6, 75.745, 22.645000000000003]"
indore_expansion_r0_c1,indore_expansion,urban,"[75.745, 22.6, 75.79, 22.645000000000003]"
indore_expansion_r0_c2,indore_expansion,urban,"[75.79, 22.6, 75.83500000000001, 22.645000000000003]"
indore_expansion_r0_c3,indore_expansion,urban,"[75.83500000000001, 22.6, 75.88000000000001, 22.645000000000003]"
indore_expansion_r0_c4,indore_expansion,urban,"[75.88000000000001, 22.6, 75.92500000000001, 22.645000000000003]"
indore_expansion_r0_c5,indore_expansion,urban,"[75.92500000000001, 22.6, 75.97000000000001, 22.645000000000003]"
indore_expansion_r1_c0,indore_expansion,urban,"[75.7, 22.645000000000003, 75.745, 22.690000000000005]"
indore_expansion_r1_c1,indore_expansion,urban,"[75.745, 22.645000000000003, 75.79, 22.690000000000005]"
indore_expansion_r1_c2,indore_expansion,urban,"[75.79, 22.645000000000003, 75.83500000000001, 22.690000000000005]"
indore_expansion_r1_c3,indore_expansion,urban,"[75.83500000000001, 22.645000000000003, 75.88000000000001, 22.690000000000005]"
indore_expansion_r1_c4,indore_expansion,urban,"[75.88000000000001, 22.645000000000003, 75.92500000000001, 22.690000000000005]"
indore_expansion_r1_c5,indore_expansion,urban,"[75.92500000000001, 22.645000000000003, 75.97000000000001, 22.690000000000005]"
indore_expansion_r2_c0,indore_expansion,urban,"[75.7, 22.690000000000005, 75.745, 22.735000000000007]"
indore_expansion_r2_c1,indore_expansion,urban,"[75.745, 22.690000000000005, 75.79, 22.735000000000007]"
indore_expansion_r2_c2,indore_expansion,urban,"[75.79, 22.690000000000005, 75.83500000000001, 22.735000000000007]"
indore_expansion_r2_c3,indore_expansion,urban,"[75.83500000000001, 22.690000000000005, 75.88000000000001, 22.735000000000007]"
indore_expansion_r2_c4,indore_expansion,urban,"[75.88000000000001, 22.690000000000005, 75.92500000000001, 22.735000000000007]"
indore_expansion_r2_c5,indore_expansion,urban,"[75.92500000000001, 22.690000000000005, 75.97000000000001, 22.735000000000007]"
indore_expansion_r3_c0,indore_expansion,urban,"[75.7, 22.735000000000007, 75.745, 22.78000000000001]"
indore_expansion_r3_c1,indore_expansion,urban,"[75.745, 22.735000000000007, 75.79, 22.78000000000001]"
indore_expansion_r3_c2,indore_expansion,urban,"[75.79, 22.735000000000007, 75.83500000000001, 22.78000000000001]"
indore_expansion_r3_c3,indore_expansion,urban,"[75.83500000000001, 22.735000000000007, 75.88000000000001, 22.78000000000001]"
indore_expansion_r3_c4,indore_expansion,urban,"[75.88000000000001, 22.735000000000007, 75.92500000000001, 22.78000000000001]"
indore_expansion_r3_c5,indore_expansion,urban,"[75.92500000000001, 22.735000000000007, 75.97000000000001, 22.78000000000001]"
indore_expansion_r4_c0,indore_expansion,urban,"[75.7, 22.78000000000001, 75.745, 22.82500000000001]"
indore_expansion_r4_c1,indore_expansion,urban,"[75.745, 22.78000000000001, 75.79, 22.82500000000001]"
indore_expansion_r4_c2,indore_expansion,urban,"[75.79, 22.78000000000001, 75.83500000000001, 22.82500000000001]"
indore_expansion_r4_c3,indore_expansion,urban,"[75.83500000000001, 22.78000000000001, 75.88000000000001, 22.82500000000001]"
indore_expansion_r4_c4,indore_expansion,urban,"[75.88000000000001, 22.78000000000001, 75.92500000000001, 22.82500000000001]"
indore_expansion_r4_c5,indore_expansion,urban,"[75.92500000000001, 22.78000000000001, 75.97000000000001, 22.82500000000001]"
indore_expansion_r5_c0,indore_expansion,urban,"[75.7, 22.82500000000001, 75.745, 22.87000000000001]"
indore_expansion_r5_c1,indore_expansion,urban,"[75.745, 22.82500000000001, 75.79, 22.87000000000001]"
indore_expansion_r5_c2,indore_expansion,urban,"[75.79, 22.82500000000001, 75.83500000000001, 22.87000000000001]"
indore_expansion_r5_c3,indore_expansion,urban,"[75.83500000000001, 22.82500000000001, 75.88000000000001, 22.87000000000001]"
indore_expansion_r5_c4,indore_expansion,urban,"[75.88000000000001, 22.82500000000001, 75.92500000000001, 22.87000000000001]"
indore_expansion_r5_c5,indore_expansion,urban,"[75.92500000000001, 22.82500000000001, 75.97000000000001, 22.87000000000001]"
surat_expansion_r0_c0,surat_expansion,urban,"[72.7, 21.1, 72.745, 21.145000000000003]"
surat_expansion_r0_c1,surat_expansion,urban,"[72.745, 21.1, 72.79, 21.145000000000003]"
surat_expansion_r0_c2,surat_expansion,urban,"[72.79, 21.1, 72.83500000000001, 21.145000000000003]"
surat_expansion_r0_c3,surat_expansion,urban,"[72.83500000000001, 21.1, 72.88000000000001, 21.145000000000003]"
surat_expansion_r0_c4,surat_expansion,urban,"[72.88000000000001, 21.1, 72.92500000000001, 21.145000000000003]"
surat_expansion_r0_c5,surat_expansion,urban,"[72.92500000000001, 21.1, 72.97000000000001, 21.145000000000003]"
surat_expansion_r1_c0,surat_expansion,urban,"[72.7, 21.145000000000003, 72.745, 21.190000000000005]"
surat_expansion_r1_c1,surat_expansion,urban,"[72.745, 21.145000000000003, 72.79, 21.190000000000005]"
surat_expansion_r1_c2,surat_expansion,urban,"[72.79, 21.145000000000003, 72.83500000000001, 21.190000000000005]"
surat_expansion_r1_c3,surat_expansion,urban,"[72.83500000000001, 21.145000000000003, 72.88000000000001, 21.190000000000005]"
surat_expansion_r1_c4,surat_expansion,urban,"[72.88000000000001, 21.145000000000003, 72.92500000000001, 21.190000000000005]"
surat_expansion_r1_c5,surat_expansion,urban,"[72.92500000000001, 21.145000000000003, 72.97000000000001, 21.190000000000005]"
surat_expansion_r2_c0,surat_expansion,urban,"[72.7, 21.190000000000005, 72.745, 21.235000000000007]"
surat_expansion_r2_c1,surat_expansion,urban,"[72.745, 21.190000000000005, 72.79, 21.235000000000007]"
surat_expansion_r2_c2,surat_expansion,urban,"[72.79, 21.190000000000005, 72.83500000000001, 21.235000000000007]"
surat_expansion_r2_c3,surat_expansion,urban,"[72.83500000000001, 21.190000000000005, 72.88000000000001, 21.235000000000007]"
surat_expansion_r2_c4,surat_expansion,urban,"[72.88000000000001, 21.190000000000005, 72.92500000000001, 21.235000000000007]"
surat_expansion_r2_c5,surat_expansion,urban,"[72.92500000000001, 21.190000000000005, 72.97000000000001, 21.235000000000007]"
surat_expansion_r3_c0,surat_expansion,urban,"[72.7, 21.235000000000007, 72.745, 21.28000000000001]"
surat_expansion_r3_c1,surat_expansion,urban,"[72.745, 21.235000000000007, 72.79, 21.28000000000001]"
surat_expansion_r3_c2,surat_expansion,urban,"[72.79, 21.235000000000007, 72.83500000000001, 21.28000000000001]"
surat_expansion_r3_c3,surat_expansion,urban,"[72.83500000000001, 21.235000000000007, 72.88000000000001, 21.28000000000001]"
surat_expansion_r3_c4,surat_expansion,urban,"[72.88000000000001, 21.235000000000007, 72.92500000000001, 21.28000000000001]"
surat_expansion_r3_c5,surat_expansion,urban,"[72.92500000000001, 21.235000000000007, 72.97000000000001, 21.28000000000001]"
surat_expansion_r4_c0,surat_expansion,urban,"[72.7, 21.28000000000001, 72.745, 21.32500000000001]"
surat_expansion_r4_c1,surat_expansion,urban,"[72.745, 21.28000000000001, 72.79, 21.32500000000001]"
surat_expansion_r4_c2,surat_expansion,urban,"[72.79, 21.28000000000001, 72.83500000000001, 21.32500000000001]"
surat_expansion_r4_c3,surat_expansion,urban,"[72.83500000000001, 21.28000000000001, 72.88000000000001, 21.32500000000001]"
surat_expansion_r4_c4,surat_expansion,urban,"[72.88000000000001, 21.28000000000001, 72.92500000000001, 21.32500000000001]"
surat_expansion_r4_c5,surat_expansion,urban,"[72.92500000000001, 21.28000000000001, 72.97000000000001, 21.32500000000001]"
surat_expansion_r5_c0,surat_expansion,urban,"[72.7, 21.32500000000001, 72.745, 21.37000000000001]"
surat_expansion_r5_c1,surat_expansion,urban,"[72.745, 21.32500000000001, 72.79, 21.37000000000001]"
surat_expansion_r5_c2,surat_expansion,urban,"[72.79, 21.32500000000001, 72.83500000000001, 21.37000000000001]"
surat_expansion_r5_c3,surat_expansion,urban,"[72.83500000000001, 21.32500000000001, 72.88000000000001, 21.37000000000001]"
surat_expansion_r5_c4,surat_expansion,urban,"[72.88000000000001, 21.32500000000001, 72.92500000000001, 21.37000000000001]"
surat_expansion_r5_c5,surat_expansion,urban,"[72.92500000000001, 21.32500000000001, 72.97000000000001, 21.37000000000001]"
chandigarh_tricity_r0_c0,chandigarh_tricity,urban,"[76.6, 30.55, 76.645, 30.595000000000002]"
chandigarh_tricity_r0_c1,chandigarh_tricity,urban,"[76.645, 30.55, 76.69, 30.595000000000002]"
chandigarh_tricity_r0_c2,chandigarh_tricity,urban,"[76.69, 30.55, 76.735, 30.595000000000002]"
chandigarh_tricity_r0_c3,chandigarh_tricity,urban,"[76.735, 30.55, 76.78, 30.595000000000002]"
chandigarh_tricity_r0_c4,chandigarh_tricity,urban,"[76.78, 30.55, 76.825, 30.595000000000002]"
chandigarh_tricity_r0_c5,chandigarh_tricity,urban,"[76.825, 30.55, 76.87, 30.595000000000002]"
chandigarh_tricity_r1_c0,chandigarh_tricity,urban,"[76.6, 30.595000000000002, 76.645, 30.640000000000004]"
chandigarh_tricity_r1_c1,chandigarh_tricity,urban,"[76.645, 30.595000000000002, 76.69, 30.640000000000004]"
chandigarh_tricity_r1_c2,chandigarh_tricity,urban,"[76.69, 30.595000000000002, 76.735, 30.640000000000004]"
chandigarh_tricity_r1_c3,chandigarh_tricity,urban,"[76.735, 30.595000000000002, 76.78, 30.640000000000004]"
chandigarh_tricity_r1_c4,chandigarh_tricity,urban,"[76.78, 30.595000000000002, 76.825, 30.640000000000004]"
chandigarh_tricity_r1_c5,chandigarh_tricity,urban,"[76.825, 30.595000000000002, 76.87, 30.640000000000004]"
chandigarh_tricity_r2_c0,chandigarh_tricity,urban,"[76.6, 30.640000000000004, 76.645, 30.685000000000006]"
chandigarh_tricity_r2_c1,chandigarh_tricity,urban,"[76.645, 30.640000000000004, 76.69, 30.685000000000006]"
chandigarh_tricity_r2_c2,chandigarh_tricity,urban,"[76.69, 30.640000000000004, 76.735, 30.685000000000006]"
chandigarh_tricity_r2_c3,chandigarh_tricity,urban,"[76.735, 30.640000000000004, 76.78, 30.685000000000006]"
chandigarh_tricity_r2_c4,chandigarh_tricity,urban,"[76.78, 30.640000000000004, 76.825, 30.685000000000006]"
chandigarh_tricity_r2_c5,chandigarh_tricity,urban,"[76.825, 30.640000000000004, 76.87, 30.685000000000006]"
chandigarh_tricity_r3_c0,chandigarh_tricity,urban,"[76.6, 30.685000000000006, 76.645, 30.730000000000008]"
chandigarh_tricity_r3_c1,chandigarh_tricity,urban,"[76.645, 30.685000000000006, 76.69, 30.730000000000008]"
chandigarh_tricity_r3_c2,chandigarh_tricity,urban,"[76.69, 30.685000000000006, 76.735, 30.730000000000008]"
chandigarh_tricity_r3_c3,chandigarh_tricity,urban,"[76.735, 30.685000000000006, 76.78, 30.730000000000008]"
chandigarh_tricity_r3_c4,chandigarh_tricity,urban,"[76.78, 30.685000000000006, 76.825, 30.730000000000008]"
chandigarh_tricity_r3_c5,chandigarh_tricity,urban,"[76.825, 30.685000000000006, 76.87, 30.730000000000008]"
chandigarh_tricity_r4_c0,chandigarh_tricity,urban,"[76.6, 30.730000000000008, 76.645, 30.77500000000001]"
chandigarh_tricity_r4_c1,chandigarh_tricity,urban,"[76.645, 30.730000000000008, 76.69, 30.77500000000001]"
chandigarh_tricity_r4_c2,chandigarh_tricity,urban,"[76.69, 30.730000000000008, 76.735, 30.77500000000001]"
chandigarh_tricity_r4_c3,chandigarh_tricity,urban,"[76.735, 30.730000000000008, 76.78, 30.77500000000001]"
chandigarh_tricity_r4_c4,chandigarh_tricity,urban,"[76.78, 30.730000000000008, 76.825, 30.77500000000001]"
chandigarh_tricity_r4_c5,chandigarh_tricity,urban,"[76.825, 30.730000000000008, 76.87, 30.77500000000001]"
chandigarh_tricity_r5_c0,chandigarh_tricity,urban,"[76.6, 30.77500000000001, 76.645, 30.82000000000001]"
chandigarh_tricity_r5_c1,chandigarh_tricity,urban,"[76.645, 30.77500000000001, 76.69, 30.82000000000001]"
chandigarh_tricity_r5_c2,chandigarh_tricity,urban,"[76.69, 30.77500000000001, 76.735, 30.82000000000001]"
chandigarh_tricity_r5_c3,chandigarh_tricity,urban,"[76.735, 30.77500000000001, 76.78, 30.82000000000001]"
chandigarh_tricity_r5_c4,chandigarh_tricity,urban,"[76.78, 30.77500000000001, 76.825, 30.82000000000001]"
chandigarh_tricity_r5_c5,chandigarh_tricity,urban,"[76.825, 30.77500000000001, 76.87, 30.82000000000001]"
bhubaneswar_expansion_r0_c0,bhubaneswar_expansion,urban,"[85.7, 20.15, 85.745, 20.195]"
bhubaneswar_expansion_r0_c1,bhubaneswar_expansion,urban,"[85.745, 20.15, 85.79, 20.195]"
bhubaneswar_expansion_r0_c2,bhubaneswar_expansion,urban,"[85.79, 20.15, 85.83500000000001, 20.195]"
bhubaneswar_expansion_r0_c3,bhubaneswar_expansion,urban,"[85.83500000000001, 20.15, 85.88000000000001, 20.195]"
bhubaneswar_expansion_r0_c4,bhubaneswar_expansion,urban,"[85.88000000000001, 20.15, 85.92500000000001, 20.195]"
bhubaneswar_expansion_r0_c5,bhubaneswar_expansion,urban,"[85.92500000000001, 20.15, 85.97000000000001, 20.195]"
bhubaneswar_expansion_r1_c0,bhubaneswar_expansion,urban,"[85.7, 20.195, 85.745, 20.240000000000002]"
bhubaneswar_expansion_r1_c1,bhubaneswar_expansion,urban,"[85.745, 20.195, 85.79, 20.240000000000002]"
bhubaneswar_expansion_r1_c2,bhubaneswar_expansion,urban,"[85.79, 20.195, 85.83500000000001, 20.240000000000002]"
bhubaneswar_expansion_r1_c3,bhubaneswar_expansion,urban,"[85.83500000000001, 20.195, 85.88000000000001, 20.240000000000002]"
bhubaneswar_expansion_r1_c4,bhubaneswar_expansion,urban,"[85.88000000000001, 20.195, 85.92500000000001, 20.240000000000002]"
bhubaneswar_expansion_r1_c5,bhubaneswar_expansion,urban,"[85.92500000000001, 20.195, 85.97000000000001, 20.240000000000002]"
bhubaneswar_expansion_r2_c0,bhubaneswar_expansion,urban,"[85.7, 20.240000000000002, 85.745, 20.285000000000004]"
bhubaneswar_expansion_r2_c1,bhubaneswar_expansion,urban,"[85.745, 20.240000000000002, 85.79, 20.285000000000004]"
bhubaneswar_expansion_r2_c2,bhubaneswar_expansion,urban,"[85.79, 20.240000000000002, 85.83500000000001, 20.285000000000004]"
bhubaneswar_expansion_r2_c3,bhubaneswar_expansion,urban,"[85.83500000000001, 20.240000000000002, 85.88000000000001, 20.285000000000004]"
bhubaneswar_expansion_r2_c4,bhubaneswar_expansion,urban,"[85.88000000000001, 20.240000000000002, 85.92500000000001, 20.285000000000004]"
bhubaneswar_expansion_r2_c5,bhubaneswar_expansion,urban,"[85.92500000000001, 20.240000000000002, 85.97000000000001, 20.285000000000004]"
bhubaneswar_expansion_r3_c0,bhubaneswar_expansion,urban,"[85.7, 20.285000000000004, 85.745, 20.330000000000005]"
bhubaneswar_expansion_r3_c1,bhubaneswar_expansion,urban,"[85.745, 20.285000000000004, 85.79, 20.330000000000005]"
bhubaneswar_expansion_r3_c2,bhubaneswar_expansion,urban,"[85.79, 20.285000000000004, 85.83500000000001, 20.330000000000005]"
bhubaneswar_expansion_r3_c3,bhubaneswar_expansion,urban,"[85.83500000000001, 20.285000000000004, 85.88000000000001, 20.330000000000005]"
bhubaneswar_expansion_r3_c4,bhubaneswar_expansion,urban,"[85.88000000000001, 20.285000000000004, 85.92500000000001, 20.330000000000005]"
bhubaneswar_expansion_r3_c5,bhubaneswar_expansion,urban,"[85.92500000000001, 20.285000000000004, 85.97000000000001, 20.330000000000005]"
bhubaneswar_expansion_r4_c0,bhubaneswar_expansion,urban,"[85.7, 20.330000000000005, 85.745, 20.375000000000007]"
bhubaneswar_expansion_r4_c1,bhubaneswar_expansion,urban,"[85.745, 20.330000000000005, 85.79, 20.375000000000007]"
bhubaneswar_expansion_r4_c2,bhubaneswar_expansion,urban,"[85.79, 20.330000000000005, 85.83500000000001, 20.375000000000007]"
bhubaneswar_expansion_r4_c3,bhubaneswar_expansion,urban,"[85.83500000000001, 20.330000000000005, 85.88000000000001, 20.375000000000007]"
bhubaneswar_expansion_r4_c4,bhubaneswar_expansion,urban,"[85.88000000000001, 20.330000000000005, 85.92500000000001, 20.375000000000007]"
bhubaneswar_expansion_r4_c5,bhubaneswar_expansion,urban,"[85.92500000000001, 20.330000000000005, 85.97000000000001, 20.375000000000007]"
bhubaneswar_expansion_r5_c0,bhubaneswar_expansion,urban,"[85.7, 20.375000000000007, 85.745, 20.42000000000001]"
bhubaneswar_expansion_r5_c1,bhubaneswar_expansion,urban,"[85.745, 20.375000000000007, 85.79, 20.42000000000001]"
bhubaneswar_expansion_r5_c2,bhubaneswar_expansion,urban,"[85.79, 20.375000000000007, 85.83500000000001, 20.42000000000001]"
bhubaneswar_expansion_r5_c3,bhubaneswar_expansion,urban,"[85.83500000000001, 20.375000000000007, 85.88000000000001, 20.42000000000001]"
bhubaneswar_expansion_r5_c4,bhubaneswar_expansion,urban,"[85.88000000000001, 20.375000000000007, 85.92500000000001, 20.42000000000001]"
bhubaneswar_expansion_r5_c5,bhubaneswar_expansion,urban,"[85.92500000000001, 20.375000000000007, 85.97000000000001, 20.42000000000001]"
coimbatore_expansion_r0_c0,coimbatore_expansion,urban,"[76.85, 10.95, 76.895, 10.995]"
coimbatore_expansion_r0_c1,coimbatore_expansion,urban,"[76.895, 10.95, 76.94, 10.995]"
coimbatore_expansion_r0_c2,coimbatore_expansion,urban,"[76.94, 10.95, 76.985, 10.995]"
coimbatore_expansion_r0_c3,coimbatore_expansion,urban,"[76.985, 10.95, 77.03, 10.995]"
coimbatore_expansion_r0_c4,coimbatore_expansion,urban,"[77.03, 10.95, 77.075, 10.995]"
coimbatore_expansion_r0_c5,coimbatore_expansion,urban,"[77.075, 10.95, 77.12, 10.995]"
coimbatore_expansion_r1_c0,coimbatore_expansion,urban,"[76.85, 10.995, 76.895, 11.04]"
coimbatore_expansion_r1_c1,coimbatore_expansion,urban,"[76.895, 10.995, 76.94, 11.04]"
coimbatore_expansion_r1_c2,coimbatore_expansion,urban,"[76.94, 10.995, 76.985, 11.04]"
coimbatore_expansion_r1_c3,coimbatore_expansion,urban,"[76.985, 10.995, 77.03, 11.04]"
coimbatore_expansion_r1_c4,coimbatore_expansion,urban,"[77.03, 10.995, 77.075, 11.04]"
coimbatore_expansion_r1_c5,coimbatore_expansion,urban,"[77.075, 10.995, 77.12, 11.04]"
coimbatore_expansion_r2_c0,coimbatore_expansion,urban,"[76.85, 11.04, 76.895, 11.084999999999999]"
coimbatore_expansion_r2_c1,coimbatore_expansion,urban,"[76.895, 11.04, 76.94, 11.084999999999999]"
coimbatore_expansion_r2_c2,coimbatore_expansion,urban,"[76.94, 11.04, 76.985, 11.084999999999999]"
coimbatore_expansion_r2_c3,coimbatore_expansion,urban,"[76.985, 11.04, 77.03, 11.084999999999999]"
coimbatore_expansion_r2_c4,coimbatore_expansion,urban,"[77.03, 11.04, 77.075, 11.084999999999999]"
coimbatore_expansion_r2_c5,coimbatore_expansion,urban,"[77.075, 11.04, 77.12, 11.084999999999999]"
coimbatore_expansion_r3_c0,coimbatore_expansion,urban,"[76.85, 11.084999999999999, 76.895, 11.129999999999999]"
coimbatore_expansion_r3_c1,coimbatore_expansion,urban,"[76.895, 11.084999999999999, 76.94, 11.129999999999999]"
coimbatore_expansion_r3_c2,coimbatore_expansion,urban,"[76.94, 11.084999999999999, 76.985, 11.129999999999999]"
coimbatore_expansion_r3_c3,coimbatore_expansion,urban,"[76.985, 11.084999999999999, 77.03, 11.129999999999999]"
coimbatore_expansion_r3_c4,coimbatore_expansion,urban,"[77.03, 11.084999999999999, 77.075, 11.129999999999999]"
coimbatore_expansion_r3_c5,coimbatore_expansion,urban,"[77.075, 11.084999999999999, 77.12, 11.129999999999999]"
coimbatore_expansion_r4_c0,coimbatore_expansion,urban,"[76.85, 11.129999999999999, 76.895, 11.174999999999999]"
coimbatore_expansion_r4_c1,coimbatore_expansion,urban,"[76.895, 11.129999999999999, 76.94, 11.174999999999999]"
coimbatore_expansion_r4_c2,coimbatore_expansion,urban,"[76.94, 11.129999999999999, 76.985, 11.174999999999999]"
coimbatore_expansion_r4_c3,coimbatore_expansion,urban,"[76.985, 11.129999999999999, 77.03, 11.174999999999999]"
coimbatore_expansion_r4_c4,coimbatore_expansion,urban,"[77.03, 11.129999999999999, 77.075, 11.174999999999999]"
coimbatore_expansion_r4_c5,coimbatore_expansion,urban,"[77.075, 11.129999999999999, 77.12, 11.174999999999999]"
coimbatore_expansion_r5_c0,coimbatore_expansion,urban,"[76.85, 11.174999999999999, 76.895, 11.219999999999999]"
coimbatore_expansion_r5_c1,coimbatore_expansion,urban,"[76.895, 11.174999999999999, 76.94, 11.219999999999999]"
coimbatore_expansion_r5_c2,coimbatore_expansion,urban,"[76.94, 11.174999999999999, 76.985, 11.219999999999999]"
coimbatore_expansion_r5_c3,coimbatore_expansion,urban,"[76.985, 11.174999999999999, 77.03, 11.219999999999999]"
coimbatore_expansion_r5_c4,coimbatore_expansion,urban,"[77.03, 11.174999999999999, 77.075, 11.219999999999999]"
coimbatore_expansion_r5_c5,coimbatore_expansion,urban,"[77.075, 11.174999999999999, 77.12, 11.219999999999999]"
amaravati_capital_r0_c0,amaravati_capital,urban,"[80.35, 16.45, 80.395, 16.495]"
amaravati_capital_r0_c1,amaravati_capital,urban,"[80.395, 16.45, 80.44, 16.495]"
amaravati_capital_r0_c2,amaravati_capital,urban,"[80.44, 16.45, 80.485, 16.495]"
amaravati_capital_r0_c3,amaravati_capital,urban,"[80.485, 16.45, 80.53, 16.495]"
amaravati_capital_r0_c4,amaravati_capital,urban,"[80.53, 16.45, 80.575, 16.495]"
amaravati_capital_r1_c0,amaravati_capital,urban,"[80.35, 16.495, 80.395, 16.540000000000003]"
amaravati_capital_r1_c1,amaravati_capital,urban,"[80.395, 16.495, 80.44, 16.540000000000003]"
amaravati_capital_r1_c2,amaravati_capital,urban,"[80.44, 16.495, 80.485, 16.540000000000003]"
amaravati_capital_r1_c3,amaravati_capital,urban,"[80.485, 16.495, 80.53, 16.540000000000003]"
amaravati_capital_r1_c4,amaravati_capital,urban,"[80.53, 16.495, 80.575, 16.540000000000003]"
amaravati_capital_r2_c0,amaravati_capital,urban,"[80.35, 16.540000000000003, 80.395, 16.585000000000004]"
amaravati_capital_r2_c1,amaravati_capital,urban,"[80.395, 16.540000000000003, 80.44, 16.585000000000004]"
amaravati_capital_r2_c2,amaravati_capital,urban,"[80.44, 16.540000000000003, 80.485, 16.585000000000004]"
amaravati_capital_r2_c3,amaravati_capital,urban,"[80.485, 16.540000000000003, 80.53, 16.585000000000004]"
amaravati_capital_r2_c4,amaravati_capital,urban,"[80.53, 16.540000000000003, 80.575, 16.585000000000004]"
amaravati_capital_r3_c0,amaravati_capital,urban,"[80.35, 16.585000000000004, 80.395, 16.630000000000006]"
amaravati_capital_r3_c1,amaravati_capital,urban,"[80.395, 16.585000000000004, 80.44, 16.630000000000006]"
amaravati_capital_r3_c2,amaravati_capital,urban,"[80.44, 16.585000000000004, 80.485, 16.630000000000006]"
amaravati_capital_r3_c3,amaravati_capital,urban,"[80.485, 16.585000000000004, 80.53, 16.630000000000006]"
amaravati_capital_r3_c4,amaravati_capital,urban,"[80.53, 16.585000000000004, 80.575, 16.630000000000006]"
amaravati_capital_r4_c0,amaravati_capital,urban,"[80.35, 16.630000000000006, 80.395, 16.675000000000008]"
amaravati_capital_r4_c1,amaravati_capital,urban,"[80.395, 16.630000000000006, 80.44, 16.675000000000008]"
amaravati_capital_r4_c2,amaravati_capital,urban,"[80.44, 16.630000000000006, 80.485, 16.675000000000008]"
amaravati_capital_r4_c3,amaravati_capital,urban,"[80.485, 16.630000000000006, 80.53, 16.675000000000008]"
amaravati_capital_r4_c4,amaravati_capital,urban,"[80.53, 16.630000000000006, 80.575, 16.675000000000008]"
vijayawada_growth_r0_c0,vijayawada_growth,urban,"[80.6, 16.4, 80.645, 16.445]"
vijayawada_growth_r0_c1,vijayawada_growth,urban,"[80.645, 16.4, 80.69, 16.445]"
vijayawada_growth_r0_c2,vijayawada_growth,urban,"[80.69, 16.4, 80.735, 16.445]"
vijayawada_growth_r0_c3,vijayawada_growth,urban,"[80.735, 16.4, 80.78, 16.445]"
vijayawada_growth_r0_c4,vijayawada_growth,urban,"[80.78, 16.4, 80.825, 16.445]"
vijayawada_growth_r1_c0,vijayawada_growth,urban,"[80.6, 16.445, 80.645, 16.490000000000002]"
vijayawada_growth_r1_c1,vijayawada_growth,urban,"[80.645, 16.445, 80.69, 16.490000000000002]"
vijayawada_growth_r1_c2,vijayawada_growth,urban,"[80.69, 16.445, 80.735, 16.490000000000002]"
vijayawada_growth_r1_c3,vijayawada_growth,urban,"[80.735, 16.445, 80.78, 16.490000000000002]"
vijayawada_growth_r1_c4,vijayawada_growth,urban,"[80.78, 16.445, 80.825, 16.490000000000002]"
vijayawada_growth_r2_c0,vijayawada_growth,urban,"[80.6, 16.490000000000002, 80.645, 16.535000000000004]"
vijayawada_growth_r2_c1,vijayawada_growth,urban,"[80.645, 16.490000000000002, 80.69, 16.535000000000004]"
vijayawada_growth_r2_c2,vijayawada_growth,urban,"[80.69, 16.490000000000002, 80.735, 16.535000000000004]"
vijayawada_growth_r2_c3,vijayawada_growth,urban,"[80.735, 16.490000000000002, 80.78, 16.535000000000004]"
vijayawada_growth_r2_c4,vijayawada_growth,urban,"[80.78, 16.490000000000002, 80.825, 16.535000000000004]"
vijayawada_growth_r3_c0,vijayawada_growth,urban,"[80.6, 16.535000000000004, 80.645, 16.580000000000005]"
vijayawada_growth_r3_c1,vijayawada_growth,urban,"[80.645, 16.535000000000004, 80.69, 16.580000000000005]"
vijayawada_growth_r3_c2,vijayawada_growth,urban,"[80.69, 16.535000000000004, 80.735, 16.580000000000005]"
vijayawada_growth_r3_c3,vijayawada_growth,urban,"[80.735, 16.535000000000004, 80.78, 16.580000000000005]"
vijayawada_growth_r3_c4,vijayawada_growth,urban,"[80.78, 16.535000000000004, 80.825, 16.580000000000005]"
vijayawada_growth_r4_c0,vijayawada_growth,urban,"[80.6, 16.580000000000005, 80.645, 16.625000000000007]"
vijayawada_growth_r4_c1,vijayawada_growth,urban,"[80.645, 16.580000000000005, 80.69, 16.625000000000007]"
vijayawada_growth_r4_c2,vijayawada_growth,urban,"[80.69, 16.580000000000005, 80.735, 16.625000000000007]"
vijayawada_growth_r4_c3,vijayawada_growth,urban,"[80.735, 16.580000000000005, 80.78, 16.625000000000007]"
vijayawada_growth_r4_c4,vijayawada_growth,urban,"[80.78, 16.580000000000005, 80.825, 16.625000000000007]"
guwahati_expansion_r0_c0,guwahati_expansion,urban,"[91.6, 26.0, 91.645, 26.045]"
guwahati_expansion_r0_c1,guwahati_expansion,urban,"[91.645, 26.0, 91.69, 26.045]"
guwahati_expansion_r0_c2,guwahati_expansion,urban,"[91.69, 26.0, 91.735, 26.045]"
guwahati_expansion_r0_c3,guwahati_expansion,urban,"[91.735, 26.0, 91.78, 26.045]"
guwahati_expansion_r0_c4,guwahati_expansion,urban,"[91.78, 26.0, 91.825, 26.045]"
guwahati_expansion_r0_c5,guwahati_expansion,urban,"[91.825, 26.0, 91.87, 26.045]"
guwahati_expansion_r1_c0,guwahati_expansion,urban,"[91.6, 26.045, 91.645, 26.090000000000003]"
guwahati_expansion_r1_c1,guwahati_expansion,urban,"[91.645, 26.045, 91.69, 26.090000000000003]"
guwahati_expansion_r1_c2,guwahati_expansion,urban,"[91.69, 26.045, 91.735, 26.090000000000003]"
guwahati_expansion_r1_c3,guwahati_expansion,urban,"[91.735, 26.045, 91.78, 26.090000000000003]"
guwahati_expansion_r1_c4,guwahati_expansion,urban,"[91.78, 26.045, 91.825, 26.090000000000003]"
guwahati_expansion_r1_c5,guwahati_expansion,urban,"[91.825, 26.045, 91.87, 26.090000000000003]"
guwahati_expansion_r2_c0,guwahati_expansion,urban,"[91.6, 26.090000000000003, 91.645, 26.135000000000005]"
guwahati_expansion_r2_c1,guwahati_expansion,urban,"[91.645, 26.090000000000003, 91.69, 26.135000000000005]"
guwahati_expansion_r2_c2,guwahati_expansion,urban,"[91.69, 26.090000000000003, 91.735, 26.135000000000005]"
guwahati_expansion_r2_c3,guwahati_expansion,urban,"[91.735, 26.090000000000003, 91.78, 26.135000000000005]"
guwahati_expansion_r2_c4,guwahati_expansion,urban,"[91.78, 26.090000000000003, 91.825, 26.135000000000005]"
guwahati_expansion_r2_c5,guwahati_expansion,urban,"[91.825, 26.090000000000003, 91.87, 26.135000000000005]"
guwahati_expansion_r3_c0,guwahati_expansion,urban,"[91.6, 26.135000000000005, 91.645, 26.180000000000007]"
guwahati_expansion_r3_c1,guwahati_expansion,urban,"[91.645, 26.135000000000005, 91.69, 26.180000000000007]"
guwahati_expansion_r3_c2,guwahati_expansion,urban,"[91.69, 26.135000000000005, 91.735, 26.180000000000007]"
guwahati_expansion_r3_c3,guwahati_expansion,urban,"[91.735, 26.135000000000005, 91.78, 26.180000000000007]"
guwahati_expansion_r3_c4,guwahati_expansion,urban,"[91.78, 26.135000000000005, 91.825, 26.180000000000007]"
guwahati_expansion_r3_c5,guwahati_expansion,urban,"[91.825, 26.135000000000005, 91.87, 26.180000000000007]"
guwahati_expansion_r4_c0,guwahati_expansion,urban,"[91.6, 26.180000000000007, 91.645, 26.22500000000001]"
guwahati_expansion_r4_c1,guwahati_expansion,urban,"[91.645, 26.180000000000007, 91.69, 26.22500000000001]"
guwahati_expansion_r4_c2,guwahati_expansion,urban,"[91.69, 26.180000000000007, 91.735, 26.22500000000001]"
guwahati_expansion_r4_c3,guwahati_expansion,urban,"[91.735, 26.180000000000007, 91.78, 26.22500000000001]"
guwahati_expansion_r4_c4,guwahati_expansion,urban,"[91.78, 26.180000000000007, 91.825, 26.22500000000001]"
guwahati_expansion_r4_c5,guwahati_expansion,urban,"[91.825, 26.180000000000007, 91.87, 26.22500000000001]"
guwahati_expansion_r5_c0,guwahati_expansion,urban,"[91.6, 26.22500000000001, 91.645, 26.27000000000001]"
guwahati_expansion_r5_c1,guwahati_expansion,urban,"[91.645, 26.22500000000001, 91.69, 26.27000000000001]"
guwahati_expansion_r5_c2,guwahati_expansion,urban,"[91.69, 26.22500000000001, 91.735, 26.27000000000001]"
guwahati_expansion_r5_c3,guwahati_expansion,urban,"[91.735, 26.22500000000001, 91.78, 26.27000000000001]"
guwahati_expansion_r5_c4,guwahati_expansion,urban,"[91.78, 26.22500000000001, 91.825, 26.27000000000001]"
guwahati_expansion_r5_c5,guwahati_expansion,urban,"[91.825, 26.22500000000001, 91.87, 26.27000000000001]"
western_ghats_kodagu_r0_c0,western_ghats_kodagu,deforestation,"[75.65, 12.25, 75.69500000000001, 12.295]"
western_ghats_kodagu_r0_c1,western_ghats_kodagu,deforestation,"[75.69500000000001, 12.25, 75.74000000000001, 12.295]"
western_ghats_kodagu_r0_c2,western_ghats_kodagu,deforestation,"[75.74000000000001, 12.25, 75.78500000000001, 12.295]"
western_ghats_kodagu_r0_c3,western_ghats_kodagu,deforestation,"[75.78500000000001, 12.25, 75.83000000000001, 12.295]"
western_ghats_kodagu_r0_c4,western_ghats_kodagu,deforestation,"[75.83000000000001, 12.25, 75.87500000000001, 12.295]"
western_ghats_kodagu_r0_c5,western_ghats_kodagu,deforestation,"[75.87500000000001, 12.25, 75.92000000000002, 12.295]"
western_ghats_kodagu_r1_c0,western_ghats_kodagu,deforestation,"[75.65, 12.295, 75.69500000000001, 12.34]"
western_ghats_kodagu_r1_c1,western_ghats_kodagu,deforestation,"[75.69500000000001, 12.295, 75.74000000000001, 12.34]"
western_ghats_kodagu_r1_c2,western_ghats_kodagu,deforestation,"[75.74000000000001, 12.295, 75.78500000000001, 12.34]"
western_ghats_kodagu_r1_c3,western_ghats_kodagu,deforestation,"[75.78500000000001, 12.295, 75.83000000000001, 12.34]"
western_ghats_kodagu_r1_c4,western_ghats_kodagu,deforestation,"[75.83000000000001, 12.295, 75.87500000000001, 12.34]"
western_ghats_kodagu_r1_c5,western_ghats_kodagu,deforestation,"[75.87500000000001, 12.295, 75.92000000000002, 12.34]"
western_ghats_kodagu_r2_c0,western_ghats_kodagu,deforestation,"[75.65, 12.34, 75.69500000000001, 12.385]"
western_ghats_kodagu_r2_c1,western_ghats_kodagu,deforestation,"[75.69500000000001, 12.34, 75.74000000000001, 12.385]"
western_ghats_kodagu_r2_c2,western_ghats_kodagu,deforestation,"[75.74000000000001, 12.34, 75.78500000000001, 12.385]"
western_ghats_kodagu_r2_c3,western_ghats_kodagu,deforestation,"[75.78500000000001, 12.34, 75.83000000000001, 12.385]"
western_ghats_kodagu_r2_c4,western_ghats_kodagu,deforestation,"[75.83000000000001, 12.34, 75.87500000000001, 12.385]"
western_ghats_kodagu_r2_c5,western_ghats_kodagu,deforestation,"[75.87500000000001, 12.34, 75.92000000000002, 12.385]"
western_ghats_kodagu_r3_c0,western_ghats_kodagu,deforestation,"[75.65, 12.385, 75.69500000000001, 12.43]"
western_ghats_kodagu_r3_c1,western_ghats_kodagu,deforestation,"[75.69500000000001, 12.385, 75.74000000000001, 12.43]"
western_ghats_kodagu_r3_c2,western_ghats_kodagu,deforestation,"[75.74000000000001, 12.385, 75.78500000000001, 12.43]"
western_ghats_kodagu_r3_c3,western_ghats_kodagu,deforestation,"[75.78500000000001, 12.385, 75.83000000000001, 12.43]"
western_ghats_kodagu_r3_c4,western_ghats_kodagu,deforestation,"[75.83000000000001, 12.385, 75.87500000000001, 12.43]"
western_ghats_kodagu_r3_c5,western_ghats_kodagu,deforestation,"[75.87500000000001, 12.385, 75.92000000000002, 12.43]"
western_ghats_kodagu_r4_c0,western_ghats_kodagu,deforestation,"[75.65, 12.43, 75.69500000000001, 12.475]"
western_ghats_kodagu_r4_c1,western_ghats_kodagu,deforestation,"[75.69500000000001, 12.43, 75.74000000000001, 12.475]"
western_ghats_kodagu_r4_c2,western_ghats_kodagu,deforestation,"[75.74000000000001, 12.43, 75.78500000000001, 12.475]"
western_ghats_kodagu_r4_c3,western_ghats_kodagu,deforestation,"[75.78500000000001, 12.43, 75.83000000000001, 12.475]"
western_ghats_kodagu_r4_c4,western_ghats_kodagu,deforestation,"[75.83000000000001, 12.43, 75.87500000000001, 12.475]"
western_ghats_kodagu_r4_c5,western_ghats_kodagu,deforestation,"[75.87500000000001, 12.43, 75.92000000000002, 12.475]"
western_ghats_kodagu_r5_c0,western_ghats_kodagu,deforestation,"[75.65, 12.475, 75.69500000000001, 12.52]"
western_ghats_kodagu_r5_c1,western_ghats_kodagu,deforestation,"[75.69500000000001, 12.475, 75.74000000000001, 12.52]"
western_ghats_kodagu_r5_c2,western_ghats_kodagu,deforestation,"[75.74000000000001, 12.475, 75.78500000000001, 12.52]"
western_ghats_kodagu_r5_c3,western_ghats_kodagu,deforestation,"[75.78500000000001, 12.475, 75.83000000000001, 12.52]"
western_ghats_kodagu_r5_c4,western_ghats_kodagu,deforestation,"[75.83000000000001, 12.475, 75.87500000000001, 12.52]"
western_ghats_kodagu_r5_c5,western_ghats_kodagu,deforestation,"[75.87500000000001, 12.475, 75.92000000000002, 12.52]"
western_ghats_wayanad_r0_c0,western_ghats_wayanad,deforestation,"[76.0, 11.5, 76.045, 11.545]"
western_ghats_wayanad_r0_c1,western_ghats_wayanad,deforestation,"[76.045, 11.5, 76.09, 11.545]"
western_ghats_wayanad_r0_c2,western_ghats_wayanad,deforestation,"[76.09, 11.5, 76.135, 11.545]"
western_ghats_wayanad_r0_c3,western_ghats_wayanad,deforestation,"[76.135, 11.5, 76.18, 11.545]"
western_ghats_wayanad_r0_c4,western_ghats_wayanad,deforestation,"[76.18, 11.5, 76.22500000000001, 11.545]"
western_ghats_wayanad_r0_c5,western_ghats_wayanad,deforestation,"[76.22500000000001, 11.5, 76.27000000000001, 11.545]"
western_ghats_wayanad_r1_c0,western_ghats_wayanad,deforestation,"[76.0, 11.545, 76.045, 11.59]"
western_ghats_wayanad_r1_c1,western_ghats_wayanad,deforestation,"[76.045, 11.545, 76.09, 11.59]"
western_ghats_wayanad_r1_c2,western_ghats_wayanad,deforestation,"[76.09, 11.545, 76.135, 11.59]"
western_ghats_wayanad_r1_c3,western_ghats_wayanad,deforestation,"[76.135, 11.545, 76.18, 11.59]"
western_ghats_wayanad_r1_c4,western_ghats_wayanad,deforestation,"[76.18, 11.545, 76.22500000000001, 11.59]"
western_ghats_wayanad_r1_c5,western_ghats_wayanad,deforestation,"[76.22500000000001, 11.545, 76.27000000000001, 11.59]"
western_ghats_wayanad_r2_c0,western_ghats_wayanad,deforestation,"[76.0, 11.59, 76.045, 11.635]"
western_ghats_wayanad_r2_c1,western_ghats_wayanad,deforestation,"[76.045, 11.59, 76.09, 11.635]"
western_ghats_wayanad_r2_c2,western_ghats_wayanad,deforestation,"[76.09, 11.59, 76.135, 11.635]"
western_ghats_wayanad_r2_c3,western_ghats_wayanad,deforestation,"[76.135, 11.59, 76.18, 11.635]"
western_ghats_wayanad_r2_c4,western_ghats_wayanad,deforestation,"[76.18, 11.59, 76.22500000000001, 11.635]"
western_ghats_wayanad_r2_c5,western_ghats_wayanad,deforestation,"[76.22500000000001, 11.59, 76.27000000000001, 11.635]"
western_ghats_wayanad_r3_c0,western_ghats_wayanad,deforestation,"[76.0, 11.635, 76.045, 11.68]"
western_ghats_wayanad_r3_c1,western_ghats_wayanad,deforestation,"[76.045, 11.635, 76.09, 11.68]"
western_ghats_wayanad_r3_c2,western_ghats_wayanad,deforestation,"[76.09, 11.635, 76.135, 11.68]"
western_ghats_wayanad_r3_c3,western_ghats_wayanad,deforestation,"[76.135, 11.635, 76.18, 11.68]"
western_ghats_wayanad_r3_c4,western_ghats_wayanad,deforestation,"[76.18, 11.635, 76.22500000000001, 11.68]"
western_ghats_wayanad_r3_c5,western_ghats_wayanad,deforestation,"[76.22500000000001, 11.635, 76.27000000000001, 11.68]"
western_ghats_wayanad_r4_c0,western_ghats_wayanad,deforestation,"[76.0, 11.68, 76.045, 11.725]"
western_ghats_wayanad_r4_c1,western_ghats_wayanad,deforestation,"[76.045, 11.68, 76.09, 11.725]"
western_ghats_wayanad_r4_c2,western_ghats_wayanad,deforestation,"[76.09, 11.68, 76.135, 11.725]"
western_ghats_wayanad_r4_c3,western_ghats_wayanad,deforestation,"[76.135, 11.68, 76.18, 11.725]"
western_ghats_wayanad_r4_c4,western_ghats_wayanad,deforestation,"[76.18, 11.68, 76.22500000000001, 11.725]"
western_ghats_wayanad_r4_c5,western_ghats_wayanad,deforestation,"[76.22500000000001, 11.68, 76.27000000000001, 11.725]"
western_ghats_wayanad_r5_c0,western_ghats_wayanad,deforestation,"[76.0, 11.725, 76.045, 11.77]"
western_ghats_wayanad_r5_c1,western_ghats_wayanad,deforestation,"[76.045, 11.725, 76.09, 11.77]"
western_ghats_wayanad_r5_c2,western_ghats_wayanad,deforestation,"[76.09, 11.725, 76.135, 11.77]"
western_ghats_wayanad_r5_c3,western_ghats_wayanad,deforestation,"[76.135, 11.725, 76.18, 11.77]"
western_ghats_wayanad_r5_c4,western_ghats_wayanad,deforestation,"[76.18, 11.725, 76.22500000000001, 11.77]"
western_ghats_wayanad_r5_c5,western_ghats_wayanad,deforestation,"[76.22500000000001, 11.725, 76.27000000000001, 11.77]"
western_ghats_nilgiris_r0_c0,western_ghats_nilgiris,deforestation,"[76.55, 11.25, 76.595, 11.295]"
western_ghats_nilgiris_r0_c1,western_ghats_nilgiris,deforestation,"[76.595, 11.25, 76.64, 11.295]"
western_ghats_nilgiris_r0_c2,western_ghats_nilgiris,deforestation,"[76.64, 11.25, 76.685, 11.295]"
western_ghats_nilgiris_r0_c3,western_ghats_nilgiris,deforestation,"[76.685, 11.25, 76.73, 11.295]"
western_ghats_nilgiris_r0_c4,western_ghats_nilgiris,deforestation,"[76.73, 11.25, 76.775, 11.295]"
western_ghats_nilgiris_r0_c5,western_ghats_nilgiris,deforestation,"[76.775, 11.25, 76.82000000000001, 11.295]"
western_ghats_nilgiris_r1_c0,western_ghats_nilgiris,deforestation,"[76.55, 11.295, 76.595, 11.34]"
western_ghats_nilgiris_r1_c1,western_ghats_nilgiris,deforestation,"[76.595, 11.295, 76.64, 11.34]"
western_ghats_nilgiris_r1_c2,western_ghats_nilgiris,deforestation,"[76.64, 11.295, 76.685, 11.34]"
western_ghats_nilgiris_r1_c3,western_ghats_nilgiris,deforestation,"[76.685, 11.295, 76.73, 11.34]"
western_ghats_nilgiris_r1_c4,western_ghats_nilgiris,deforestation,"[76.73, 11.295, 76.775, 11.34]"
western_ghats_nilgiris_r1_c5,western_ghats_nilgiris,deforestation,"[76.775, 11.295, 76.82000000000001, 11.34]"
western_ghats_nilgiris_r2_c0,western_ghats_nilgiris,deforestation,"[76.55, 11.34, 76.595, 11.385]"
western_ghats_nilgiris_r2_c1,western_ghats_nilgiris,deforestation,"[76.595, 11.34, 76.64, 11.385]"
western_ghats_nilgiris_r2_c2,western_ghats_nilgiris,deforestation,"[76.64, 11.34, 76.685, 11.385]"
western_ghats_nilgiris_r2_c3,western_ghats_nilgiris,deforestation,"[76.685, 11.34, 76.73, 11.385]"
western_ghats_nilgiris_r2_c4,western_ghats_nilgiris,deforestation,"[76.73, 11.34, 76.775, 11.385]"
western_ghats_nilgiris_r2_c5,western_ghats_nilgiris,deforestation,"[76.775, 11.34, 76.82000000000001, 11.385]"
western_ghats_nilgiris_r3_c0,western_ghats_nilgiris,deforestation,"[76.55, 11.385, 76.595, 11.43]"
western_ghats_nilgiris_r3_c1,western_ghats_nilgiris,deforestation,"[76.595, 11.385, 76.64, 11.43]"
western_ghats_nilgiris_r3_c2,western_ghats_nilgiris,deforestation,"[76.64, 11.385, 76.685, 11.43]"
western_ghats_nilgiris_r3_c3,western_ghats_nilgiris,deforestation,"[76.685, 11.385, 76.73, 11.43]"
western_ghats_nilgiris_r3_c4,western_ghats_nilgiris,deforestation,"[76.73, 11.385, 76.775, 11.43]"
western_ghats_nilgiris_r3_c5,western_ghats_nilgiris,deforestation,"[76.775, 11.385, 76.82000000000001, 11.43]"
western_ghats_nilgiris_r4_c0,western_ghats_nilgiris,deforestation,"[76.55, 11.43, 76.595, 11.475]"
western_ghats_nilgiris_r4_c1,western_ghats_nilgiris,deforestation,"[76.595, 11.43, 76.64, 11.475]"
western_ghats_nilgiris_r4_c2,western_ghats_nilgiris,deforestation,"[76.64, 11.43, 76.685, 11.475]"
western_ghats_nilgiris_r4_c3,western_ghats_nilgiris,deforestation,"[76.685, 11.43, 76.73, 11.475]"
western_ghats_nilgiris_r4_c4,western_ghats_nilgiris,deforestation,"[76.73, 11.43, 76.775, 11.475]"
western_ghats_nilgiris_r4_c5,western_ghats_nilgiris,deforestation,"[76.775, 11.43, 76.82000000000001, 11.475]"
western_ghats_nilgiris_r5_c0,western_ghats_nilgiris,deforestation,"[76.55, 11.475, 76.595, 11.52]"
western_ghats_nilgiris_r5_c1,western_ghats_nilgiris,deforestation,"[76.595, 11.475, 76.64, 11.52]"
western_ghats_nilgiris_r5_c2,western_ghats_nilgiris,deforestation,"[76.64, 11.475, 76.685, 11.52]"
western_ghats_nilgiris_r5_c3,western_ghats_nilgiris,deforestation,"[76.685, 11.475, 76.73, 11.52]"
western_ghats_nilgiris_r5_c4,western_ghats_nilgiris,deforestation,"[76.73, 11.475, 76.775, 11.52]"
western_ghats_nilgiris_r5_c5,western_ghats_nilgiris,deforestation,"[76.775, 11.475, 76.82000000000001, 11.52]"
northeast_dima_hasao_r0_c0,northeast_dima_hasao,deforestation,"[92.95, 25.3, 92.995, 25.345000000000002]"
northeast_dima_hasao_r0_c1,northeast_dima_hasao,deforestation,"[92.995, 25.3, 93.04, 25.345000000000002]"
northeast_dima_hasao_r0_c2,northeast_dima_hasao,deforestation,"[93.04, 25.3, 93.08500000000001, 25.345000000000002]"
northeast_dima_hasao_r0_c3,northeast_dima_hasao,deforestation,"[93.08500000000001, 25.3, 93.13000000000001, 25.345000000000002]"
northeast_dima_hasao_r0_c4,northeast_dima_hasao,deforestation,"[93.13000000000001, 25.3, 93.17500000000001, 25.345000000000002]"
northeast_dima_hasao_r0_c5,northeast_dima_hasao,deforestation,"[93.17500000000001, 25.3, 93.22000000000001, 25.345000000000002]"
northeast_dima_hasao_r1_c0,northeast_dima_hasao,deforestation,"[92.95, 25.345000000000002, 92.995, 25.390000000000004]"
northeast_dima_hasao_r1_c1,northeast_dima_hasao,deforestation,"[92.995, 25.345000000000002, 93.04, 25.390000000000004]"
northeast_dima_hasao_r1_c2,northeast_dima_hasao,deforestation,"[93.04, 25.345000000000002, 93.08500000000001, 25.390000000000004]"
northeast_dima_hasao_r1_c3,northeast_dima_hasao,deforestation,"[93.08500000000001, 25.345000000000002, 93.13000000000001, 25.390000000000004]"
northeast_dima_hasao_r1_c4,northeast_dima_hasao,deforestation,"[93.13000000000001, 25.345000000000002, 93.17500000000001, 25.390000000000004]"
northeast_dima_hasao_r1_c5,northeast_dima_hasao,deforestation,"[93.17500000000001, 25.345000000000002, 93.22000000000001, 25.390000000000004]"
northeast_dima_hasao_r2_c0,northeast_dima_hasao,deforestation,"[92.95, 25.390000000000004, 92.995, 25.435000000000006]"
northeast_dima_hasao_r2_c1,northeast_dima_hasao,deforestation,"[92.995, 25.390000000000004, 93.04, 25.435000000000006]"
northeast_dima_hasao_r2_c2,northeast_dima_hasao,deforestation,"[93.04, 25.390000000000004, 93.08500000000001, 25.435000000000006]"
northeast_dima_hasao_r2_c3,northeast_dima_hasao,deforestation,"[93.08500000000001, 25.390000000000004, 93.13000000000001, 25.435000000000006]"
northeast_dima_hasao_r2_c4,northeast_dima_hasao,deforestation,"[93.13000000000001, 25.390000000000004, 93.17500000000001, 25.435000000000006]"
northeast_dima_hasao_r2_c5,northeast_dima_hasao,deforestation,"[93.17500000000001, 25.390000000000004, 93.22000000000001, 25.435000000000006]"
northeast_dima_hasao_r3_c0,northeast_dima_hasao,deforestation,"[92.95, 25.435000000000006, 92.995, 25.480000000000008]"
northeast_dima_hasao_r3_c1,northeast_dima_hasao,deforestation,"[92.995, 25.435000000000006, 93.04, 25.480000000000008]"
northeast_dima_hasao_r3_c2,northeast_dima_hasao,deforestation,"[93.04, 25.435000000000006, 93.08500000000001, 25.480000000000008]"
northeast_dima_hasao_r3_c3,northeast_dima_hasao,deforestation,"[93.08500000000001, 25.435000000000006, 93.13000000000001, 25.480000000000008]"
northeast_dima_hasao_r3_c4,northeast_dima_hasao,deforestation,"[93.13000000000001, 25.435000000000006, 93.17500000000001, 25.480000000000008]"
northeast_dima_hasao_r3_c5,northeast_dima_hasao,deforestation,"[93.17500000000001, 25.435000000000006, 93.22000000000001, 25.480000000000008]"
northeast_dima_hasao_r4_c0,northeast_dima_hasao,deforestation,"[92.95, 25.480000000000008, 92.995, 25.52500000000001]"
northeast_dima_hasao_r4_c1,northeast_dima_hasao,deforestation,"[92.995, 25.480000000000008, 93.04, 25.52500000000001]"
northeast_dima_hasao_r4_c2,northeast_dima_hasao,deforestation,"[93.04, 25.480000000000008, 93.08500000000001, 25.52500000000001]"
northeast_dima_hasao_r4_c3,northeast_dima_hasao,deforestation,"[93.08500000000001, 25.480000000000008, 93.13000000000001, 25.52500000000001]"
northeast_dima_hasao_r4_c4,northeast_dima_hasao,deforestation,"[93.13000000000001, 25.480000000000008, 93.17500000000001, 25.52500000000001]"
northeast_dima_hasao_r4_c5,northeast_dima_hasao,deforestation,"[93.17500000000001, 25.480000000000008, 93.22000000000001, 25.52500000000001]"
northeast_dima_hasao_r5_c0,northeast_dima_hasao,deforestation,"[92.95, 25.52500000000001, 92.995, 25.57000000000001]"
northeast_dima_hasao_r5_c1,northeast_dima_hasao,deforestation,"[92.995, 25.52500000000001, 93.04, 25.57000000000001]"
northeast_dima_hasao_r5_c2,northeast_dima_hasao,deforestation,"[93.04, 25.52500000000001, 93.08500000000001, 25.57000000000001]"
northeast_dima_hasao_r5_c3,northeast_dima_hasao,deforestation,"[93.08500000000001, 25.52500000000001, 93.13000000000001, 25.57000000000001]"
northeast_dima_hasao_r5_c4,northeast_dima_hasao,deforestation,"[93.13000000000001, 25.52500000000001, 93.17500000000001, 25.57000000000001]"
northeast_dima_hasao_r5_c5,northeast_dima_hasao,deforestation,"[93.17500000000001, 25.52500000000001, 93.22000000000001, 25.57000000000001]"
northeast_manipur_hills_r0_c0,northeast_manipur_hills,deforestation,"[93.8, 24.6, 93.845, 24.645000000000003]"
northeast_manipur_hills_r0_c1,northeast_manipur_hills,deforestation,"[93.845, 24.6, 93.89, 24.645000000000003]"
northeast_manipur_hills_r0_c2,northeast_manipur_hills,deforestation,"[93.89, 24.6, 93.935, 24.645000000000003]"
northeast_manipur_hills_r0_c3,northeast_manipur_hills,deforestation,"[93.935, 24.6, 93.98, 24.645000000000003]"
northeast_manipur_hills_r0_c4,northeast_manipur_hills,deforestation,"[93.98, 24.6, 94.025, 24.645000000000003]"
northeast_manipur_hills_r0_c5,northeast_manipur_hills,deforestation,"[94.025, 24.6, 94.07000000000001, 24.645000000000003]"
northeast_manipur_hills_r1_c0,northeast_manipur_hills,deforestation,"[93.8, 24.645000000000003, 93.845, 24.690000000000005]"
northeast_manipur_hills_r1_c1,northeast_manipur_hills,deforestation,"[93.845, 24.645000000000003, 93.89, 24.690000000000005]"
northeast_manipur_hills_r1_c2,northeast_manipur_hills,deforestation,"[93.89, 24.645000000000003, 93.935, 24.690000000000005]"
northeast_manipur_hills_r1_c3,northeast_manipur_hills,deforestation,"[93.935, 24.645000000000003, 93.98, 24.690000000000005]"
northeast_manipur_hills_r1_c4,northeast_manipur_hills,deforestation,"[93.98, 24.645000000000003, 94.025, 24.690000000000005]"
northeast_manipur_hills_r1_c5,northeast_manipur_hills,deforestation,"[94.025, 24.645000000000003, 94.07000000000001, 24.690000000000005]"
northeast_manipur_hills_r2_c0,northeast_manipur_hills,deforestation,"[93.8, 24.690000000000005, 93.845, 24.735000000000007]"
northeast_manipur_hills_r2_c1,northeast_manipur_hills,deforestation,"[93.845, 24.690000000000005, 93.89, 24.735000000000007]"
northeast_manipur_hills_r2_c2,northeast_manipur_hills,deforestation,"[93.89, 24.690000000000005, 93.935, 24.735000000000007]"
northeast_manipur_hills_r2_c3,northeast_manipur_hills,deforestation,"[93.935, 24.690000000000005, 93.98, 24.735000000000007]"
northeast_manipur_hills_r2_c4,northeast_manipur_hills,deforestation,"[93.98, 24.690000000000005, 94.025, 24.735000000000007]"
northeast_manipur_hills_r2_c5,northeast_manipur_hills,deforestation,"[94.025, 24.690000000000005, 94.07000000000001, 24.735000000000007]"
northeast_manipur_hills_r3_c0,northeast_manipur_hills,deforestation,"[93.8, 24.735000000000007, 93.845, 24.78000000000001]"
northeast_manipur_hills_r3_c1,northeast_manipur_hills,deforestation,"[93.845, 24.735000000000007, 93.89, 24.78000000000001]"
northeast_manipur_hills_r3_c2,northeast_manipur_hills,deforestation,"[93.89, 24.735000000000007, 93.935, 24.78000000000001]"
northeast_manipur_hills_r3_c3,northeast_manipur_hills,deforestation,"[93.935, 24.735000000000007, 93.98, 24.78000000000001]"
northeast_manipur_hills_r3_c4,northeast_manipur_hills,deforestation,"[93.98, 24.735000000000007, 94.025, 24.78000000000001]"
northeast_manipur_hills_r3_c5,northeast_manipur_hills,deforestation,"[94.025, 24.735000000000007, 94.07000000000001, 24.78000000000001]"
northeast_manipur_hills_r4_c0,northeast_manipur_hills,deforestation,"[93.8, 24.78000000000001, 93.845, 24.82500000000001]"
northeast_manipur_hills_r4_c1,northeast_manipur_hills,deforestation,"[93.845, 24.78000000000001, 93.89, 24.82500000000001]"
northeast_manipur_hills_r4_c2,northeast_manipur_hills,deforestation,"[93.89, 24.78000000000001, 93.935, 24.82500000000001]"
northeast_manipur_hills_r4_c3,northeast_manipur_hills,deforestation,"[93.935, 24.78000000000001, 93.98, 24.82500000000001]"
northeast_manipur_hills_r4_c4,northeast_manipur_hills,deforestation,"[93.98, 24.78000000000001, 94.025, 24.82500000000001]"
northeast_manipur_hills_r4_c5,northeast_manipur_hills,deforestation,"[94.025, 24.78000000000001, 94.07000000000001, 24.82500000000001]"
northeast_manipur_hills_r5_c0,northeast_manipur_hills,deforestation,"[93.8, 24.82500000000001, 93.845, 24.87000000000001]"
northeast_manipur_hills_r5_c1,northeast_manipur_hills,deforestation,"[93.845, 24.82500000000001, 93.89, 24.87000000000001]"
northeast_manipur_hills_r5_c2,northeast_manipur_hills,deforestation,"[93.89, 24.82500000000001, 93.935, 24.87000000000001]"
northeast_manipur_hills_r5_c3,northeast_manipur_hills,deforestation,"[93.935, 24.82500000000001, 93.98, 24.87000000000001]"
northeast_manipur_hills_r5_c4,northeast_manipur_hills,deforestation,"[93.98, 24.82500000000001, 94.025, 24.87000000000001]"
northeast_manipur_hills_r5_c5,northeast_manipur_hills,deforestation,"[94.025, 24.82500000000001, 94.07000000000001, 24.87000000000001]"
meghalaya_khasi_hills_r0_c0,meghalaya_khasi_hills,deforestation,"[91.65, 25.45, 91.69500000000001, 25.495]"
meghalaya_khasi_hills_r0_c1,meghalaya_khasi_hills,deforestation,"[91.69500000000001, 25.45, 91.74000000000001, 25.495]"
meghalaya_khasi_hills_r0_c2,meghalaya_khasi_hills,deforestation,"[91.74000000000001, 25.45, 91.78500000000001, 25.495]"
meghalaya_khasi_hills_r0_c3,meghalaya_khasi_hills,deforestation,"[91.78500000000001, 25.45, 91.83000000000001, 25.495]"
meghalaya_khasi_hills_r0_c4,meghalaya_khasi_hills,deforestation,"[91.83000000000001, 25.45, 91.87500000000001, 25.495]"
meghalaya_khasi_hills_r0_c5,meghalaya_khasi_hills,deforestation,"[91.87500000000001, 25.45, 91.92000000000002, 25.495]"
meghalaya_khasi_hills_r1_c0,meghalaya_khasi_hills,deforestation,"[91.65, 25.495, 91.69500000000001, 25.540000000000003]"
meghalaya_khasi_hills_r1_c1,meghalaya_khasi_hills,deforestation,"[91.69500000000001, 25.495, 91.74000000000001, 25.540000000000003]"
meghalaya_khasi_hills_r1_c2,meghalaya_khasi_hills,deforestation,"[91.74000000000001, 25.495, 91.78500000000001, 25.540000000000003]"
meghalaya_khasi_hills_r1_c3,meghalaya_khasi_hills,deforestation,"[91.78500000000001, 25.495, 91.83000000000001, 25.540000000000003]"
meghalaya_khasi_hills_r1_c4,meghalaya_khasi_hills,deforestation,"[91.83000000000001, 25.495, 91.87500000000001, 25.540000000000003]"
meghalaya_khasi_hills_r1_c5,meghalaya_khasi_hills,deforestation,"[91.87500000000001, 25.495, 91.92000000000002, 25.540000000000003]"
meghalaya_khasi_hills_r2_c0,meghalaya_khasi_hills,deforestation,"[91.65, 25.540000000000003, 91.69500000000001, 25.585000000000004]"
meghalaya_khasi_hills_r2_c1,meghalaya_khasi_hills,deforestation,"[91.69500000000001, 25.540000000000003, 91.74000000000001, 25.585000000000004]"
meghalaya_khasi_hills_r2_c2,meghalaya_khasi_hills,deforestation,"[91.74000000000001, 25.540000000000003, 91.78500000000001, 25.585000000000004]"
meghalaya_khasi_hills_r2_c3,meghalaya_khasi_hills,deforestation,"[91.78500000000001, 25.540000000000003, 91.83000000000001, 25.585000000000004]"
meghalaya_khasi_hills_r2_c4,meghalaya_khasi_hills,deforestation,"[91.83000000000001, 25.540000000000003, 91.87500000000001, 25.585000000000004]"
meghalaya_khasi_hills_r2_c5,meghalaya_khasi_hills,deforestation,"[91.87500000000001, 25.540000000000003, 91.92000000000002, 25.585000000000004]"
meghalaya_khasi_hills_r3_c0,meghalaya_khasi_hills,deforestation,"[91.65, 25.585000000000004, 91.69500000000001, 25.630000000000006]"
meghalaya_khasi_hills_r3_c1,meghalaya_khasi_hills,deforestation,"[91.69500000000001, 25.585000000000004, 91.74000000000001, 25.630000000000006]"
meghalaya_khasi_hills_r3_c2,meghalaya_khasi_hills,deforestation,"[91.74000000000001, 25.585000000000004, 91.78500000000001, 25.630000000000006]"
meghalaya_khasi_hills_r3_c3,meghalaya_khasi_hills,deforestation,"[91.78500000000001, 25.585000000000004, 91.83000000000001, 25.630000000000006]"
meghalaya_khasi_hills_r3_c4,meghalaya_khasi_hills,deforestation,"[91.83000000000001, 25.585000000000004, 91.87500000000001, 25.630000000000006]"
meghalaya_khasi_hills_r3_c5,meghalaya_khasi_hills,deforestation,"[91.87500000000001, 25.585000000000004, 91.92000000000002, 25.630000000000006]"
meghalaya_khasi_hills_r4_c0,meghalaya_khasi_hills,deforestation,"[91.65, 25.630000000000006, 91.69500000000001, 25.675000000000008]"
meghalaya_khasi_hills_r4_c1,meghalaya_khasi_hills,deforestation,"[91.69500000000001, 25.630000000000006, 91.74000000000001, 25.675000000000008]"
meghalaya_khasi_hills_r4_c2,meghalaya_khasi_hills,deforestation,"[91.74000000000001, 25.630000000000006, 91.78500000000001, 25.675000000000008]"
meghalaya_khasi_hills_r4_c3,meghalaya_khasi_hills,deforestation,"[91.78500000000001, 25.630000000000006, 91.83000000000001, 25.675000000000008]"
meghalaya_khasi_hills_r4_c4,meghalaya_khasi_hills,deforestation,"[91.83000000000001, 25.630000000000006, 91.87500000000001, 25.675000000000008]"
meghalaya_khasi_hills_r4_c5,meghalaya_khasi_hills,deforestation,"[91.87500000000001, 25.630000000000006, 91.92000000000002, 25.675000000000008]"
meghalaya_khasi_hills_r5_c0,meghalaya_khasi_hills,deforestation,"[91.65, 25.675000000000008, 91.69500000000001, 25.72000000000001]"
meghalaya_khasi_hills_r5_c1,meghalaya_khasi_hills,deforestation,"[91.69500000000001, 25.675000000000008, 91.74000000000001, 25.72000000000001]"
meghalaya_khasi_hills_r5_c2,meghalaya_khasi_hills,deforestation,"[91.74000000000001, 25.675000000000008, 91.78500000000001, 25.72000000000001]"
meghalaya_khasi_hills_r5_c3,meghalaya_khasi_hills,deforestation,"[91.78500000000001, 25.675000000000008, 91.83000000000001, 25.72000000000001]"
meghalaya_khasi_hills_r5_c4,meghalaya_khasi_hills,deforestation,"[91.83000000000001, 25.675000000000008, 91.87500000000001, 25.72000000000001]"
meghalaya_khasi_hills_r5_c5,meghalaya_khasi_hills,deforestation,"[91.87500000000001, 25.675000000000008, 91.92000000000002, 25.72000000000001]"
chhattisgarh_bastar_r0_c0,chhattisgarh_bastar,deforestation,"[81.85, 18.95, 81.895, 18.995]"
chhattisgarh_bastar_r0_c1,chhattisgarh_bastar,deforestation,"[81.895, 18.95, 81.94, 18.995]"
chhattisgarh_bastar_r0_c2,chhattisgarh_bastar,deforestation,"[81.94, 18.95, 81.985, 18.995]"
chhattisgarh_bastar_r0_c3,chhattisgarh_bastar,deforestation,"[81.985, 18.95, 82.03, 18.995]"
chhattisgarh_bastar_r0_c4,chhattisgarh_bastar,deforestation,"[82.03, 18.95, 82.075, 18.995]"
chhattisgarh_bastar_r0_c5,chhattisgarh_bastar,deforestation,"[82.075, 18.95, 82.12, 18.995]"
chhattisgarh_bastar_r1_c0,chhattisgarh_bastar,deforestation,"[81.85, 18.995, 81.895, 19.040000000000003]"
chhattisgarh_bastar_r1_c1,chhattisgarh_bastar,deforestation,"[81.895, 18.995, 81.94, 19.040000000000003]"
chhattisgarh_bastar_r1_c2,chhattisgarh_bastar,deforestation,"[81.94, 18.995, 81.985, 19.040000000000003]"
chhattisgarh_bastar_r1_c3,chhattisgarh_bastar,deforestation,"[81.985, 18.995, 82.03, 19.040000000000003]"
chhattisgarh_bastar_r1_c4,chhattisgarh_bastar,deforestation,"[82.03, 18.995, 82.075, 19.040000000000003]"
chhattisgarh_bastar_r1_c5,chhattisgarh_bastar,deforestation,"[82.075, 18.995, 82.12, 19.040000000000003]"
chhattisgarh_bastar_r2_c0,chhattisgarh_bastar,deforestation,"[81.85, 19.040000000000003, 81.895, 19.085000000000004]"
chhattisgarh_bastar_r2_c1,chhattisgarh_bastar,deforestation,"[81.895, 19.040000000000003, 81.94, 19.085000000000004]"
chhattisgarh_bastar_r2_c2,chhattisgarh_bastar,deforestation,"[81.94, 19.040000000000003, 81.985, 19.085000000000004]"
chhattisgarh_bastar_r2_c3,chhattisgarh_bastar,deforestation,"[81.985, 19.040000000000003, 82.03, 19.085000000000004]"
chhattisgarh_bastar_r2_c4,chhattisgarh_bastar,deforestation,"[82.03, 19.040000000000003, 82.075, 19.085000000000004]"
chhattisgarh_bastar_r2_c5,chhattisgarh_bastar,deforestation,"[82.075, 19.040000000000003, 82.12, 19.085000000000004]"
chhattisgarh_bastar_r3_c0,chhattisgarh_bastar,deforestation,"[81.85, 19.085000000000004, 81.895, 19.130000000000006]"
chhattisgarh_bastar_r3_c1,chhattisgarh_bastar,deforestation,"[81.895, 19.085000000000004, 81.94, 19.130000000000006]"
chhattisgarh_bastar_r3_c2,chhattisgarh_bastar,deforestation,"[81.94, 19.085000000000004, 81.985, 19.130000000000006]"
chhattisgarh_bastar_r3_c3,chhattisgarh_bastar,deforestation,"[81.985, 19.085000000000004, 82.03, 19.130000000000006]"
chhattisgarh_bastar_r3_c4,chhattisgarh_bastar,deforestation,"[82.03, 19.085000000000004, 82.075, 19.130000000000006]"
chhattisgarh_bastar_r3_c5,chhattisgarh_bastar,deforestation,"[82.075, 19.085000000000004, 82.12, 19.130000000000006]"
chhattisgarh_bastar_r4_c0,chhattisgarh_bastar,deforestation,"[81.85, 19.130000000000006, 81.895, 19.175000000000008]"
chhattisgarh_bastar_r4_c1,chhattisgarh_bastar,deforestation,"[81.895, 19.130000000000006, 81.94, 19.175000000000008]"
chhattisgarh_bastar_r4_c2,chhattisgarh_bastar,deforestation,"[81.94, 19.130000000000006, 81.985, 19.175000000000008]"
chhattisgarh_bastar_r4_c3,chhattisgarh_bastar,deforestation,"[81.985, 19.130000000000006, 82.03, 19.175000000000008]"
chhattisgarh_bastar_r4_c4,chhattisgarh_bastar,deforestation,"[82.03, 19.130000000000006, 82.075, 19.175000000000008]"
chhattisgarh_bastar_r4_c5,chhattisgarh_bastar,deforestation,"[82.075, 19.130000000000006, 82.12, 19.175000000000008]"
chhattisgarh_bastar_r5_c0,chhattisgarh_bastar,deforestation,"[81.85, 19.175000000000008, 81.895, 19.22000000000001]"
chhattisgarh_bastar_r5_c1,chhattisgarh_bastar,deforestation,"[81.895, 19.175000000000008, 81.94, 19.22000000000001]"
chhattisgarh_bastar_r5_c2,chhattisgarh_bastar,deforestation,"[81.94, 19.175000000000008, 81.985, 19.22000000000001]"
chhattisgarh_bastar_r5_c3,chhattisgarh_bastar,deforestation,"[81.985, 19.175000000000008, 82.03, 19.22000000000001]"
chhattisgarh_bastar_r5_c4,chhattisgarh_bastar,deforestation,"[82.03, 19.175000000000008, 82.075, 19.22000000000001]"
chhattisgarh_bastar_r5_c5,chhattisgarh_bastar,deforestation,"[82.075, 19.175000000000008, 82.12, 19.22000000000001]"
jharkhand_dhanbad_coal_r0_c0,jharkhand_dhanbad_coal,deforestation,"[86.25, 23.65, 86.295, 23.695]"
jharkhand_dhanbad_coal_r0_c1,jharkhand_dhanbad_coal,deforestation,"[86.295, 23.65, 86.34, 23.695]"
jharkhand_dhanbad_coal_r0_c2,jharkhand_dhanbad_coal,deforestation,"[86.34, 23.65, 86.385, 23.695]"
jharkhand_dhanbad_coal_r0_c3,jharkhand_dhanbad_coal,deforestation,"[86.385, 23.65, 86.43, 23.695]"
jharkhand_dhanbad_coal_r0_c4,jharkhand_dhanbad_coal,deforestation,"[86.43, 23.65, 86.47500000000001, 23.695]"
jharkhand_dhanbad_coal_r0_c5,jharkhand_dhanbad_coal,deforestation,"[86.47500000000001, 23.65, 86.52000000000001, 23.695]"
jharkhand_dhanbad_coal_r1_c0,jharkhand_dhanbad_coal,deforestation,"[86.25, 23.695, 86.295, 23.740000000000002]"
jharkhand_dhanbad_coal_r1_c1,jharkhand_dhanbad_coal,deforestation,"[86.295, 23.695, 86.34, 23.740000000000002]"
jharkhand_dhanbad_coal_r1_c2,jharkhand_dhanbad_coal,deforestation,"[86.34, 23.695, 86.385, 23.740000000000002]"
jharkhand_dhanbad_coal_r1_c3,jharkhand_dhanbad_coal,deforestation,"[86.385, 23.695, 86.43, 23.740000000000002]"
jharkhand_dhanbad_coal_r1_c4,jharkhand_dhanbad_coal,deforestation,"[86.43, 23.695, 86.47500000000001, 23.740000000000002]"
jharkhand_dhanbad_coal_r1_c5,jharkhand_dhanbad_coal,deforestation,"[86.47500000000001, 23.695, 86.52000000000001, 23.740000000000002]"
jharkhand_dhanbad_coal_r2_c0,jharkhand_dhanbad_coal,deforestation,"[86.25, 23.740000000000002, 86.295, 23.785000000000004]"
jharkhand_dhanbad_coal_r2_c1,jharkhand_dhanbad_coal,deforestation,"[86.295, 23.740000000000002, 86.34, 23.785000000000004]"
jharkhand_dhanbad_coal_r2_c2,jharkhand_dhanbad_coal,deforestation,"[86.34, 23.740000000000002, 86.385, 23.785000000000004]"
jharkhand_dhanbad_coal_r2_c3,jharkhand_dhanbad_coal,deforestation,"[86.385, 23.740000000000002, 86.43, 23.785000000000004]"
jharkhand_dhanbad_coal_r2_c4,jharkhand_dhanbad_coal,deforestation,"[86.43, 23.740000000000002, 86.47500000000001, 23.785000000000004]"
jharkhand_dhanbad_coal_r2_c5,jharkhand_dhanbad_coal,deforestation,"[86.47500000000001, 23.740000000000002, 86.52000000000001, 23.785000000000004]"
jharkhand_dhanbad_coal_r3_c0,jharkhand_dhanbad_coal,deforestation,"[86.25, 23.785000000000004, 86.295, 23.830000000000005]"
jharkhand_dhanbad_coal_r3_c1,jharkhand_dhanbad_coal,deforestation,"[86.295, 23.785000000000004, 86.34, 23.830000000000005]"
jharkhand_dhanbad_coal_r3_c2,jharkhand_dhanbad_coal,deforestation,"[86.34, 23.785000000000004, 86.385, 23.830000000000005]"
jharkhand_dhanbad_coal_r3_c3,jharkhand_dhanbad_coal,deforestation,"[86.385, 23.785000000000004, 86.43, 23.830000000000005]"
jharkhand_dhanbad_coal_r3_c4,jharkhand_dhanbad_coal,deforestation,"[86.43, 23.785000000000004, 86.47500000000001, 23.830000000000005]"
jharkhand_dhanbad_coal_r3_c5,jharkhand_dhanbad_coal,deforestation,"[86.47500000000001, 23.785000000000004, 86.52000000000001, 23.830000000000005]"
jharkhand_dhanbad_coal_r4_c0,jharkhand_dhanbad_coal,deforestation,"[86.25, 23.830000000000005, 86.295, 23.875000000000007]"
jharkhand_dhanbad_coal_r4_c1,jharkhand_dhanbad_coal,deforestation,"[86.295, 23.830000000000005, 86.34, 23.875000000000007]"
jharkhand_dhanbad_coal_r4_c2,jharkhand_dhanbad_coal,deforestation,"[86.34, 23.830000000000005, 86.385, 23.875000000000007]"
jharkhand_dhanbad_coal_r4_c3,jharkhand_dhanbad_coal,deforestation,"[86.385, 23.830000000000005, 86.43, 23.875000000000007]"
jharkhand_dhanbad_coal_r4_c4,jharkhand_dhanbad_coal,deforestation,"[86.43, 23.830000000000005, 86.47500000000001, 23.875000000000007]"
jharkhand_dhanbad_coal_r4_c5,jharkhand_dhanbad_coal,deforestation,"[86.47500000000001, 23.830000000000005, 86.52000000000001, 23.875000000000007]"
jharkhand_dhanbad_coal_r5_c0,jharkhand_dhanbad_coal,deforestation,"[86.25, 23.875000000000007, 86.295, 23.92000000000001]"
jharkhand_dhanbad_coal_r5_c1,jharkhand_dhanbad_coal,deforestation,"[86.295, 23.875000000000007, 86.34, 23.92000000000001]"
jharkhand_dhanbad_coal_r5_c2,jharkhand_dhanbad_coal,deforestation,"[86.34, 23.875000000000007, 86.385, 23.92000000000001]"
jharkhand_dhanbad_coal_r5_c3,jharkhand_dhanbad_coal,deforestation,"[86.385, 23.875000000000007, 86.43, 23.92000000000001]"
jharkhand_dhanbad_coal_r5_c4,jharkhand_dhanbad_coal,deforestation,"[86.43, 23.875000000000007, 86.47500000000001, 23.92000000000001]"
jharkhand_dhanbad_coal_r5_c5,jharkhand_dhanbad_coal,deforestation,"[86.47500000000001, 23.875000000000007, 86.52000000000001, 23.92000000000001]"
mp_kanha_buffer_r0_c0,mp_kanha_buffer,deforestation,"[80.5, 22.15, 80.545, 22.195]"
mp_kanha_buffer_r0_c1,mp_kanha_buffer,deforestation,"[80.545, 22.15, 80.59, 22.195]"
mp_kanha_buffer_r0_c2,mp_kanha_buffer,deforestation,"[80.59, 22.15, 80.635, 22.195]"
mp_kanha_buffer_r0_c3,mp_kanha_buffer,deforestation,"[80.635, 22.15, 80.68, 22.195]"
mp_kanha_buffer_r0_c4,mp_kanha_buffer,deforestation,"[80.68, 22.15, 80.72500000000001, 22.195]"
mp_kanha_buffer_r0_c5,mp_kanha_buffer,deforestation,"[80.72500000000001, 22.15, 80.77000000000001, 22.195]"
mp_kanha_buffer_r1_c0,mp_kanha_buffer,deforestation,"[80.5, 22.195, 80.545, 22.240000000000002]"
mp_kanha_buffer_r1_c1,mp_kanha_buffer,deforestation,"[80.545, 22.195, 80.59, 22.240000000000002]"
mp_kanha_buffer_r1_c2,mp_kanha_buffer,deforestation,"[80.59, 22.195, 80.635, 22.240000000000002]"
mp_kanha_buffer_r1_c3,mp_kanha_buffer,deforestation,"[80.635, 22.195, 80.68, 22.240000000000002]"
mp_kanha_buffer_r1_c4,mp_kanha_buffer,deforestation,"[80.68, 22.195, 80.72500000000001, 22.240000000000002]"
mp_kanha_buffer_r1_c5,mp_kanha_buffer,deforestation,"[80.72500000000001, 22.195, 80.77000000000001, 22.240000000000002]"
mp_kanha_buffer_r2_c0,mp_kanha_buffer,deforestation,"[80.5, 22.240000000000002, 80.545, 22.285000000000004]"
mp_kanha_buffer_r2_c1,mp_kanha_buffer,deforestation,"[80.545, 22.240000000000002, 80.59, 22.285000000000004]"
mp_kanha_buffer_r2_c2,mp_kanha_buffer,deforestation,"[80.59, 22.240000000000002, 80.635, 22.285000000000004]"
mp_kanha_buffer_r2_c3,mp_kanha_buffer,deforestation,"[80.635, 22.240000000000002, 80.68, 22.285000000000004]"
mp_kanha_buffer_r2_c4,mp_kanha_buffer,deforestation,"[80.68, 22.240000000000002, 80.72500000000001, 22.285000000000004]"
mp_kanha_buffer_r2_c5,mp_kanha_buffer,deforestation,"[80.72500000000001, 22.240000000000002, 80.77000000000001, 22.285000000000004]"
mp_kanha_buffer_r3_c0,mp_kanha_buffer,deforestation,"[80.5, 22.285000000000004, 80.545, 22.330000000000005]"
mp_kanha_buffer_r3_c1,mp_kanha_buffer,deforestation,"[80.545, 22.285000000000004, 80.59, 22.330000000000005]"
mp_kanha_buffer_r3_c2,mp_kanha_buffer,deforestation,"[80.59, 22.285000000000004, 80.635, 22.330000000000005]"
mp_kanha_buffer_r3_c3,mp_kanha_buffer,deforestation,"[80.635, 22.285000000000004, 80.68, 22.330000000000005]"
mp_kanha_buffer_r3_c4,mp_kanha_buffer,deforestation,"[80.68, 22.285000000000004, 80.72500000000001, 22.330000000000005]"
mp_kanha_buffer_r3_c5,mp_kanha_buffer,deforestation,"[80.72500000000001, 22.285000000000004, 80.77000000000001, 22.330000000000005]"
mp_kanha_buffer_r4_c0,mp_kanha_buffer,deforestation,"[80.5, 22.330000000000005, 80.545, 22.375000000000007]"
mp_kanha_buffer_r4_c1,mp_kanha_buffer,deforestation,"[80.545, 22.330000000000005, 80.59, 22.375000000000007]"
mp_kanha_buffer_r4_c2,mp_kanha_buffer,deforestation,"[80.59, 22.330000000000005, 80.635, 22.375000000000007]"
mp_kanha_buffer_r4_c3,mp_kanha_buffer,deforestation,"[80.635, 22.330000000000005, 80.68, 22.375000000000007]"
mp_kanha_buffer_r4_c4,mp_kanha_buffer,deforestation,"[80.68, 22.330000000000005, 80.72500000000001, 22.375000000000007]"
mp_kanha_buffer_r4_c5,mp_kanha_buffer,deforestation,"[80.72500000000001, 22.330000000000005, 80.77000000000001, 22.375000000000007]"
mp_kanha_buffer_r5_c0,mp_kanha_buffer,deforestation,"[80.5, 22.375000000000007, 80.545, 22.42000000000001]"
mp_kanha_buffer_r5_c1,mp_kanha_buffer,deforestation,"[80.545, 22.375000000000007, 80.59, 22.42000000000001]"
mp_kanha_buffer_r5_c2,mp_kanha_buffer,deforestation,"[80.59, 22.375000000000007, 80.635, 22.42000000000001]"
mp_kanha_buffer_r5_c3,mp_kanha_buffer,deforestation,"[80.635, 22.375000000000007, 80.68, 22.42000000000001]"
mp_kanha_buffer_r5_c4,mp_kanha_buffer,deforestation,"[80.68, 22.375000000000007, 80.72500000000001, 22.42000000000001]"
mp_kanha_buffer_r5_c5,mp_kanha_buffer,deforestation,"[80.72500000000001, 22.375000000000007, 80.77000000000001, 22.42000000000001]"
odisha_niyamgiri_r0_c0,odisha_niyamgiri,deforestation,"[83.25, 19.45, 83.295, 19.495]"
odisha_niyamgiri_r0_c1,odisha_niyamgiri,deforestation,"[83.295, 19.45, 83.34, 19.495]"
odisha_niyamgiri_r0_c2,odisha_niyamgiri,deforestation,"[83.34, 19.45, 83.385, 19.495]"
odisha_niyamgiri_r0_c3,odisha_niyamgiri,deforestation,"[83.385, 19.45, 83.43, 19.495]"
odisha_niyamgiri_r0_c4,odisha_niyamgiri,deforestation,"[83.43, 19.45, 83.47500000000001, 19.495]"
odisha_niyamgiri_r0_c5,odisha_niyamgiri,deforestation,"[83.47500000000001, 19.45, 83.52000000000001, 19.495]"
odisha_niyamgiri_r1_c0,odisha_niyamgiri,deforestation,"[83.25, 19.495, 83.295, 19.540000000000003]"
odisha_niyamgiri_r1_c1,odisha_niyamgiri,deforestation,"[83.295, 19.495, 83.34, 19.540000000000003]"
odisha_niyamgiri_r1_c2,odisha_niyamgiri,deforestation,"[83.34, 19.495, 83.385, 19.540000000000003]"
odisha_niyamgiri_r1_c3,odisha_niyamgiri,deforestation,"[83.385, 19.495, 83.43, 19.540000000000003]"
odisha_niyamgiri_r1_c4,odisha_niyamgiri,deforestation,"[83.43, 19.495, 83.47500000000001, 19.540000000000003]"
odisha_niyamgiri_r1_c5,odisha_niyamgiri,deforestation,"[83.47500000000001, 19.495, 83.52000000000001, 19.540000000000003]"
odisha_niyamgiri_r2_c0,odisha_niyamgiri,deforestation,"[83.25, 19.540000000000003, 83.295, 19.585000000000004]"
odisha_niyamgiri_r2_c1,odisha_niyamgiri,deforestation,"[83.295, 19.540000000000003, 83.34, 19.585000000000004]"
odisha_niyamgiri_r2_c2,odisha_niyamgiri,deforestation,"[83.34, 19.540000000000003, 83.385, 19.585000000000004]"
odisha_niyamgiri_r2_c3,odisha_niyamgiri,deforestation,"[83.385, 19.540000000000003, 83.43, 19.585000000000004]"
odisha_niyamgiri_r2_c4,odisha_niyamgiri,deforestation,"[83.43, 19.540000000000003, 83.47500000000001, 19.585000000000004]"
odisha_niyamgiri_r2_c5,odisha_niyamgiri,deforestation,"[83.47500000000001, 19.540000000000003, 83.52000000000001, 19.585000000000004]"
odisha_niyamgiri_r3_c0,odisha_niyamgiri,deforestation,"[83.25, 19.585000000000004, 83.295, 19.630000000000006]"
odisha_niyamgiri_r3_c1,odisha_niyamgiri,deforestation,"[83.295, 19.585000000000004, 83.34, 19.630000000000006]"
odisha_niyamgiri_r3_c2,odisha_niyamgiri,deforestation,"[83.34, 19.585000000000004, 83.385, 19.630000000000006]"
odisha_niyamgiri_r3_c3,odisha_niyamgiri,deforestation,"[83.385, 19.585000000000004, 83.43, 19.630000000000006]"
odisha_niyamgiri_r3_c4,odisha_niyamgiri,deforestation,"[83.43, 19.585000000000004, 83.47500000000001, 19.630000000000006]"
odisha_niyamgiri_r3_c5,odisha_niyamgiri,deforestation,"[83.47500000000001, 19.585000000000004, 83.52000000000001, 19.630000000000006]"
odisha_niyamgiri_r4_c0,odisha_niyamgiri,deforestation,"[83.25, 19.630000000000006, 83.295, 19.675000000000008]"
odisha_niyamgiri_r4_c1,odisha_niyamgiri,deforestation,"[83.295, 19.630000000000006, 83.34, 19.675000000000008]"
odisha_niyamgiri_r4_c2,odisha_niyamgiri,deforestation,"[83.34, 19.630000000000006, 83.385, 19.675000000000008]"
odisha_niyamgiri_r4_c3,odisha_niyamgiri,deforestation,"[83.385, 19.630000000000006, 83.43, 19.675000000000008]"
odisha_niyamgiri_r4_c4,odisha_niyamgiri,deforestation,"[83.43, 19.630000000000006, 83.47500000000001, 19.675000000000008]"
odisha_niyamgiri_r4_c5,odisha_niyamgiri,deforestation,"[83.47500000000001, 19.630000000000006, 83.52000000000001, 19.675000000000008]"
odisha_niyamgiri_r5_c0,odisha_niyamgiri,deforestation,"[83.25, 19.675000000000008, 83.295, 19.72000000000001]"
odisha_niyamgiri_r5_c1,odisha_niyamgiri,deforestation,"[83.295, 19.675000000000008, 83.34, 19.72000000000001]"
odisha_niyamgiri_r5_c2,odisha_niyamgiri,deforestation,"[83.34, 19.675000000000008, 83.385, 19.72000000000001]"
odisha_niyamgiri_r5_c3,odisha_niyamgiri,deforestation,"[83.385, 19.675000000000008, 83.43, 19.72000000000001]"
odisha_niyamgiri_r5_c4,odisha_niyamgiri,deforestation,"[83.43, 19.675000000000008, 83.47500000000001, 19.72000000000001]"
odisha_niyamgiri_r5_c5,odisha_niyamgiri,deforestation,"[83.47500000000001, 19.675000000000008, 83.52000000000001, 19.72000000000001]"
uttarakhand_terai_r0_c0,uttarakhand_terai,deforestation,"[79.3, 29.05, 79.345, 29.095000000000002]"
uttarakhand_terai_r0_c1,uttarakhand_terai,deforestation,"[79.345, 29.05, 79.39, 29.095000000000002]"
uttarakhand_terai_r0_c2,uttarakhand_terai,deforestation,"[79.39, 29.05, 79.435, 29.095000000000002]"
uttarakhand_terai_r0_c3,uttarakhand_terai,deforestation,"[79.435, 29.05, 79.48, 29.095000000000002]"
uttarakhand_terai_r0_c4,uttarakhand_terai,deforestation,"[79.48, 29.05, 79.525, 29.095000000000002]"
uttarakhand_terai_r0_c5,uttarakhand_terai,deforestation,"[79.525, 29.05, 79.57000000000001, 29.095000000000002]"
uttarakhand_terai_r1_c0,uttarakhand_terai,deforestation,"[79.3, 29.095000000000002, 79.345, 29.140000000000004]"
uttarakhand_terai_r1_c1,uttarakhand_terai,deforestation,"[79.345, 29.095000000000002, 79.39, 29.140000000000004]"
uttarakhand_terai_r1_c2,uttarakhand_terai,deforestation,"[79.39, 29.095000000000002, 79.435, 29.140000000000004]"
uttarakhand_terai_r1_c3,uttarakhand_terai,deforestation,"[79.435, 29.095000000000002, 79.48, 29.140000000000004]"
uttarakhand_terai_r1_c4,uttarakhand_terai,deforestation,"[79.48, 29.095000000000002, 79.525, 29.140000000000004]"
uttarakhand_terai_r1_c5,uttarakhand_terai,deforestation,"[79.525, 29.095000000000002, 79.57000000000001, 29.140000000000004]"
uttarakhand_terai_r2_c0,uttarakhand_terai,deforestation,"[79.3, 29.140000000000004, 79.345, 29.185000000000006]"
uttarakhand_terai_r2_c1,uttarakhand_terai,deforestation,"[79.345, 29.140000000000004, 79.39, 29.185000000000006]"
uttarakhand_terai_r2_c2,uttarakhand_terai,deforestation,"[79.39, 29.140000000000004, 79.435, 29.185000000000006]"
uttarakhand_terai_r2_c3,uttarakhand_terai,deforestation,"[79.435, 29.140000000000004, 79.48, 29.185000000000006]"
uttarakhand_terai_r2_c4,uttarakhand_terai,deforestation,"[79.48, 29.140000000000004, 79.525, 29.185000000000006]"
uttarakhand_terai_r2_c5,uttarakhand_terai,deforestation,"[79.525, 29.140000000000004, 79.57000000000001, 29.185000000000006]"
uttarakhand_terai_r3_c0,uttarakhand_terai,deforestation,"[79.3, 29.185000000000006, 79.345, 29.230000000000008]"
uttarakhand_terai_r3_c1,uttarakhand_terai,deforestation,"[79.345, 29.185000000000006, 79.39, 29.230000000000008]"
uttarakhand_terai_r3_c2,uttarakhand_terai,deforestation,"[79.39, 29.185000000000006, 79.435, 29.230000000000008]"
uttarakhand_terai_r3_c3,uttarakhand_terai,deforestation,"[79.435, 29.185000000000006, 79.48, 29.230000000000008]"
uttarakhand_terai_r3_c4,uttarakhand_terai,deforestation,"[79.48, 29.185000000000006, 79.525, 29.230000000000008]"
uttarakhand_terai_r3_c5,uttarakhand_terai,deforestation,"[79.525, 29.185000000000006, 79.57000000000001, 29.230000000000008]"
uttarakhand_terai_r4_c0,uttarakhand_terai,deforestation,"[79.3, 29.230000000000008, 79.345, 29.27500000000001]"
uttarakhand_terai_r4_c1,uttarakhand_terai,deforestation,"[79.345, 29.230000000000008, 79.39, 29.27500000000001]"
uttarakhand_terai_r4_c2,uttarakhand_terai,deforestation,"[79.39, 29.230000000000008, 79.435, 29.27500000000001]"
uttarakhand_terai_r4_c3,uttarakhand_terai,deforestation,"[79.435, 29.230000000000008, 79.48, 29.27500000000001]"
uttarakhand_terai_r4_c4,uttarakhand_terai,deforestation,"[79.48, 29.230000000000008, 79.525, 29.27500000000001]"
uttarakhand_terai_r4_c5,uttarakhand_terai,deforestation,"[79.525, 29.230000000000008, 79.57000000000001, 29.27500000000001]"
uttarakhand_terai_r5_c0,uttarakhand_terai,deforestation,"[79.3, 29.27500000000001, 79.345, 29.32000000000001]"
uttarakhand_terai_r5_c1,uttarakhand_terai,deforestation,"[79.345, 29.27500000000001, 79.39, 29.32000000000001]"
uttarakhand_terai_r5_c2,uttarakhand_terai,deforestation,"[79.39, 29.27500000000001, 79.435, 29.32000000000001]"
uttarakhand_terai_r5_c3,uttarakhand_terai,deforestation,"[79.435, 29.27500000000001, 79.48, 29.32000000000001]"
uttarakhand_terai_r5_c4,uttarakhand_terai,deforestation,"[79.48, 29.27500000000001, 79.525, 29.32000000000001]"
uttarakhand_terai_r5_c5,uttarakhand_terai,deforestation,"[79.525, 29.27500000000001, 79.57000000000001, 29.32000000000001]"
arunachal_forest_fringe_r0_c0,arunachal_forest_fringe,deforestation,"[94.05, 27.0, 94.095, 27.045]"
arunachal_forest_fringe_r0_c1,arunachal_forest_fringe,deforestation,"[94.095, 27.0, 94.14, 27.045]"
arunachal_forest_fringe_r0_c2,arunachal_forest_fringe,deforestation,"[94.14, 27.0, 94.185, 27.045]"
arunachal_forest_fringe_r0_c3,arunachal_forest_fringe,deforestation,"[94.185, 27.0, 94.23, 27.045]"
arunachal_forest_fringe_r0_c4,arunachal_forest_fringe,deforestation,"[94.23, 27.0, 94.275, 27.045]"
arunachal_forest_fringe_r0_c5,arunachal_forest_fringe,deforestation,"[94.275, 27.0, 94.32000000000001, 27.045]"
arunachal_forest_fringe_r1_c0,arunachal_forest_fringe,deforestation,"[94.05, 27.045, 94.095, 27.090000000000003]"
arunachal_forest_fringe_r1_c1,arunachal_forest_fringe,deforestation,"[94.095, 27.045, 94.14, 27.090000000000003]"
arunachal_forest_fringe_r1_c2,arunachal_forest_fringe,deforestation,"[94.14, 27.045, 94.185, 27.090000000000003]"
arunachal_forest_fringe_r1_c3,arunachal_forest_fringe,deforestation,"[94.185, 27.045, 94.23, 27.090000000000003]"
arunachal_forest_fringe_r1_c4,arunachal_forest_fringe,deforestation,"[94.23, 27.045, 94.275, 27.090000000000003]"
arunachal_forest_fringe_r1_c5,arunachal_forest_fringe,deforestation,"[94.275, 27.045, 94.32000000000001, 27.090000000000003]"
arunachal_forest_fringe_r2_c0,arunachal_forest_fringe,deforestation,"[94.05, 27.090000000000003, 94.095, 27.135000000000005]"
arunachal_forest_fringe_r2_c1,arunachal_forest_fringe,deforestation,"[94.095, 27.090000000000003, 94.14, 27.135000000000005]"
arunachal_forest_fringe_r2_c2,arunachal_forest_fringe,deforestation,"[94.14, 27.090000000000003, 94.185, 27.135000000000005]"
arunachal_forest_fringe_r2_c3,arunachal_forest_fringe,deforestation,"[94.185, 27.090000000000003, 94.23, 27.135000000000005]"
arunachal_forest_fringe_r2_c4,arunachal_forest_fringe,deforestation,"[94.23, 27.090000000000003, 94.275, 27.135000000000005]"
arunachal_forest_fringe_r2_c5,arunachal_forest_fringe,deforestation,"[94.275, 27.090000000000003, 94.32000000000001, 27.135000000000005]"
arunachal_forest_fringe_r3_c0,arunachal_forest_fringe,deforestation,"[94.05, 27.135000000000005, 94.095, 27.180000000000007]"
arunachal_forest_fringe_r3_c1,arunachal_forest_fringe,deforestation,"[94.095, 27.135000000000005, 94.14, 27.180000000000007]"
arunachal_forest_fringe_r3_c2,arunachal_forest_fringe,deforestation,"[94.14, 27.135000000000005, 94.185, 27.180000000000007]"
arunachal_forest_fringe_r3_c3,arunachal_forest_fringe,deforestation,"[94.185, 27.135000000000005, 94.23, 27.180000000000007]"
arunachal_forest_fringe_r3_c4,arunachal_forest_fringe,deforestation,"[94.23, 27.135000000000005, 94.275, 27.180000000000007]"
arunachal_forest_fringe_r3_c5,arunachal_forest_fringe,deforestation,"[94.275, 27.135000000000005, 94.32000000000001, 27.180000000000007]"
arunachal_forest_fringe_r4_c0,arunachal_forest_fringe,deforestation,"[94.05, 27.180000000000007, 94.095, 27.22500000000001]"
arunachal_forest_fringe_r4_c1,arunachal_forest_fringe,deforestation,"[94.095, 27.180000000000007, 94.14, 27.22500000000001]"
arunachal_forest_fringe_r4_c2,arunachal_forest_fringe,deforestation,"[94.14, 27.180000000000007, 94.185, 27.22500000000001]"
arunachal_forest_fringe_r4_c3,arunachal_forest_fringe,deforestation,"[94.185, 27.180000000000007, 94.23, 27.22500000000001]"
arunachal_forest_fringe_r4_c4,arunachal_forest_fringe,deforestation,"[94.23, 27.180000000000007, 94.275, 27.22500000000001]"
arunachal_forest_fringe_r4_c5,arunachal_forest_fringe,deforestation,"[94.275, 27.180000000000007, 94.32000000000001, 27.22500000000001]"
arunachal_forest_fringe_r5_c0,arunachal_forest_fringe,deforestation,"[94.05, 27.22500000000001, 94.095, 27.27000000000001]"
arunachal_forest_fringe_r5_c1,arunachal_forest_fringe,deforestation,"[94.095, 27.22500000000001, 94.14, 27.27000000000001]"
arunachal_forest_fringe_r5_c2,arunachal_forest_fringe,deforestation,"[94.14, 27.22500000000001, 94.185, 27.27000000000001]"
arunachal_forest_fringe_r5_c3,arunachal_forest_fringe,deforestation,"[94.185, 27.22500000000001, 94.23, 27.27000000000001]"
arunachal_forest_fringe_r5_c4,arunachal_forest_fringe,deforestation,"[94.23, 27.22500000000001, 94.275, 27.27000000000001]"
arunachal_forest_fringe_r5_c5,arunachal_forest_fringe,deforestation,"[94.275, 27.22500000000001, 94.32000000000001, 27.27000000000001]"
punjab_ludhiana_r0_c0,punjab_ludhiana,agriculture,"[75.7, 30.8, 75.745, 30.845000000000002]"
punjab_ludhiana_r0_c1,punjab_ludhiana,agriculture,"[75.745, 30.8, 75.79, 30.845000000000002]"
punjab_ludhiana_r0_c2,punjab_ludhiana,agriculture,"[75.79, 30.8, 75.83500000000001, 30.845000000000002]"
punjab_ludhiana_r0_c3,punjab_ludhiana,agriculture,"[75.83500000000001, 30.8, 75.88000000000001, 30.845000000000002]"
punjab_ludhiana_r0_c4,punjab_ludhiana,agriculture,"[75.88000000000001, 30.8, 75.92500000000001, 30.845000000000002]"
punjab_ludhiana_r0_c5,punjab_ludhiana,agriculture,"[75.92500000000001, 30.8, 75.97000000000001, 30.845000000000002]"
punjab_ludhiana_r1_c0,punjab_ludhiana,agriculture,"[75.7, 30.845000000000002, 75.745, 30.890000000000004]"
punjab_ludhiana_r1_c1,punjab_ludhiana,agriculture,"[75.745, 30.845000000000002, 75.79, 30.890000000000004]"
punjab_ludhiana_r1_c2,punjab_ludhiana,agriculture,"[75.79, 30.845000000000002, 75.83500000000001, 30.890000000000004]"
punjab_ludhiana_r1_c3,punjab_ludhiana,agriculture,"[75.83500000000001, 30.845000000000002, 75.88000000000001, 30.890000000000004]"
punjab_ludhiana_r1_c4,punjab_ludhiana,agriculture,"[75.88000000000001, 30.845000000000002, 75.92500000000001, 30.890000000000004]"
punjab_ludhiana_r1_c5,punjab_ludhiana,agriculture,"[75.92500000000001, 30.845000000000002, 75.97000000000001, 30.890000000000004]"
punjab_ludhiana_r2_c0,punjab_ludhiana,agriculture,"[75.7, 30.890000000000004, 75.745, 30.935000000000006]"
punjab_ludhiana_r2_c1,punjab_ludhiana,agriculture,"[75.745, 30.890000000000004, 75.79, 30.935000000000006]"
punjab_ludhiana_r2_c2,punjab_ludhiana,agriculture,"[75.79, 30.890000000000004, 75.83500000000001, 30.935000000000006]"
punjab_ludhiana_r2_c3,punjab_ludhiana,agriculture,"[75.83500000000001, 30.890000000000004, 75.88000000000001, 30.935000000000006]"
punjab_ludhiana_r2_c4,punjab_ludhiana,agriculture,"[75.88000000000001, 30.890000000000004, 75.92500000000001, 30.935000000000006]"
punjab_ludhiana_r2_c5,punjab_ludhiana,agriculture,"[75.92500000000001, 30.890000000000004, 75.97000000000001, 30.935000000000006]"
punjab_ludhiana_r3_c0,punjab_ludhiana,agriculture,"[75.7, 30.935000000000006, 75.745, 30.980000000000008]"
punjab_ludhiana_r3_c1,punjab_ludhiana,agriculture,"[75.745, 30.935000000000006, 75.79, 30.980000000000008]"
punjab_ludhiana_r3_c2,punjab_ludhiana,agriculture,"[75.79, 30.935000000000006, 75.83500000000001, 30.980000000000008]"
punjab_ludhiana_r3_c3,punjab_ludhiana,agriculture,"[75.83500000000001, 30.935000000000006, 75.88000000000001, 30.980000000000008]"
punjab_ludhiana_r3_c4,punjab_ludhiana,agriculture,"[75.88000000000001, 30.935000000000006, 75.92500000000001, 30.980000000000008]"
punjab_ludhiana_r3_c5,punjab_ludhiana,agriculture,"[75.92500000000001, 30.935000000000006, 75.97000000000001, 30.980000000000008]"
punjab_ludhiana_r4_c0,punjab_ludhiana,agriculture,"[75.7, 30.980000000000008, 75.745, 31.02500000000001]"
punjab_ludhiana_r4_c1,punjab_ludhiana,agriculture,"[75.745, 30.980000000000008, 75.79, 31.02500000000001]"
punjab_ludhiana_r4_c2,punjab_ludhiana,agriculture,"[75.79, 30.980000000000008, 75.83500000000001, 31.02500000000001]"
punjab_ludhiana_r4_c3,punjab_ludhiana,agriculture,"[75.83500000000001, 30.980000000000008, 75.88000000000001, 31.02500000000001]"
punjab_ludhiana_r4_c4,punjab_ludhiana,agriculture,"[75.88000000000001, 30.980000000000008, 75.92500000000001, 31.02500000000001]"
punjab_ludhiana_r4_c5,punjab_ludhiana,agriculture,"[75.92500000000001, 30.980000000000008, 75.97000000000001, 31.02500000000001]"
punjab_ludhiana_r5_c0,punjab_ludhiana,agriculture,"[75.7, 31.02500000000001, 75.745, 31.07000000000001]"
punjab_ludhiana_r5_c1,punjab_ludhiana,agriculture,"[75.745, 31.02500000000001, 75.79, 31.07000000000001]"
punjab_ludhiana_r5_c2,punjab_ludhiana,agriculture,"[75.79, 31.02500000000001, 75.83500000000001, 31.07000000000001]"
punjab_ludhiana_r5_c3,punjab_ludhiana,agriculture,"[75.83500000000001, 31.02500000000001, 75.88000000000001, 31.07000000000001]"
punjab_ludhiana_r5_c4,punjab_ludhiana,agriculture,"[75.88000000000001, 31.02500000000001, 75.92500000000001, 31.07000000000001]"
punjab_ludhiana_r5_c5,punjab_ludhiana,agriculture,"[75.92500000000001, 31.02500000000001, 75.97000000000001, 31.07000000000001]"
haryana_karnal_r0_c0,haryana_karnal,agriculture,"[76.85, 29.55, 76.895, 29.595000000000002]"
haryana_karnal_r0_c1,haryana_karnal,agriculture,"[76.895, 29.55, 76.94, 29.595000000000002]"
haryana_karnal_r0_c2,haryana_karnal,agriculture,"[76.94, 29.55, 76.985, 29.595000000000002]"
haryana_karnal_r0_c3,haryana_karnal,agriculture,"[76.985, 29.55, 77.03, 29.595000000000002]"
haryana_karnal_r0_c4,haryana_karnal,agriculture,"[77.03, 29.55, 77.075, 29.595000000000002]"
haryana_karnal_r0_c5,haryana_karnal,agriculture,"[77.075, 29.55, 77.12, 29.595000000000002]"
haryana_karnal_r1_c0,haryana_karnal,agriculture,"[76.85, 29.595000000000002, 76.895, 29.640000000000004]"
haryana_karnal_r1_c1,haryana_karnal,agriculture,"[76.895, 29.595000000000002, 76.94, 29.640000000000004]"
haryana_karnal_r1_c2,haryana_karnal,agriculture,"[76.94, 29.595000000000002, 76.985, 29.640000000000004]"
haryana_karnal_r1_c3,haryana_karnal,agriculture,"[76.985, 29.595000000000002, 77.03, 29.640000000000004]"
haryana_karnal_r1_c4,haryana_karnal,agriculture,"[77.03, 29.595000000000002, 77.075, 29.640000000000004]"
haryana_karnal_r1_c5,haryana_karnal,agriculture,"[77.075, 29.595000000000002, 77.12, 29.640000000000004]"
haryana_karnal_r2_c0,haryana_karnal,agriculture,"[76.85, 29.640000000000004, 76.895, 29.685000000000006]"
haryana_karnal_r2_c1,haryana_karnal,agriculture,"[76.895, 29.640000000000004, 76.94, 29.685000000000006]"
haryana_karnal_r2_c2,haryana_karnal,agriculture,"[76.94, 29.640000000000004, 76.985, 29.685000000000006]"
haryana_karnal_r2_c3,haryana_karnal,agriculture,"[76.985, 29.640000000000004, 77.03, 29.685000000000006]"
haryana_karnal_r2_c4,haryana_karnal,agriculture,"[77.03, 29.640000000000004, 77.075, 29.685000000000006]"
haryana_karnal_r2_c5,haryana_karnal,agriculture,"[77.075, 29.640000000000004, 77.12, 29.685000000000006]"
haryana_karnal_r3_c0,haryana_karnal,agriculture,"[76.85, 29.685000000000006, 76.895, 29.730000000000008]"
haryana_karnal_r3_c1,haryana_karnal,agriculture,"[76.895, 29.685000000000006, 76.94, 29.730000000000008]"
haryana_karnal_r3_c2,haryana_karnal,agriculture,"[76.94, 29.685000000000006, 76.985, 29.730000000000008]"
haryana_karnal_r3_c3,haryana_karnal,agriculture,"[76.985, 29.685000000000006, 77.03, 29.730000000000008]"
haryana_karnal_r3_c4,haryana_karnal,agriculture,"[77.03, 29.685000000000006, 77.075, 29.730000000000008]"
haryana_karnal_r3_c5,haryana_karnal,agriculture,"[77.075, 29.685000000000006, 77.12, 29.730000000000008]"
haryana_karnal_r4_c0,haryana_karnal,agriculture,"[76.85, 29.730000000000008, 76.895, 29.77500000000001]"
haryana_karnal_r4_c1,haryana_karnal,agriculture,"[76.895, 29.730000000000008, 76.94, 29.77500000000001]"
haryana_karnal_r4_c2,haryana_karnal,agriculture,"[76.94, 29.730000000000008, 76.985, 29.77500000000001]"
haryana_karnal_r4_c3,haryana_karnal,agriculture,"[76.985, 29.730000000000008, 77.03, 29.77500000000001]"
haryana_karnal_r4_c4,haryana_karnal,agriculture,"[77.03, 29.730000000000008, 77.075, 29.77500000000001]"
haryana_karnal_r4_c5,haryana_karnal,agriculture,"[77.075, 29.730000000000008, 77.12, 29.77500000000001]"
haryana_karnal_r5_c0,haryana_karnal,agriculture,"[76.85, 29.77500000000001, 76.895, 29.82000000000001]"
haryana_karnal_r5_c1,haryana_karnal,agriculture,"[76.895, 29.77500000000001, 76.94, 29.82000000000001]"
haryana_karnal_r5_c2,haryana_karnal,agriculture,"[76.94, 29.77500000000001, 76.985, 29.82000000000001]"
haryana_karnal_r5_c3,haryana_karnal,agriculture,"[76.985, 29.77500000000001, 77.03, 29.82000000000001]"
haryana_karnal_r5_c4,haryana_karnal,agriculture,"[77.03, 29.77500000000001, 77.075, 29.82000000000001]"
haryana_karnal_r5_c5,haryana_karnal,agriculture,"[77.075, 29.77500000000001, 77.12, 29.82000000000001]"
up_meerut_plain_r0_c0,up_meerut_plain,agriculture,"[77.55, 28.85, 77.595, 28.895000000000003]"
up_meerut_plain_r0_c1,up_meerut_plain,agriculture,"[77.595, 28.85, 77.64, 28.895000000000003]"
up_meerut_plain_r0_c2,up_meerut_plain,agriculture,"[77.64, 28.85, 77.685, 28.895000000000003]"
up_meerut_plain_r0_c3,up_meerut_plain,agriculture,"[77.685, 28.85, 77.73, 28.895000000000003]"
up_meerut_plain_r0_c4,up_meerut_plain,agriculture,"[77.73, 28.85, 77.775, 28.895000000000003]"
up_meerut_plain_r0_c5,up_meerut_plain,agriculture,"[77.775, 28.85, 77.82000000000001, 28.895000000000003]"
up_meerut_plain_r1_c0,up_meerut_plain,agriculture,"[77.55, 28.895000000000003, 77.595, 28.940000000000005]"
up_meerut_plain_r1_c1,up_meerut_plain,agriculture,"[77.595, 28.895000000000003, 77.64, 28.940000000000005]"
up_meerut_plain_r1_c2,up_meerut_plain,agriculture,"[77.64, 28.895000000000003, 77.685, 28.940000000000005]"
up_meerut_plain_r1_c3,up_meerut_plain,agriculture,"[77.685, 28.895000000000003, 77.73, 28.940000000000005]"
up_meerut_plain_r1_c4,up_meerut_plain,agriculture,"[77.73, 28.895000000000003, 77.775, 28.940000000000005]"
up_meerut_plain_r1_c5,up_meerut_plain,agriculture,"[77.775, 28.895000000000003, 77.82000000000001, 28.940000000000005]"
up_meerut_plain_r2_c0,up_meerut_plain,agriculture,"[77.55, 28.940000000000005, 77.595, 28.985000000000007]"
up_meerut_plain_r2_c1,up_meerut_plain,agriculture,"[77.595, 28.940000000000005, 77.64, 28.985000000000007]"
up_meerut_plain_r2_c2,up_meerut_plain,agriculture,"[77.64, 28.940000000000005, 77.685, 28.985000000000007]"
up_meerut_plain_r2_c3,up_meerut_plain,agriculture,"[77.685, 28.940000000000005, 77.73, 28.985000000000007]"
up_meerut_plain_r2_c4,up_meerut_plain,agriculture,"[77.73, 28.940000000000005, 77.775, 28.985000000000007]"
up_meerut_plain_r2_c5,up_meerut_plain,agriculture,"[77.775, 28.940000000000005, 77.82000000000001, 28.985000000000007]"
up_meerut_plain_r3_c0,up_meerut_plain,agriculture,"[77.55, 28.985000000000007, 77.595, 29.03000000000001]"
up_meerut_plain_r3_c1,up_meerut_plain,agriculture,"[77.595, 28.985000000000007, 77.64, 29.03000000000001]"
up_meerut_plain_r3_c2,up_meerut_plain,agriculture,"[77.64, 28.985000000000007, 77.685, 29.03000000000001]"
up_meerut_plain_r3_c3,up_meerut_plain,agriculture,"[77.685, 28.985000000000007, 77.73, 29.03000000000001]"
up_meerut_plain_r3_c4,up_meerut_plain,agriculture,"[77.73, 28.985000000000007, 77.775, 29.03000000000001]"
up_meerut_plain_r3_c5,up_meerut_plain,agriculture,"[77.775, 28.985000000000007, 77.82000000000001, 29.03000000000001]"
up_meerut_plain_r4_c0,up_meerut_plain,agriculture,"[77.55, 29.03000000000001, 77.595, 29.07500000000001]"
up_meerut_plain_r4_c1,up_meerut_plain,agriculture,"[77.595, 29.03000000000001, 77.64, 29.07500000000001]"
up_meerut_plain_r4_c2,up_meerut_plain,agriculture,"[77.64, 29.03000000000001, 77.685, 29.07500000000001]"
up_meerut_plain_r4_c3,up_meerut_plain,agriculture,"[77.685, 29.03000000000001, 77.73, 29.07500000000001]"
up_meerut_plain_r4_c4,up_meerut_plain,agriculture,"[77.73, 29.03000000000001, 77.775, 29.07500000000001]"
up_meerut_plain_r4_c5,up_meerut_plain,agriculture,"[77.775, 29.03000000000001, 77.82000000000001, 29.07500000000001]"
up_meerut_plain_r5_c0,up_meerut_plain,agriculture,"[77.55, 29.07500000000001, 77.595, 29.12000000000001]"
up_meerut_plain_r5_c1,up_meerut_plain,agriculture,"[77.595, 29.07500000000001, 77.64, 29.12000000000001]"
up_meerut_plain_r5_c2,up_meerut_plain,agriculture,"[77.64, 29.07500000000001, 77.685, 29.12000000000001]"
up_meerut_plain_r5_c3,up_meerut_plain,agriculture,"[77.685, 29.07500000000001, 77.73, 29.12000000000001]"
up_meerut_plain_r5_c4,up_meerut_plain,agriculture,"[77.73, 29.07500000000001, 77.775, 29.12000000000001]"
up_meerut_plain_r5_c5,up_meerut_plain,agriculture,"[77.775, 29.07500000000001, 77.82000000000001, 29.12000000000001]"
maharashtra_vidarbha_yavatmal_r0_c0,maharashtra_vidarbha_yavatmal,agriculture,"[78.05, 20.25, 78.095, 20.295]"
maharashtra_vidarbha_yavatmal_r0_c1,maharashtra_vidarbha_yavatmal,agriculture,"[78.095, 20.25, 78.14, 20.295]"
maharashtra_vidarbha_yavatmal_r0_c2,maharashtra_vidarbha_yavatmal,agriculture,"[78.14, 20.25, 78.185, 20.295]"
maharashtra_vidarbha_yavatmal_r0_c3,maharashtra_vidarbha_yavatmal,agriculture,"[78.185, 20.25, 78.23, 20.295]"
maharashtra_vidarbha_yavatmal_r0_c4,maharashtra_vidarbha_yavatmal,agriculture,"[78.23, 20.25, 78.275, 20.295]"
maharashtra_vidarbha_yavatmal_r0_c5,maharashtra_vidarbha_yavatmal,agriculture,"[78.275, 20.25, 78.32000000000001, 20.295]"
maharashtra_vidarbha_yavatmal_r1_c0,maharashtra_vidarbha_yavatmal,agriculture,"[78.05, 20.295, 78.095, 20.340000000000003]"
maharashtra_vidarbha_yavatmal_r1_c1,maharashtra_vidarbha_yavatmal,agriculture,"[78.095, 20.295, 78.14, 20.340000000000003]"
maharashtra_vidarbha_yavatmal_r1_c2,maharashtra_vidarbha_yavatmal,agriculture,"[78.14, 20.295, 78.185, 20.340000000000003]"
maharashtra_vidarbha_yavatmal_r1_c3,maharashtra_vidarbha_yavatmal,agriculture,"[78.185, 20.295, 78.23, 20.340000000000003]"
maharashtra_vidarbha_yavatmal_r1_c4,maharashtra_vidarbha_yavatmal,agriculture,"[78.23, 20.295, 78.275, 20.340000000000003]"
maharashtra_vidarbha_yavatmal_r1_c5,maharashtra_vidarbha_yavatmal,agriculture,"[78.275, 20.295, 78.32000000000001, 20.340000000000003]"
maharashtra_vidarbha_yavatmal_r2_c0,maharashtra_vidarbha_yavatmal,agriculture,"[78.05, 20.340000000000003, 78.095, 20.385000000000005]"
maharashtra_vidarbha_yavatmal_r2_c1,maharashtra_vidarbha_yavatmal,agriculture,"[78.095, 20.340000000000003, 78.14, 20.385000000000005]"
maharashtra_vidarbha_yavatmal_r2_c2,maharashtra_vidarbha_yavatmal,agriculture,"[78.14, 20.340000000000003, 78.185, 20.385000000000005]"
maharashtra_vidarbha_yavatmal_r2_c3,maharashtra_vidarbha_yavatmal,agriculture,"[78.185, 20.340000000000003, 78.23, 20.385000000000005]"
maharashtra_vidarbha_yavatmal_r2_c4,maharashtra_vidarbha_yavatmal,agriculture,"[78.23, 20.340000000000003, 78.275, 20.385000000000005]"
maharashtra_vidarbha_yavatmal_r2_c5,maharashtra_vidarbha_yavatmal,agriculture,"[78.275, 20.340000000000003, 78.32000000000001, 20.385000000000005]"
maharashtra_vidarbha_yavatmal_r3_c0,maharashtra_vidarbha_yavatmal,agriculture,"[78.05, 20.385000000000005, 78.095, 20.430000000000007]"
maharashtra_vidarbha_yavatmal_r3_c1,maharashtra_vidarbha_yavatmal,agriculture,"[78.095, 20.385000000000005, 78.14, 20.430000000000007]"
maharashtra_vidarbha_yavatmal_r3_c2,maharashtra_vidarbha_yavatmal,agriculture,"[78.14, 20.385000000000005, 78.185, 20.430000000000007]"
maharashtra_vidarbha_yavatmal_r3_c3,maharashtra_vidarbha_yavatmal,agriculture,"[78.185, 20.385000000000005, 78.23, 20.430000000000007]"
maharashtra_vidarbha_yavatmal_r3_c4,maharashtra_vidarbha_yavatmal,agriculture,"[78.23, 20.385000000000005, 78.275, 20.430000000000007]"
maharashtra_vidarbha_yavatmal_r3_c5,maharashtra_vidarbha_yavatmal,agriculture,"[78.275, 20.385000000000005, 78.32000000000001, 20.430000000000007]"
maharashtra_vidarbha_yavatmal_r4_c0,maharashtra_vidarbha_yavatmal,agriculture,"[78.05, 20.430000000000007, 78.095, 20.47500000000001]"
maharashtra_vidarbha_yavatmal_r4_c1,maharashtra_vidarbha_yavatmal,agriculture,"[78.095, 20.430000000000007, 78.14, 20.47500000000001]"
maharashtra_vidarbha_yavatmal_r4_c2,maharashtra_vidarbha_yavatmal,agriculture,"[78.14, 20.430000000000007, 78.185, 20.47500000000001]"
maharashtra_vidarbha_yavatmal_r4_c3,maharashtra_vidarbha_yavatmal,agriculture,"[78.185, 20.430000000000007, 78.23, 20.47500000000001]"
maharashtra_vidarbha_yavatmal_r4_c4,maharashtra_vidarbha_yavatmal,agriculture,"[78.23, 20.430000000000007, 78.275, 20.47500000000001]"
maharashtra_vidarbha_yavatmal_r4_c5,maharashtra_vidarbha_yavatmal,agriculture,"[78.275, 20.430000000000007, 78.32000000000001, 20.47500000000001]"
maharashtra_vidarbha_yavatmal_r5_c0,maharashtra_vidarbha_yavatmal,agriculture,"[78.05, 20.47500000000001, 78.095, 20.52000000000001]"
maharashtra_vidarbha_yavatmal_r5_c1,maharashtra_vidarbha_yavatmal,agriculture,"[78.095, 20.47500000000001, 78.14, 20.52000000000001]"
maharashtra_vidarbha_yavatmal_r5_c2,maharashtra_vidarbha_yavatmal,agriculture,"[78.14, 20.47500000000001, 78.185, 20.52000000000001]"
maharashtra_vidarbha_yavatmal_r5_c3,maharashtra_vidarbha_yavatmal,agriculture,"[78.185, 20.47500000000001, 78.23, 20.52000000000001]"
maharashtra_vidarbha_yavatmal_r5_c4,maharashtra_vidarbha_yavatmal,agriculture,"[78.23, 20.47500000000001, 78.275, 20.52000000000001]"
maharashtra_vidarbha_yavatmal_r5_c5,maharashtra_vidarbha_yavatmal,agriculture,"[78.275, 20.47500000000001, 78.32000000000001, 20.52000000000001]"
ap_krishna_godavari_delta_r0_c0,ap_krishna_godavari_delta,agriculture,"[81.25, 16.25, 81.295, 16.295]"
ap_krishna_godavari_delta_r0_c1,ap_krishna_godavari_delta,agriculture,"[81.295, 16.25, 81.34, 16.295]"
ap_krishna_godavari_delta_r0_c2,ap_krishna_godavari_delta,agriculture,"[81.34, 16.25, 81.385, 16.295]"
ap_krishna_godavari_delta_r0_c3,ap_krishna_godavari_delta,agriculture,"[81.385, 16.25, 81.43, 16.295]"
ap_krishna_godavari_delta_r0_c4,ap_krishna_godavari_delta,agriculture,"[81.43, 16.25, 81.47500000000001, 16.295]"
ap_krishna_godavari_delta_r0_c5,ap_krishna_godavari_delta,agriculture,"[81.47500000000001, 16.25, 81.52000000000001, 16.295]"
ap_krishna_godavari_delta_r1_c0,ap_krishna_godavari_delta,agriculture,"[81.25, 16.295, 81.295, 16.340000000000003]"
ap_krishna_godavari_delta_r1_c1,ap_krishna_godavari_delta,agriculture,"[81.295, 16.295, 81.34, 16.340000000000003]"
ap_krishna_godavari_delta_r1_c2,ap_krishna_godavari_delta,agriculture,"[81.34, 16.295, 81.385, 16.340000000000003]"
ap_krishna_godavari_delta_r1_c3,ap_krishna_godavari_delta,agriculture,"[81.385, 16.295, 81.43, 16.340000000000003]"
ap_krishna_godavari_delta_r1_c4,ap_krishna_godavari_delta,agriculture,"[81.43, 16.295, 81.47500000000001, 16.340000000000003]"
ap_krishna_godavari_delta_r1_c5,ap_krishna_godavari_delta,agriculture,"[81.47500000000001, 16.295, 81.52000000000001, 16.340000000000003]"
ap_krishna_godavari_delta_r2_c0,ap_krishna_godavari_delta,agriculture,"[81.25, 16.340000000000003, 81.295, 16.385000000000005]"
ap_krishna_godavari_delta_r2_c1,ap_krishna_godavari_delta,agriculture,"[81.295, 16.340000000000003, 81.34, 16.385000000000005]"
ap_krishna_godavari_delta_r2_c2,ap_krishna_godavari_delta,agriculture,"[81.34, 16.340000000000003, 81.385, 16.385000000000005]"
ap_krishna_godavari_delta_r2_c3,ap_krishna_godavari_delta,agriculture,"[81.385, 16.340000000000003, 81.43, 16.385000000000005]"
ap_krishna_godavari_delta_r2_c4,ap_krishna_godavari_delta,agriculture,"[81.43, 16.340000000000003, 81.47500000000001, 16.385000000000005]"
ap_krishna_godavari_delta_r2_c5,ap_krishna_godavari_delta,agriculture,"[81.47500000000001, 16.340000000000003, 81.52000000000001, 16.385000000000005]"
ap_krishna_godavari_delta_r3_c0,ap_krishna_godavari_delta,agriculture,"[81.25, 16.385000000000005, 81.295, 16.430000000000007]"
ap_krishna_godavari_delta_r3_c1,ap_krishna_godavari_delta,agriculture,"[81.295, 16.385000000000005, 81.34, 16.430000000000007]"
ap_krishna_godavari_delta_r3_c2,ap_krishna_godavari_delta,agriculture,"[81.34, 16.385000000000005, 81.385, 16.430000000000007]"
ap_krishna_godavari_delta_r3_c3,ap_krishna_godavari_delta,agriculture,"[81.385, 16.385000000000005, 81.43, 16.430000000000007]"
ap_krishna_godavari_delta_r3_c4,ap_krishna_godavari_delta,agriculture,"[81.43, 16.385000000000005, 81.47500000000001, 16.430000000000007]"
ap_krishna_godavari_delta_r3_c5,ap_krishna_godavari_delta,agriculture,"[81.47500000000001, 16.385000000000005, 81.52000000000001, 16.430000000000007]"
ap_krishna_godavari_delta_r4_c0,ap_krishna_godavari_delta,agriculture,"[81.25, 16.430000000000007, 81.295, 16.47500000000001]"
ap_krishna_godavari_delta_r4_c1,ap_krishna_godavari_delta,agriculture,"[81.295, 16.430000000000007, 81.34, 16.47500000000001]"
ap_krishna_godavari_delta_r4_c2,ap_krishna_godavari_delta,agriculture,"[81.34, 16.430000000000007, 81.385, 16.47500000000001]"
ap_krishna_godavari_delta_r4_c3,ap_krishna_godavari_delta,agriculture,"[81.385, 16.430000000000007, 81.43, 16.47500000000001]"
ap_krishna_godavari_delta_r4_c4,ap_krishna_godavari_delta,agriculture,"[81.43, 16.430000000000007, 81.47500000000001, 16.47500000000001]"
ap_krishna_godavari_delta_r4_c5,ap_krishna_godavari_delta,agriculture,"[81.47500000000001, 16.430000000000007, 81.52000000000001, 16.47500000000001]"
ap_krishna_godavari_delta_r5_c0,ap_krishna_godavari_delta,agriculture,"[81.25, 16.47500000000001, 81.295, 16.52000000000001]"
ap_krishna_godavari_delta_r5_c1,ap_krishna_godavari_delta,agriculture,"[81.295, 16.47500000000001, 81.34, 16.52000000000001]"
ap_krishna_godavari_delta_r5_c2,ap_krishna_godavari_delta,agriculture,"[81.34, 16.47500000000001, 81.385, 16.52000000000001]"
ap_krishna_godavari_delta_r5_c3,ap_krishna_godavari_delta,agriculture,"[81.385, 16.47500000000001, 81.43, 16.52000000000001]"
ap_krishna_godavari_delta_r5_c4,ap_krishna_godavari_delta,agriculture,"[81.43, 16.47500000000001, 81.47500000000001, 16.52000000000001]"
ap_krishna_godavari_delta_r5_c5,ap_krishna_godavari_delta,agriculture,"[81.47500000000001, 16.47500000000001, 81.52000000000001, 16.52000000000001]"
tn_thanjavur_delta_r0_c0,tn_thanjavur_delta,agriculture,"[79.05, 10.65, 79.095, 10.695]"
tn_thanjavur_delta_r0_c1,tn_thanjavur_delta,agriculture,"[79.095, 10.65, 79.14, 10.695]"
tn_thanjavur_delta_r0_c2,tn_thanjavur_delta,agriculture,"[79.14, 10.65, 79.185, 10.695]"
tn_thanjavur_delta_r0_c3,tn_thanjavur_delta,agriculture,"[79.185, 10.65, 79.23, 10.695]"
tn_thanjavur_delta_r0_c4,tn_thanjavur_delta,agriculture,"[79.23, 10.65, 79.275, 10.695]"
tn_thanjavur_delta_r0_c5,tn_thanjavur_delta,agriculture,"[79.275, 10.65, 79.32000000000001, 10.695]"
tn_thanjavur_delta_r1_c0,tn_thanjavur_delta,agriculture,"[79.05, 10.695, 79.095, 10.74]"
tn_thanjavur_delta_r1_c1,tn_thanjavur_delta,agriculture,"[79.095, 10.695, 79.14, 10.74]"
tn_thanjavur_delta_r1_c2,tn_thanjavur_delta,agriculture,"[79.14, 10.695, 79.185, 10.74]"
tn_thanjavur_delta_r1_c3,tn_thanjavur_delta,agriculture,"[79.185, 10.695, 79.23, 10.74]"
tn_thanjavur_delta_r1_c4,tn_thanjavur_delta,agriculture,"[79.23, 10.695, 79.275, 10.74]"
tn_thanjavur_delta_r1_c5,tn_thanjavur_delta,agriculture,"[79.275, 10.695, 79.32000000000001, 10.74]"
tn_thanjavur_delta_r2_c0,tn_thanjavur_delta,agriculture,"[79.05, 10.74, 79.095, 10.785]"
tn_thanjavur_delta_r2_c1,tn_thanjavur_delta,agriculture,"[79.095, 10.74, 79.14, 10.785]"
tn_thanjavur_delta_r2_c2,tn_thanjavur_delta,agriculture,"[79.14, 10.74, 79.185, 10.785]"
tn_thanjavur_delta_r2_c3,tn_thanjavur_delta,agriculture,"[79.185, 10.74, 79.23, 10.785]"
tn_thanjavur_delta_r2_c4,tn_thanjavur_delta,agriculture,"[79.23, 10.74, 79.275, 10.785]"
tn_thanjavur_delta_r2_c5,tn_thanjavur_delta,agriculture,"[79.275, 10.74, 79.32000000000001, 10.785]"
tn_thanjavur_delta_r3_c0,tn_thanjavur_delta,agriculture,"[79.05, 10.785, 79.095, 10.83]"
tn_thanjavur_delta_r3_c1,tn_thanjavur_delta,agriculture,"[79.095, 10.785, 79.14, 10.83]"
tn_thanjavur_delta_r3_c2,tn_thanjavur_delta,agriculture,"[79.14, 10.785, 79.185, 10.83]"
tn_thanjavur_delta_r3_c3,tn_thanjavur_delta,agriculture,"[79.185, 10.785, 79.23, 10.83]"
tn_thanjavur_delta_r3_c4,tn_thanjavur_delta,agriculture,"[79.23, 10.785, 79.275, 10.83]"
tn_thanjavur_delta_r3_c5,tn_thanjavur_delta,agriculture,"[79.275, 10.785, 79.32000000000001, 10.83]"
tn_thanjavur_delta_r4_c0,tn_thanjavur_delta,agriculture,"[79.05, 10.83, 79.095, 10.875]"
tn_thanjavur_delta_r4_c1,tn_thanjavur_delta,agriculture,"[79.095, 10.83, 79.14, 10.875]"
tn_thanjavur_delta_r4_c2,tn_thanjavur_delta,agriculture,"[79.14, 10.83, 79.185, 10.875]"
tn_thanjavur_delta_r4_c3,tn_thanjavur_delta,agriculture,"[79.185, 10.83, 79.23, 10.875]"
tn_thanjavur_delta_r4_c4,tn_thanjavur_delta,agriculture,"[79.23, 10.83, 79.275, 10.875]"
tn_thanjavur_delta_r4_c5,tn_thanjavur_delta,agriculture,"[79.275, 10.83, 79.32000000000001, 10.875]"
tn_thanjavur_delta_r5_c0,tn_thanjavur_delta,agriculture,"[79.05, 10.875, 79.095, 10.92]"
tn_thanjavur_delta_r5_c1,tn_thanjavur_delta,agriculture,"[79.095, 10.875, 79.14, 10.92]"
tn_thanjavur_delta_r5_c2,tn_thanjavur_delta,agriculture,"[79.14, 10.875, 79.185, 10.92]"
tn_thanjavur_delta_r5_c3,tn_thanjavur_delta,agriculture,"[79.185, 10.875, 79.23, 10.92]"
tn_thanjavur_delta_r5_c4,tn_thanjavur_delta,agriculture,"[79.23, 10.875, 79.275, 10.92]"
tn_thanjavur_delta_r5_c5,tn_thanjavur_delta,agriculture,"[79.275, 10.875, 79.32000000000001, 10.92]"
karnataka_tungabhadra_r0_c0,karnataka_tungabhadra,agriculture,"[76.25, 15.25, 76.295, 15.295]"
karnataka_tungabhadra_r0_c1,karnataka_tungabhadra,agriculture,"[76.295, 15.25, 76.34, 15.295]"
karnataka_tungabhadra_r0_c2,karnataka_tungabhadra,agriculture,"[76.34, 15.25, 76.385, 15.295]"
karnataka_tungabhadra_r0_c3,karnataka_tungabhadra,agriculture,"[76.385, 15.25, 76.43, 15.295]"
karnataka_tungabhadra_r0_c4,karnataka_tungabhadra,agriculture,"[76.43, 15.25, 76.47500000000001, 15.295]"
karnataka_tungabhadra_r0_c5,karnataka_tungabhadra,agriculture,"[76.47500000000001, 15.25, 76.52000000000001, 15.295]"
karnataka_tungabhadra_r1_c0,karnataka_tungabhadra,agriculture,"[76.25, 15.295, 76.295, 15.34]"
karnataka_tungabhadra_r1_c1,karnataka_tungabhadra,agriculture,"[76.295, 15.295, 76.34, 15.34]"
karnataka_tungabhadra_r1_c2,karnataka_tungabhadra,agriculture,"[76.34, 15.295, 76.385, 15.34]"
karnataka_tungabhadra_r1_c3,karnataka_tungabhadra,agriculture,"[76.385, 15.295, 76.43, 15.34]"
karnataka_tungabhadra_r1_c4,karnataka_tungabhadra,agriculture,"[76.43, 15.295, 76.47500000000001, 15.34]"
karnataka_tungabhadra_r1_c5,karnataka_tungabhadra,agriculture,"[76.47500000000001, 15.295, 76.52000000000001, 15.34]"
karnataka_tungabhadra_r2_c0,karnataka_tungabhadra,agriculture,"[76.25, 15.34, 76.295, 15.385]"
karnataka_tungabhadra_r2_c1,karnataka_tungabhadra,agriculture,"[76.295, 15.34, 76.34, 15.385]"
karnataka_tungabhadra_r2_c2,karnataka_tungabhadra,agriculture,"[76.34, 15.34, 76.385, 15.385]"
karnataka_tungabhadra_r2_c3,karnataka_tungabhadra,agriculture,"[76.385, 15.34, 76.43, 15.385]"
karnataka_tungabhadra_r2_c4,karnataka_tungabhadra,agriculture,"[76.43, 15.34, 76.47500000000001, 15.385]"
karnataka_tungabhadra_r2_c5,karnataka_tungabhadra,agriculture,"[76.47500000000001, 15.34, 76.52000000000001, 15.385]"
karnataka_tungabhadra_r3_c0,karnataka_tungabhadra,agriculture,"[76.25, 15.385, 76.295, 15.43]"
karnataka_tungabhadra_r3_c1,karnataka_tungabhadra,agriculture,"[76.295, 15.385, 76.34, 15.43]"
karnataka_tungabhadra_r3_c2,karnataka_tungabhadra,agriculture,"[76.34, 15.385, 76.385, 15.43]"
karnataka_tungabhadra_r3_c3,karnataka_tungabhadra,agriculture,"[76.385, 15.385, 76.43, 15.43]"
karnataka_tungabhadra_r3_c4,karnataka_tungabhadra,agriculture,"[76.43, 15.385, 76.47500000000001, 15.43]"
karnataka_tungabhadra_r3_c5,karnataka_tungabhadra,agriculture,"[76.47500000000001, 15.385, 76.52000000000001, 15.43]"
karnataka_tungabhadra_r4_c0,karnataka_tungabhadra,agriculture,"[76.25, 15.43, 76.295, 15.475]"
karnataka_tungabhadra_r4_c1,karnataka_tungabhadra,agriculture,"[76.295, 15.43, 76.34, 15.475]"
karnataka_tungabhadra_r4_c2,karnataka_tungabhadra,agriculture,"[76.34, 15.43, 76.385, 15.475]"
karnataka_tungabhadra_r4_c3,karnataka_tungabhadra,agriculture,"[76.385, 15.43, 76.43, 15.475]"
karnataka_tungabhadra_r4_c4,karnataka_tungabhadra,agriculture,"[76.43, 15.43, 76.47500000000001, 15.475]"
karnataka_tungabhadra_r4_c5,karnataka_tungabhadra,agriculture,"[76.47500000000001, 15.43, 76.52000000000001, 15.475]"
karnataka_tungabhadra_r5_c0,karnataka_tungabhadra,agriculture,"[76.25, 15.475, 76.295, 15.52]"
karnataka_tungabhadra_r5_c1,karnataka_tungabhadra,agriculture,"[76.295, 15.475, 76.34, 15.52]"
karnataka_tungabhadra_r5_c2,karnataka_tungabhadra,agriculture,"[76.34, 15.475, 76.385, 15.52]"
karnataka_tungabhadra_r5_c3,karnataka_tungabhadra,agriculture,"[76.385, 15.475, 76.43, 15.52]"
karnataka_tungabhadra_r5_c4,karnataka_tungabhadra,agriculture,"[76.43, 15.475, 76.47500000000001, 15.52]"
karnataka_tungabhadra_r5_c5,karnataka_tungabhadra,agriculture,"[76.47500000000001, 15.475, 76.52000000000001, 15.52]"
gujarat_saurashtra_r0_c0,gujarat_saurashtra,agriculture,"[70.75, 21.55, 70.795, 21.595000000000002]"
gujarat_saurashtra_r0_c1,gujarat_saurashtra,agriculture,"[70.795, 21.55, 70.84, 21.595000000000002]"
gujarat_saurashtra_r0_c2,gujarat_saurashtra,agriculture,"[70.84, 21.55, 70.885, 21.595000000000002]"
gujarat_saurashtra_r0_c3,gujarat_saurashtra,agriculture,"[70.885, 21.55, 70.93, 21.595000000000002]"
gujarat_saurashtra_r0_c4,gujarat_saurashtra,agriculture,"[70.93, 21.55, 70.97500000000001, 21.595000000000002]"
gujarat_saurashtra_r0_c5,gujarat_saurashtra,agriculture,"[70.97500000000001, 21.55, 71.02000000000001, 21.595000000000002]"
gujarat_saurashtra_r1_c0,gujarat_saurashtra,agriculture,"[70.75, 21.595000000000002, 70.795, 21.640000000000004]"
gujarat_saurashtra_r1_c1,gujarat_saurashtra,agriculture,"[70.795, 21.595000000000002, 70.84, 21.640000000000004]"
gujarat_saurashtra_r1_c2,gujarat_saurashtra,agriculture,"[70.84, 21.595000000000002, 70.885, 21.640000000000004]"
gujarat_saurashtra_r1_c3,gujarat_saurashtra,agriculture,"[70.885, 21.595000000000002, 70.93, 21.640000000000004]"
gujarat_saurashtra_r1_c4,gujarat_saurashtra,agriculture,"[70.93, 21.595000000000002, 70.97500000000001, 21.640000000000004]"
gujarat_saurashtra_r1_c5,gujarat_saurashtra,agriculture,"[70.97500000000001, 21.595000000000002, 71.02000000000001, 21.640000000000004]"
gujarat_saurashtra_r2_c0,gujarat_saurashtra,agriculture,"[70.75, 21.640000000000004, 70.795, 21.685000000000006]"
gujarat_saurashtra_r2_c1,gujarat_saurashtra,agriculture,"[70.795, 21.640000000000004, 70.84, 21.685000000000006]"
gujarat_saurashtra_r2_c2,gujarat_saurashtra,agriculture,"[70.84, 21.640000000000004, 70.885, 21.685000000000006]"
gujarat_saurashtra_r2_c3,gujarat_saurashtra,agriculture,"[70.885, 21.640000000000004, 70.93, 21.685000000000006]"
gujarat_saurashtra_r2_c4,gujarat_saurashtra,agriculture,"[70.93, 21.640000000000004, 70.97500000000001, 21.685000000000006]"
gujarat_saurashtra_r2_c5,gujarat_saurashtra,agriculture,"[70.97500000000001, 21.640000000000004, 71.02000000000001, 21.685000000000006]"
gujarat_saurashtra_r3_c0,gujarat_saurashtra,agriculture,"[70.75, 21.685000000000006, 70.795, 21.730000000000008]"
gujarat_saurashtra_r3_c1,gujarat_saurashtra,agriculture,"[70.795, 21.685000000000006, 70.84, 21.730000000000008]"
gujarat_saurashtra_r3_c2,gujarat_saurashtra,agriculture,"[70.84, 21.685000000000006, 70.885, 21.730000000000008]"
gujarat_saurashtra_r3_c3,gujarat_saurashtra,agriculture,"[70.885, 21.685000000000006, 70.93, 21.730000000000008]"
gujarat_saurashtra_r3_c4,gujarat_saurashtra,agriculture,"[70.93, 21.685000000000006, 70.97500000000001, 21.730000000000008]"
gujarat_saurashtra_r3_c5,gujarat_saurashtra,agriculture,"[70.97500000000001, 21.685000000000006, 71.02000000000001, 21.730000000000008]"
gujarat_saurashtra_r4_c0,gujarat_saurashtra,agriculture,"[70.75, 21.730000000000008, 70.795, 21.77500000000001]"
gujarat_saurashtra_r4_c1,gujarat_saurashtra,agriculture,"[70.795, 21.730000000000008, 70.84, 21.77500000000001]"
gujarat_saurashtra_r4_c2,gujarat_saurashtra,agriculture,"[70.84, 21.730000000000008, 70.885, 21.77500000000001]"
gujarat_saurashtra_r4_c3,gujarat_saurashtra,agriculture,"[70.885, 21.730000000000008, 70.93, 21.77500000000001]"
gujarat_saurashtra_r4_c4,gujarat_saurashtra,agriculture,"[70.93, 21.730000000000008, 70.97500000000001, 21.77500000000001]"
gujarat_saurashtra_r4_c5,gujarat_saurashtra,agriculture,"[70.97500000000001, 21.730000000000008, 71.02000000000001, 21.77500000000001]"
gujarat_saurashtra_r5_c0,gujarat_saurashtra,agriculture,"[70.75, 21.77500000000001, 70.795, 21.82000000000001]"
gujarat_saurashtra_r5_c1,gujarat_saurashtra,agriculture,"[70.795, 21.77500000000001, 70.84, 21.82000000000001]"
gujarat_saurashtra_r5_c2,gujarat_saurashtra,agriculture,"[70.84, 21.77500000000001, 70.885, 21.82000000000001]"
gujarat_saurashtra_r5_c3,gujarat_saurashtra,agriculture,"[70.885, 21.77500000000001, 70.93, 21.82000000000001]"
gujarat_saurashtra_r5_c4,gujarat_saurashtra,agriculture,"[70.93, 21.77500000000001, 70.97500000000001, 21.82000000000001]"
gujarat_saurashtra_r5_c5,gujarat_saurashtra,agriculture,"[70.97500000000001, 21.77500000000001, 71.02000000000001, 21.82000000000001]"
rajasthan_sriganganagar_canal_r0_c0,rajasthan_sriganganagar_canal,agriculture,"[73.8, 29.8, 73.845, 29.845000000000002]"
rajasthan_sriganganagar_canal_r0_c1,rajasthan_sriganganagar_canal,agriculture,"[73.845, 29.8, 73.89, 29.845000000000002]"
rajasthan_sriganganagar_canal_r0_c2,rajasthan_sriganganagar_canal,agriculture,"[73.89, 29.8, 73.935, 29.845000000000002]"
rajasthan_sriganganagar_canal_r0_c3,rajasthan_sriganganagar_canal,agriculture,"[73.935, 29.8, 73.98, 29.845000000000002]"
rajasthan_sriganganagar_canal_r0_c4,rajasthan_sriganganagar_canal,agriculture,"[73.98, 29.8, 74.025, 29.845000000000002]"
rajasthan_sriganganagar_canal_r0_c5,rajasthan_sriganganagar_canal,agriculture,"[74.025, 29.8, 74.07000000000001, 29.845000000000002]"
rajasthan_sriganganagar_canal_r1_c0,rajasthan_sriganganagar_canal,agriculture,"[73.8, 29.845000000000002, 73.845, 29.890000000000004]"
rajasthan_sriganganagar_canal_r1_c1,rajasthan_sriganganagar_canal,agriculture,"[73.845, 29.845000000000002, 73.89, 29.890000000000004]"
rajasthan_sriganganagar_canal_r1_c2,rajasthan_sriganganagar_canal,agriculture,"[73.89, 29.845000000000002, 73.935, 29.890000000000004]"
rajasthan_sriganganagar_canal_r1_c3,rajasthan_sriganganagar_canal,agriculture,"[73.935, 29.845000000000002, 73.98, 29.890000000000004]"
rajasthan_sriganganagar_canal_r1_c4,rajasthan_sriganganagar_canal,agriculture,"[73.98, 29.845000000000002, 74.025, 29.890000000000004]"
rajasthan_sriganganagar_canal_r1_c5,rajasthan_sriganganagar_canal,agriculture,"[74.025, 29.845000000000002, 74.07000000000001, 29.890000000000004]"
rajasthan_sriganganagar_canal_r2_c0,rajasthan_sriganganagar_canal,agriculture,"[73.8, 29.890000000000004, 73.845, 29.935000000000006]"
rajasthan_sriganganagar_canal_r2_c1,rajasthan_sriganganagar_canal,agriculture,"[73.845, 29.890000000000004, 73.89, 29.935000000000006]"
rajasthan_sriganganagar_canal_r2_c2,rajasthan_sriganganagar_canal,agriculture,"[73.89, 29.890000000000004, 73.935, 29.935000000000006]"
rajasthan_sriganganagar_canal_r2_c3,rajasthan_sriganganagar_canal,agriculture,"[73.935, 29.890000000000004, 73.98, 29.935000000000006]"
rajasthan_sriganganagar_canal_r2_c4,rajasthan_sriganganagar_canal,agriculture,"[73.98, 29.890000000000004, 74.025, 29.935000000000006]"
rajasthan_sriganganagar_canal_r2_c5,rajasthan_sriganganagar_canal,agriculture,"[74.025, 29.890000000000004, 74.07000000000001, 29.935000000000006]"
rajasthan_sriganganagar_canal_r3_c0,rajasthan_sriganganagar_canal,agriculture,"[73.8, 29.935000000000006, 73.845, 29.980000000000008]"
rajasthan_sriganganagar_canal_r3_c1,rajasthan_sriganganagar_canal,agriculture,"[73.845, 29.935000000000006, 73.89, 29.980000000000008]"
rajasthan_sriganganagar_canal_r3_c2,rajasthan_sriganganagar_canal,agriculture,"[73.89, 29.935000000000006, 73.935, 29.980000000000008]"
rajasthan_sriganganagar_canal_r3_c3,rajasthan_sriganganagar_canal,agriculture,"[73.935, 29.935000000000006, 73.98, 29.980000000000008]"
rajasthan_sriganganagar_canal_r3_c4,rajasthan_sriganganagar_canal,agriculture,"[73.98, 29.935000000000006, 74.025, 29.980000000000008]"
rajasthan_sriganganagar_canal_r3_c5,rajasthan_sriganganagar_canal,agriculture,"[74.025, 29.935000000000006, 74.07000000000001, 29.980000000000008]"
rajasthan_sriganganagar_canal_r4_c0,rajasthan_sriganganagar_canal,agriculture,"[73.8, 29.980000000000008, 73.845, 30.02500000000001]"
rajasthan_sriganganagar_canal_r4_c1,rajasthan_sriganganagar_canal,agriculture,"[73.845, 29.980000000000008, 73.89, 30.02500000000001]"
rajasthan_sriganganagar_canal_r4_c2,rajasthan_sriganganagar_canal,agriculture,"[73.89, 29.980000000000008, 73.935, 30.02500000000001]"
rajasthan_sriganganagar_canal_r4_c3,rajasthan_sriganganagar_canal,agriculture,"[73.935, 29.980000000000008, 73.98, 30.02500000000001]"
rajasthan_sriganganagar_canal_r4_c4,rajasthan_sriganganagar_canal,agriculture,"[73.98, 29.980000000000008, 74.025, 30.02500000000001]"
rajasthan_sriganganagar_canal_r4_c5,rajasthan_sriganganagar_canal,agriculture,"[74.025, 29.980000000000008, 74.07000000000001, 30.02500000000001]"
rajasthan_sriganganagar_canal_r5_c0,rajasthan_sriganganagar_canal,agriculture,"[73.8, 30.02500000000001, 73.845, 30.07000000000001]"
rajasthan_sriganganagar_canal_r5_c1,rajasthan_sriganganagar_canal,agriculture,"[73.845, 30.02500000000001, 73.89, 30.07000000000001]"
rajasthan_sriganganagar_canal_r5_c2,rajasthan_sriganganagar_canal,agriculture,"[73.89, 30.02500000000001, 73.935, 30.07000000000001]"
rajasthan_sriganganagar_canal_r5_c3,rajasthan_sriganganagar_canal,agriculture,"[73.935, 30.02500000000001, 73.98, 30.07000000000001]"
rajasthan_sriganganagar_canal_r5_c4,rajasthan_sriganganagar_canal,agriculture,"[73.98, 30.02500000000001, 74.025, 30.07000000000001]"
rajasthan_sriganganagar_canal_r5_c5,rajasthan_sriganganagar_canal,agriculture,"[74.025, 30.02500000000001, 74.07000000000001, 30.07000000000001]"
bihar_patna_plain_r0_c0,bihar_patna_plain,agriculture,"[85.0, 25.5, 85.045, 25.545]"
bihar_patna_plain_r0_c1,bihar_patna_plain,agriculture,"[85.045, 25.5, 85.09, 25.545]"
bihar_patna_plain_r0_c2,bihar_patna_plain,agriculture,"[85.09, 25.5, 85.135, 25.545]"
bihar_patna_plain_r0_c3,bihar_patna_plain,agriculture,"[85.135, 25.5, 85.18, 25.545]"
bihar_patna_plain_r0_c4,bihar_patna_plain,agriculture,"[85.18, 25.5, 85.22500000000001, 25.545]"
bihar_patna_plain_r0_c5,bihar_patna_plain,agriculture,"[85.22500000000001, 25.5, 85.27000000000001, 25.545]"
bihar_patna_plain_r1_c0,bihar_patna_plain,agriculture,"[85.0, 25.545, 85.045, 25.590000000000003]"
bihar_patna_plain_r1_c1,bihar_patna_plain,agriculture,"[85.045, 25.545, 85.09, 25.590000000000003]"
bihar_patna_plain_r1_c2,bihar_patna_plain,agriculture,"[85.09, 25.545, 85.135, 25.590000000000003]"
bihar_patna_plain_r1_c3,bihar_patna_plain,agriculture,"[85.135, 25.545, 85.18, 25.590000000000003]"
bihar_patna_plain_r1_c4,bihar_patna_plain,agriculture,"[85.18, 25.545, 85.22500000000001, 25.590000000000003]"
bihar_patna_plain_r1_c5,bihar_patna_plain,agriculture,"[85.22500000000001, 25.545, 85.27000000000001, 25.590000000000003]"
bihar_patna_plain_r2_c0,bihar_patna_plain,agriculture,"[85.0, 25.590000000000003, 85.045, 25.635000000000005]"
bihar_patna_plain_r2_c1,bihar_patna_plain,agriculture,"[85.045, 25.590000000000003, 85.09, 25.635000000000005]"
bihar_patna_plain_r2_c2,bihar_patna_plain,agriculture,"[85.09, 25.590000000000003, 85.135, 25.635000000000005]"
bihar_patna_plain_r2_c3,bihar_patna_plain,agriculture,"[85.135, 25.590000000000003, 85.18, 25.635000000000005]"
bihar_patna_plain_r2_c4,bihar_patna_plain,agriculture,"[85.18, 25.590000000000003, 85.22500000000001, 25.635000000000005]"
bihar_patna_plain_r2_c5,bihar_patna_plain,agriculture,"[85.22500000000001, 25.590000000000003, 85.27000000000001, 25.635000000000005]"
bihar_patna_plain_r3_c0,bihar_patna_plain,agriculture,"[85.0, 25.635000000000005, 85.045, 25.680000000000007]"
bihar_patna_plain_r3_c1,bihar_patna_plain,agriculture,"[85.045, 25.635000000000005, 85.09, 25.680000000000007]"
bihar_patna_plain_r3_c2,bihar_patna_plain,agriculture,"[85.09, 25.635000000000005, 85.135, 25.680000000000007]"
bihar_patna_plain_r3_c3,bihar_patna_plain,agriculture,"[85.135, 25.635000000000005, 85.18, 25.680000000000007]"
bihar_patna_plain_r3_c4,bihar_patna_plain,agriculture,"[85.18, 25.635000000000005, 85.22500000000001, 25.680000000000007]"
bihar_patna_plain_r3_c5,bihar_patna_plain,agriculture,"[85.22500000000001, 25.635000000000005, 85.27000000000001, 25.680000000000007]"
bihar_patna_plain_r4_c0,bihar_patna_plain,agriculture,"[85.0, 25.680000000000007, 85.045, 25.72500000000001]"
bihar_patna_plain_r4_c1,bihar_patna_plain,agriculture,"[85.045, 25.680000000000007, 85.09, 25.72500000000001]"
bihar_patna_plain_r4_c2,bihar_patna_plain,agriculture,"[85.09, 25.680000000000007, 85.135, 25.72500000000001]"
bihar_patna_plain_r4_c3,bihar_patna_plain,agriculture,"[85.135, 25.680000000000007, 85.18, 25.72500000000001]"
bihar_patna_plain_r4_c4,bihar_patna_plain,agriculture,"[85.18, 25.680000000000007, 85.22500000000001, 25.72500000000001]"
bihar_patna_plain_r4_c5,bihar_patna_plain,agriculture,"[85.22500000000001, 25.680000000000007, 85.27000000000001, 25.72500000000001]"
bihar_patna_plain_r5_c0,bihar_patna_plain,agriculture,"[85.0, 25.72500000000001, 85.045, 25.77000000000001]"
bihar_patna_plain_r5_c1,bihar_patna_plain,agriculture,"[85.045, 25.72500000000001, 85.09, 25.77000000000001]"
bihar_patna_plain_r5_c2,bihar_patna_plain,agriculture,"[85.09, 25.72500000000001, 85.135, 25.77000000000001]"
bihar_patna_plain_r5_c3,bihar_patna_plain,agriculture,"[85.135, 25.72500000000001, 85.18, 25.77000000000001]"
bihar_patna_plain_r5_c4,bihar_patna_plain,agriculture,"[85.18, 25.72500000000001, 85.22500000000001, 25.77000000000001]"
bihar_patna_plain_r5_c5,bihar_patna_plain,agriculture,"[85.22500000000001, 25.72500000000001, 85.27000000000001, 25.77000000000001]"
sundarbans_wb_r0_c0,sundarbans_wb,coastal,"[88.7, 21.8, 88.745, 21.845000000000002]"
sundarbans_wb_r0_c1,sundarbans_wb,coastal,"[88.745, 21.8, 88.79, 21.845000000000002]"
sundarbans_wb_r0_c2,sundarbans_wb,coastal,"[88.79, 21.8, 88.83500000000001, 21.845000000000002]"
sundarbans_wb_r0_c3,sundarbans_wb,coastal,"[88.83500000000001, 21.8, 88.88000000000001, 21.845000000000002]"
sundarbans_wb_r0_c4,sundarbans_wb,coastal,"[88.88000000000001, 21.8, 88.92500000000001, 21.845000000000002]"
sundarbans_wb_r0_c5,sundarbans_wb,coastal,"[88.92500000000001, 21.8, 88.97000000000001, 21.845000000000002]"
sundarbans_wb_r1_c0,sundarbans_wb,coastal,"[88.7, 21.845000000000002, 88.745, 21.890000000000004]"
sundarbans_wb_r1_c1,sundarbans_wb,coastal,"[88.745, 21.845000000000002, 88.79, 21.890000000000004]"
sundarbans_wb_r1_c2,sundarbans_wb,coastal,"[88.79, 21.845000000000002, 88.83500000000001, 21.890000000000004]"
sundarbans_wb_r1_c3,sundarbans_wb,coastal,"[88.83500000000001, 21.845000000000002, 88.88000000000001, 21.890000000000004]"
sundarbans_wb_r1_c4,sundarbans_wb,coastal,"[88.88000000000001, 21.845000000000002, 88.92500000000001, 21.890000000000004]"
sundarbans_wb_r1_c5,sundarbans_wb,coastal,"[88.92500000000001, 21.845000000000002, 88.97000000000001, 21.890000000000004]"
sundarbans_wb_r2_c0,sundarbans_wb,coastal,"[88.7, 21.890000000000004, 88.745, 21.935000000000006]"
sundarbans_wb_r2_c1,sundarbans_wb,coastal,"[88.745, 21.890000000000004, 88.79, 21.935000000000006]"
sundarbans_wb_r2_c2,sundarbans_wb,coastal,"[88.79, 21.890000000000004, 88.83500000000001, 21.935000000000006]"
sundarbans_wb_r2_c3,sundarbans_wb,coastal,"[88.83500000000001, 21.890000000000004, 88.88000000000001, 21.935000000000006]"
sundarbans_wb_r2_c4,sundarbans_wb,coastal,"[88.88000000000001, 21.890000000000004, 88.92500000000001, 21.935000000000006]"
sundarbans_wb_r2_c5,sundarbans_wb,coastal,"[88.92500000000001, 21.890000000000004, 88.97000000000001, 21.935000000000006]"
sundarbans_wb_r3_c0,sundarbans_wb,coastal,"[88.7, 21.935000000000006, 88.745, 21.980000000000008]"
sundarbans_wb_r3_c1,sundarbans_wb,coastal,"[88.745, 21.935000000000006, 88.79, 21.980000000000008]"
sundarbans_wb_r3_c2,sundarbans_wb,coastal,"[88.79, 21.935000000000006, 88.83500000000001, 21.980000000000008]"
sundarbans_wb_r3_c3,sundarbans_wb,coastal,"[88.83500000000001, 21.935000000000006, 88.88000000000001, 21.980000000000008]"
sundarbans_wb_r3_c4,sundarbans_wb,coastal,"[88.88000000000001, 21.935000000000006, 88.92500000000001, 21.980000000000008]"
sundarbans_wb_r3_c5,sundarbans_wb,coastal,"[88.92500000000001, 21.935000000000006, 88.97000000000001, 21.980000000000008]"
sundarbans_wb_r4_c0,sundarbans_wb,coastal,"[88.7, 21.980000000000008, 88.745, 22.02500000000001]"
sundarbans_wb_r4_c1,sundarbans_wb,coastal,"[88.745, 21.980000000000008, 88.79, 22.02500000000001]"
sundarbans_wb_r4_c2,sundarbans_wb,coastal,"[88.79, 21.980000000000008, 88.83500000000001, 22.02500000000001]"
sundarbans_wb_r4_c3,sundarbans_wb,coastal,"[88.83500000000001, 21.980000000000008, 88.88000000000001, 22.02500000000001]"
sundarbans_wb_r4_c4,sundarbans_wb,coastal,"[88.88000000000001, 21.980000000000008, 88.92500000000001, 22.02500000000001]"
sundarbans_wb_r4_c5,sundarbans_wb,coastal,"[88.92500000000001, 21.980000000000008, 88.97000000000001, 22.02500000000001]"
sundarbans_wb_r5_c0,sundarbans_wb,coastal,"[88.7, 22.02500000000001, 88.745, 22.07000000000001]"
sundarbans_wb_r5_c1,sundarbans_wb,coastal,"[88.745, 22.02500000000001, 88.79, 22.07000000000001]"
sundarbans_wb_r5_c2,sundarbans_wb,coastal,"[88.79, 22.02500000000001, 88.83500000000001, 22.07000000000001]"
sundarbans_wb_r5_c3,sundarbans_wb,coastal,"[88.83500000000001, 22.02500000000001, 88.88000000000001, 22.07000000000001]"
sundarbans_wb_r5_c4,sundarbans_wb,coastal,"[88.88000000000001, 22.02500000000001, 88.92500000000001, 22.07000000000001]"
sundarbans_wb_r5_c5,sundarbans_wb,coastal,"[88.92500000000001, 22.02500000000001, 88.97000000000001, 22.07000000000001]"
odisha_puri_coast_r0_c0,odisha_puri_coast,coastal,"[85.75, 19.7, 85.795, 19.745]"
odisha_puri_coast_r0_c1,odisha_puri_coast,coastal,"[85.795, 19.7, 85.84, 19.745]"
odisha_puri_coast_r0_c2,odisha_puri_coast,coastal,"[85.84, 19.7, 85.885, 19.745]"
odisha_puri_coast_r0_c3,odisha_puri_coast,coastal,"[85.885, 19.7, 85.93, 19.745]"
odisha_puri_coast_r0_c4,odisha_puri_coast,coastal,"[85.93, 19.7, 85.97500000000001, 19.745]"
odisha_puri_coast_r0_c5,odisha_puri_coast,coastal,"[85.97500000000001, 19.7, 86.02000000000001, 19.745]"
odisha_puri_coast_r1_c0,odisha_puri_coast,coastal,"[85.75, 19.745, 85.795, 19.790000000000003]"
odisha_puri_coast_r1_c1,odisha_puri_coast,coastal,"[85.795, 19.745, 85.84, 19.790000000000003]"
odisha_puri_coast_r1_c2,odisha_puri_coast,coastal,"[85.84, 19.745, 85.885, 19.790000000000003]"
odisha_puri_coast_r1_c3,odisha_puri_coast,coastal,"[85.885, 19.745, 85.93, 19.790000000000003]"
odisha_puri_coast_r1_c4,odisha_puri_coast,coastal,"[85.93, 19.745, 85.97500000000001, 19.790000000000003]"
odisha_puri_coast_r1_c5,odisha_puri_coast,coastal,"[85.97500000000001, 19.745, 86.02000000000001, 19.790000000000003]"
odisha_puri_coast_r2_c0,odisha_puri_coast,coastal,"[85.75, 19.790000000000003, 85.795, 19.835000000000004]"
odisha_puri_coast_r2_c1,odisha_puri_coast,coastal,"[85.795, 19.790000000000003, 85.84, 19.835000000000004]"
odisha_puri_coast_r2_c2,odisha_puri_coast,coastal,"[85.84, 19.790000000000003, 85.885, 19.835000000000004]"
odisha_puri_coast_r2_c3,odisha_puri_coast,coastal,"[85.885, 19.790000000000003, 85.93, 19.835000000000004]"
odisha_puri_coast_r2_c4,odisha_puri_coast,coastal,"[85.93, 19.790000000000003, 85.97500000000001, 19.835000000000004]"
odisha_puri_coast_r2_c5,odisha_puri_coast,coastal,"[85.97500000000001, 19.790000000000003, 86.02000000000001, 19.835000000000004]"
odisha_puri_coast_r3_c0,odisha_puri_coast,coastal,"[85.75, 19.835000000000004, 85.795, 19.880000000000006]"
odisha_puri_coast_r3_c1,odisha_puri_coast,coastal,"[85.795, 19.835000000000004, 85.84, 19.880000000000006]"
odisha_puri_coast_r3_c2,odisha_puri_coast,coastal,"[85.84, 19.835000000000004, 85.885, 19.880000000000006]"
odisha_puri_coast_r3_c3,odisha_puri_coast,coastal,"[85.885, 19.835000000000004, 85.93, 19.880000000000006]"
odisha_puri_coast_r3_c4,odisha_puri_coast,coastal,"[85.93, 19.835000000000004, 85.97500000000001, 19.880000000000006]"
odisha_puri_coast_r3_c5,odisha_puri_coast,coastal,"[85.97500000000001, 19.835000000000004, 86.02000000000001, 19.880000000000006]"
odisha_puri_coast_r4_c0,odisha_puri_coast,coastal,"[85.75, 19.880000000000006, 85.795, 19.925000000000008]"
odisha_puri_coast_r4_c1,odisha_puri_coast,coastal,"[85.795, 19.880000000000006, 85.84, 19.925000000000008]"
odisha_puri_coast_r4_c2,odisha_puri_coast,coastal,"[85.84, 19.880000000000006, 85.885, 19.925000000000008]"
odisha_puri_coast_r4_c3,odisha_puri_coast,coastal,"[85.885, 19.880000000000006, 85.93, 19.925000000000008]"
odisha_puri_coast_r4_c4,odisha_puri_coast,coastal,"[85.93, 19.880000000000006, 85.97500000000001, 19.925000000000008]"
odisha_puri_coast_r4_c5,odisha_puri_coast,coastal,"[85.97500000000001, 19.880000000000006, 86.02000000000001, 19.925000000000008]"
odisha_puri_coast_r5_c0,odisha_puri_coast,coastal,"[85.75, 19.925000000000008, 85.795, 19.97000000000001]"
odisha_puri_coast_r5_c1,odisha_puri_coast,coastal,"[85.795, 19.925000000000008, 85.84, 19.97000000000001]"
odisha_puri_coast_r5_c2,odisha_puri_coast,coastal,"[85.84, 19.925000000000008, 85.885, 19.97000000000001]"
odisha_puri_coast_r5_c3,odisha_puri_coast,coastal,"[85.885, 19.925000000000008, 85.93, 19.97000000000001]"
odisha_puri_coast_r5_c4,odisha_puri_coast,coastal,"[85.93, 19.925000000000008, 85.97500000000001, 19.97000000000001]"
odisha_puri_coast_r5_c5,odisha_puri_coast,coastal,"[85.97500000000001, 19.925000000000008, 86.02000000000001, 19.97000000000001]"
kerala_kochi_vypin_r0_c0,kerala_kochi_vypin,coastal,"[76.15, 9.9, 76.19500000000001, 9.945]"
kerala_kochi_vypin_r0_c1,kerala_kochi_vypin,coastal,"[76.19500000000001, 9.9, 76.24000000000001, 9.945]"
kerala_kochi_vypin_r0_c2,kerala_kochi_vypin,coastal,"[76.24000000000001, 9.9, 76.28500000000001, 9.945]"
kerala_kochi_vypin_r0_c3,kerala_kochi_vypin,coastal,"[76.28500000000001, 9.9, 76.33000000000001, 9.945]"
kerala_kochi_vypin_r0_c4,kerala_kochi_vypin,coastal,"[76.33000000000001, 9.9, 76.37500000000001, 9.945]"
kerala_kochi_vypin_r0_c5,kerala_kochi_vypin,coastal,"[76.37500000000001, 9.9, 76.42000000000002, 9.945]"
kerala_kochi_vypin_r1_c0,kerala_kochi_vypin,coastal,"[76.15, 9.945, 76.19500000000001, 9.99]"
kerala_kochi_vypin_r1_c1,kerala_kochi_vypin,coastal,"[76.19500000000001, 9.945, 76.24000000000001, 9.99]"
kerala_kochi_vypin_r1_c2,kerala_kochi_vypin,coastal,"[76.24000000000001, 9.945, 76.28500000000001, 9.99]"
kerala_kochi_vypin_r1_c3,kerala_kochi_vypin,coastal,"[76.28500000000001, 9.945, 76.33000000000001, 9.99]"
kerala_kochi_vypin_r1_c4,kerala_kochi_vypin,coastal,"[76.33000000000001, 9.945, 76.37500000000001, 9.99]"
kerala_kochi_vypin_r1_c5,kerala_kochi_vypin,coastal,"[76.37500000000001, 9.945, 76.42000000000002, 9.99]"
kerala_kochi_vypin_r2_c0,kerala_kochi_vypin,coastal,"[76.15, 9.99, 76.19500000000001, 10.035]"
kerala_kochi_vypin_r2_c1,kerala_kochi_vypin,coastal,"[76.19500000000001, 9.99, 76.24000000000001, 10.035]"
kerala_kochi_vypin_r2_c2,kerala_kochi_vypin,coastal,"[76.24000000000001, 9.99, 76.28500000000001, 10.035]"
kerala_kochi_vypin_r2_c3,kerala_kochi_vypin,coastal,"[76.28500000000001, 9.99, 76.33000000000001, 10.035]"
kerala_kochi_vypin_r2_c4,kerala_kochi_vypin,coastal,"[76.33000000000001, 9.99, 76.37500000000001, 10.035]"
kerala_kochi_vypin_r2_c5,kerala_kochi_vypin,coastal,"[76.37500000000001, 9.99, 76.42000000000002, 10.035]"
kerala_kochi_vypin_r3_c0,kerala_kochi_vypin,coastal,"[76.15, 10.035, 76.19500000000001, 10.08]"
kerala_kochi_vypin_r3_c1,kerala_kochi_vypin,coastal,"[76.19500000000001, 10.035, 76.24000000000001, 10.08]"
kerala_kochi_vypin_r3_c2,kerala_kochi_vypin,coastal,"[76.24000000000001, 10.035, 76.28500000000001, 10.08]"
kerala_kochi_vypin_r3_c3,kerala_kochi_vypin,coastal,"[76.28500000000001, 10.035, 76.33000000000001, 10.08]"
kerala_kochi_vypin_r3_c4,kerala_kochi_vypin,coastal,"[76.33000000000001, 10.035, 76.37500000000001, 10.08]"
kerala_kochi_vypin_r3_c5,kerala_kochi_vypin,coastal,"[76.37500000000001, 10.035, 76.42000000000002, 10.08]"
kerala_kochi_vypin_r4_c0,kerala_kochi_vypin,coastal,"[76.15, 10.08, 76.19500000000001, 10.125]"
kerala_kochi_vypin_r4_c1,kerala_kochi_vypin,coastal,"[76.19500000000001, 10.08, 76.24000000000001, 10.125]"
kerala_kochi_vypin_r4_c2,kerala_kochi_vypin,coastal,"[76.24000000000001, 10.08, 76.28500000000001, 10.125]"
kerala_kochi_vypin_r4_c3,kerala_kochi_vypin,coastal,"[76.28500000000001, 10.08, 76.33000000000001, 10.125]"
kerala_kochi_vypin_r4_c4,kerala_kochi_vypin,coastal,"[76.33000000000001, 10.08, 76.37500000000001, 10.125]"
kerala_kochi_vypin_r4_c5,kerala_kochi_vypin,coastal,"[76.37500000000001, 10.08, 76.42000000000002, 10.125]"
kerala_kochi_vypin_r5_c0,kerala_kochi_vypin,coastal,"[76.15, 10.125, 76.19500000000001, 10.17]"
kerala_kochi_vypin_r5_c1,kerala_kochi_vypin,coastal,"[76.19500000000001, 10.125, 76.24000000000001, 10.17]"
kerala_kochi_vypin_r5_c2,kerala_kochi_vypin,coastal,"[76.24000000000001, 10.125, 76.28500000000001, 10.17]"
kerala_kochi_vypin_r5_c3,kerala_kochi_vypin,coastal,"[76.28500000000001, 10.125, 76.33000000000001, 10.17]"
kerala_kochi_vypin_r5_c4,kerala_kochi_vypin,coastal,"[76.33000000000001, 10.125, 76.37500000000001, 10.17]"
kerala_kochi_vypin_r5_c5,kerala_kochi_vypin,coastal,"[76.37500000000001, 10.125, 76.42000000000002, 10.17]"
tn_chennai_ennore_r0_c0,tn_chennai_ennore,coastal,"[80.25, 13.15, 80.295, 13.195]"
tn_chennai_ennore_r0_c1,tn_chennai_ennore,coastal,"[80.295, 13.15, 80.34, 13.195]"
tn_chennai_ennore_r0_c2,tn_chennai_ennore,coastal,"[80.34, 13.15, 80.385, 13.195]"
tn_chennai_ennore_r0_c3,tn_chennai_ennore,coastal,"[80.385, 13.15, 80.43, 13.195]"
tn_chennai_ennore_r0_c4,tn_chennai_ennore,coastal,"[80.43, 13.15, 80.47500000000001, 13.195]"
tn_chennai_ennore_r0_c5,tn_chennai_ennore,coastal,"[80.47500000000001, 13.15, 80.52000000000001, 13.195]"
tn_chennai_ennore_r1_c0,tn_chennai_ennore,coastal,"[80.25, 13.195, 80.295, 13.24]"
tn_chennai_ennore_r1_c1,tn_chennai_ennore,coastal,"[80.295, 13.195, 80.34, 13.24]"
tn_chennai_ennore_r1_c2,tn_chennai_ennore,coastal,"[80.34, 13.195, 80.385, 13.24]"
tn_chennai_ennore_r1_c3,tn_chennai_ennore,coastal,"[80.385, 13.195, 80.43, 13.24]"
tn_chennai_ennore_r1_c4,tn_chennai_ennore,coastal,"[80.43, 13.195, 80.47500000000001, 13.24]"
tn_chennai_ennore_r1_c5,tn_chennai_ennore,coastal,"[80.47500000000001, 13.195, 80.52000000000001, 13.24]"
tn_chennai_ennore_r2_c0,tn_chennai_ennore,coastal,"[80.25, 13.24, 80.295, 13.285]"
tn_chennai_ennore_r2_c1,tn_chennai_ennore,coastal,"[80.295, 13.24, 80.34, 13.285]"
tn_chennai_ennore_r2_c2,tn_chennai_ennore,coastal,"[80.34, 13.24, 80.385, 13.285]"
tn_chennai_ennore_r2_c3,tn_chennai_ennore,coastal,"[80.385, 13.24, 80.43, 13.285]"
tn_chennai_ennore_r2_c4,tn_chennai_ennore,coastal,"[80.43, 13.24, 80.47500000000001, 13.285]"
tn_chennai_ennore_r2_c5,tn_chennai_ennore,coastal,"[80.47500000000001, 13.24, 80.52000000000001, 13.285]"
tn_chennai_ennore_r3_c0,tn_chennai_ennore,coastal,"[80.25, 13.285, 80.295, 13.33]"
tn_chennai_ennore_r3_c1,tn_chennai_ennore,coastal,"[80.295, 13.285, 80.34, 13.33]"
tn_chennai_ennore_r3_c2,tn_chennai_ennore,coastal,"[80.34, 13.285, 80.385, 13.33]"
tn_chennai_ennore_r3_c3,tn_chennai_ennore,coastal,"[80.385, 13.285, 80.43, 13.33]"
tn_chennai_ennore_r3_c4,tn_chennai_ennore,coastal,"[80.43, 13.285, 80.47500000000001, 13.33]"
tn_chennai_ennore_r3_c5,tn_chennai_ennore,coastal,"[80.47500000000001, 13.285, 80.52000000000001, 13.33]"
tn_chennai_ennore_r4_c0,tn_chennai_ennore,coastal,"[80.25, 13.33, 80.295, 13.375]"
tn_chennai_ennore_r4_c1,tn_chennai_ennore,coastal,"[80.295, 13.33, 80.34, 13.375]"
tn_chennai_ennore_r4_c2,tn_chennai_ennore,coastal,"[80.34, 13.33, 80.385, 13.375]"
tn_chennai_ennore_r4_c3,tn_chennai_ennore,coastal,"[80.385, 13.33, 80.43, 13.375]"
tn_chennai_ennore_r4_c4,tn_chennai_ennore,coastal,"[80.43, 13.33, 80.47500000000001, 13.375]"
tn_chennai_ennore_r4_c5,tn_chennai_ennore,coastal,"[80.47500000000001, 13.33, 80.52000000000001, 13.375]"
tn_chennai_ennore_r5_c0,tn_chennai_ennore,coastal,"[80.25, 13.375, 80.295, 13.42]"
tn_chennai_ennore_r5_c1,tn_chennai_ennore,coastal,"[80.295, 13.375, 80.34, 13.42]"
tn_chennai_ennore_r5_c2,tn_chennai_ennore,coastal,"[80.34, 13.375, 80.385, 13.42]"
tn_chennai_ennore_r5_c3,tn_chennai_ennore,coastal,"[80.385, 13.375, 80.43, 13.42]"
tn_chennai_ennore_r5_c4,tn_chennai_ennore,coastal,"[80.43, 13.375, 80.47500000000001, 13.42]"
tn_chennai_ennore_r5_c5,tn_chennai_ennore,coastal,"[80.47500000000001, 13.375, 80.52000000000001, 13.42]"
gujarat_mundra_port_r0_c0,gujarat_mundra_port,coastal,"[69.55, 22.65, 69.595, 22.695]"
gujarat_mundra_port_r0_c1,gujarat_mundra_port,coastal,"[69.595, 22.65, 69.64, 22.695]"
gujarat_mundra_port_r0_c2,gujarat_mundra_port,coastal,"[69.64, 22.65, 69.685, 22.695]"
gujarat_mundra_port_r0_c3,gujarat_mundra_port,coastal,"[69.685, 22.65, 69.73, 22.695]"
gujarat_mundra_port_r0_c4,gujarat_mundra_port,coastal,"[69.73, 22.65, 69.775, 22.695]"
gujarat_mundra_port_r0_c5,gujarat_mundra_port,coastal,"[69.775, 22.65, 69.82000000000001, 22.695]"
gujarat_mundra_port_r1_c0,gujarat_mundra_port,coastal,"[69.55, 22.695, 69.595, 22.740000000000002]"
gujarat_mundra_port_r1_c1,gujarat_mundra_port,coastal,"[69.595, 22.695, 69.64, 22.740000000000002]"
gujarat_mundra_port_r1_c2,gujarat_mundra_port,coastal,"[69.64, 22.695, 69.685, 22.740000000000002]"
gujarat_mundra_port_r1_c3,gujarat_mundra_port,coastal,"[69.685, 22.695, 69.73, 22.740000000000002]"
gujarat_mundra_port_r1_c4,gujarat_mundra_port,coastal,"[69.73, 22.695, 69.775, 22.740000000000002]"
gujarat_mundra_port_r1_c5,gujarat_mundra_port,coastal,"[69.775, 22.695, 69.82000000000001, 22.740000000000002]"
gujarat_mundra_port_r2_c0,gujarat_mundra_port,coastal,"[69.55, 22.740000000000002, 69.595, 22.785000000000004]"
gujarat_mundra_port_r2_c1,gujarat_mundra_port,coastal,"[69.595, 22.740000000000002, 69.64, 22.785000000000004]"
gujarat_mundra_port_r2_c2,gujarat_mundra_port,coastal,"[69.64, 22.740000000000002, 69.685, 22.785000000000004]"
gujarat_mundra_port_r2_c3,gujarat_mundra_port,coastal,"[69.685, 22.740000000000002, 69.73, 22.785000000000004]"
gujarat_mundra_port_r2_c4,gujarat_mundra_port,coastal,"[69.73, 22.740000000000002, 69.775, 22.785000000000004]"
gujarat_mundra_port_r2_c5,gujarat_mundra_port,coastal,"[69.775, 22.740000000000002, 69.82000000000001, 22.785000000000004]"
gujarat_mundra_port_r3_c0,gujarat_mundra_port,coastal,"[69.55, 22.785000000000004, 69.595, 22.830000000000005]"
gujarat_mundra_port_r3_c1,gujarat_mundra_port,coastal,"[69.595, 22.785000000000004, 69.64, 22.830000000000005]"
gujarat_mundra_port_r3_c2,gujarat_mundra_port,coastal,"[69.64, 22.785000000000004, 69.685, 22.830000000000005]"
gujarat_mundra_port_r3_c3,gujarat_mundra_port,coastal,"[69.685, 22.785000000000004, 69.73, 22.830000000000005]"
gujarat_mundra_port_r3_c4,gujarat_mundra_port,coastal,"[69.73, 22.785000000000004, 69.775, 22.830000000000005]"
gujarat_mundra_port_r3_c5,gujarat_mundra_port,coastal,"[69.775, 22.785000000000004, 69.82000000000001, 22.830000000000005]"
gujarat_mundra_port_r4_c0,gujarat_mundra_port,coastal,"[69.55, 22.830000000000005, 69.595, 22.875000000000007]"
gujarat_mundra_port_r4_c1,gujarat_mundra_port,coastal,"[69.595, 22.830000000000005, 69.64, 22.875000000000007]"
gujarat_mundra_port_r4_c2,gujarat_mundra_port,coastal,"[69.64, 22.830000000000005, 69.685, 22.875000000000007]"
gujarat_mundra_port_r4_c3,gujarat_mundra_port,coastal,"[69.685, 22.830000000000005, 69.73, 22.875000000000007]"
gujarat_mundra_port_r4_c4,gujarat_mundra_port,coastal,"[69.73, 22.830000000000005, 69.775, 22.875000000000007]"
gujarat_mundra_port_r4_c5,gujarat_mundra_port,coastal,"[69.775, 22.830000000000005, 69.82000000000001, 22.875000000000007]"
gujarat_mundra_port_r5_c0,gujarat_mundra_port,coastal,"[69.55, 22.875000000000007, 69.595, 22.92000000000001]"
gujarat_mundra_port_r5_c1,gujarat_mundra_port,coastal,"[69.595, 22.875000000000007, 69.64, 22.92000000000001]"
gujarat_mundra_port_r5_c2,gujarat_mundra_port,coastal,"[69.64, 22.875000000000007, 69.685, 22.92000000000001]"
gujarat_mundra_port_r5_c3,gujarat_mundra_port,coastal,"[69.685, 22.875000000000007, 69.73, 22.92000000000001]"
gujarat_mundra_port_r5_c4,gujarat_mundra_port,coastal,"[69.73, 22.875000000000007, 69.775, 22.92000000000001]"
gujarat_mundra_port_r5_c5,gujarat_mundra_port,coastal,"[69.775, 22.875000000000007, 69.82000000000001, 22.92000000000001]"
goa_coast_r0_c0,goa_coast,coastal,"[73.65, 15.4, 73.69500000000001, 15.445]"
goa_coast_r0_c1,goa_coast,coastal,"[73.69500000000001, 15.4, 73.74000000000001, 15.445]"
goa_coast_r0_c2,goa_coast,coastal,"[73.74000000000001, 15.4, 73.78500000000001, 15.445]"
goa_coast_r0_c3,goa_coast,coastal,"[73.78500000000001, 15.4, 73.83000000000001, 15.445]"
goa_coast_r0_c4,goa_coast,coastal,"[73.83000000000001, 15.4, 73.87500000000001, 15.445]"
goa_coast_r0_c5,goa_coast,coastal,"[73.87500000000001, 15.4, 73.92000000000002, 15.445]"
goa_coast_r1_c0,goa_coast,coastal,"[73.65, 15.445, 73.69500000000001, 15.49]"
goa_coast_r1_c1,goa_coast,coastal,"[73.69500000000001, 15.445, 73.74000000000001, 15.49]"
goa_coast_r1_c2,goa_coast,coastal,"[73.74000000000001, 15.445, 73.78500000000001, 15.49]"
goa_coast_r1_c3,goa_coast,coastal,"[73.78500000000001, 15.445, 73.83000000000001, 15.49]"
goa_coast_r1_c4,goa_coast,coastal,"[73.83000000000001, 15.445, 73.87500000000001, 15.49]"
goa_coast_r1_c5,goa_coast,coastal,"[73.87500000000001, 15.445, 73.92000000000002, 15.49]"
goa_coast_r2_c0,goa_coast,coastal,"[73.65, 15.49, 73.69500000000001, 15.535]"
goa_coast_r2_c1,goa_coast,coastal,"[73.69500000000001, 15.49, 73.74000000000001, 15.535]"
goa_coast_r2_c2,goa_coast,coastal,"[73.74000000000001, 15.49, 73.78500000000001, 15.535]"
goa_coast_r2_c3,goa_coast,coastal,"[73.78500000000001, 15.49, 73.83000000000001, 15.535]"
goa_coast_r2_c4,goa_coast,coastal,"[73.83000000000001, 15.49, 73.87500000000001, 15.535]"
goa_coast_r2_c5,goa_coast,coastal,"[73.87500000000001, 15.49, 73.92000000000002, 15.535]"
goa_coast_r3_c0,goa_coast,coastal,"[73.65, 15.535, 73.69500000000001, 15.58]"
goa_coast_r3_c1,goa_coast,coastal,"[73.69500000000001, 15.535, 73.74000000000001, 15.58]"
goa_coast_r3_c2,goa_coast,coastal,"[73.74000000000001, 15.535, 73.78500000000001, 15.58]"
goa_coast_r3_c3,goa_coast,coastal,"[73.78500000000001, 15.535, 73.83000000000001, 15.58]"
goa_coast_r3_c4,goa_coast,coastal,"[73.83000000000001, 15.535, 73.87500000000001, 15.58]"
goa_coast_r3_c5,goa_coast,coastal,"[73.87500000000001, 15.535, 73.92000000000002, 15.58]"
goa_coast_r4_c0,goa_coast,coastal,"[73.65, 15.58, 73.69500000000001, 15.625]"
goa_coast_r4_c1,goa_coast,coastal,"[73.69500000000001, 15.58, 73.74000000000001, 15.625]"
goa_coast_r4_c2,goa_coast,coastal,"[73.74000000000001, 15.58, 73.78500000000001, 15.625]"
goa_coast_r4_c3,goa_coast,coastal,"[73.78500000000001, 15.58, 73.83000000000001, 15.625]"
goa_coast_r4_c4,goa_coast,coastal,"[73.83000000000001, 15.58, 73.87500000000001, 15.625]"
goa_coast_r4_c5,goa_coast,coastal,"[73.87500000000001, 15.58, 73.92000000000002, 15.625]"
goa_coast_r5_c0,goa_coast,coastal,"[73.65, 15.625, 73.69500000000001, 15.67]"
goa_coast_r5_c1,goa_coast,coastal,"[73.69500000000001, 15.625, 73.74000000000001, 15.67]"
goa_coast_r5_c2,goa_coast,coastal,"[73.74000000000001, 15.625, 73.78500000000001, 15.67]"
goa_coast_r5_c3,goa_coast,coastal,"[73.78500000000001, 15.625, 73.83000000000001, 15.67]"
goa_coast_r5_c4,goa_coast,coastal,"[73.83000000000001, 15.625, 73.87500000000001, 15.67]"
goa_coast_r5_c5,goa_coast,coastal,"[73.87500000000001, 15.625, 73.92000000000002, 15.67]"
ap_visakhapatnam_port_r0_c0,ap_visakhapatnam_port,coastal,"[83.15, 17.6, 83.19500000000001, 17.645000000000003]"
ap_visakhapatnam_port_r0_c1,ap_visakhapatnam_port,coastal,"[83.19500000000001, 17.6, 83.24000000000001, 17.645000000000003]"
ap_visakhapatnam_port_r0_c2,ap_visakhapatnam_port,coastal,"[83.24000000000001, 17.6, 83.28500000000001, 17.645000000000003]"
ap_visakhapatnam_port_r0_c3,ap_visakhapatnam_port,coastal,"[83.28500000000001, 17.6, 83.33000000000001, 17.645000000000003]"
ap_visakhapatnam_port_r0_c4,ap_visakhapatnam_port,coastal,"[83.33000000000001, 17.6, 83.37500000000001, 17.645000000000003]"
ap_visakhapatnam_port_r0_c5,ap_visakhapatnam_port,coastal,"[83.37500000000001, 17.6, 83.42000000000002, 17.645000000000003]"
ap_visakhapatnam_port_r1_c0,ap_visakhapatnam_port,coastal,"[83.15, 17.645000000000003, 83.19500000000001, 17.690000000000005]"
ap_visakhapatnam_port_r1_c1,ap_visakhapatnam_port,coastal,"[83.19500000000001, 17.645000000000003, 83.24000000000001, 17.690000000000005]"
ap_visakhapatnam_port_r1_c2,ap_visakhapatnam_port,coastal,"[83.24000000000001, 17.645000000000003, 83.28500000000001, 17.690000000000005]"
ap_visakhapatnam_port_r1_c3,ap_visakhapatnam_port,coastal,"[83.28500000000001, 17.645000000000003, 83.33000000000001, 17.690000000000005]"
ap_visakhapatnam_port_r1_c4,ap_visakhapatnam_port,coastal,"[83.33000000000001, 17.645000000000003, 83.37500000000001, 17.690000000000005]"
ap_visakhapatnam_port_r1_c5,ap_visakhapatnam_port,coastal,"[83.37500000000001, 17.645000000000003, 83.42000000000002, 17.690000000000005]"
ap_visakhapatnam_port_r2_c0,ap_visakhapatnam_port,coastal,"[83.15, 17.690000000000005, 83.19500000000001, 17.735000000000007]"
ap_visakhapatnam_port_r2_c1,ap_visakhapatnam_port,coastal,"[83.19500000000001, 17.690000000000005, 83.24000000000001, 17.735000000000007]"
ap_visakhapatnam_port_r2_c2,ap_visakhapatnam_port,coastal,"[83.24000000000001, 17.690000000000005, 83.28500000000001, 17.735000000000007]"
ap_visakhapatnam_port_r2_c3,ap_visakhapatnam_port,coastal,"[83.28500000000001, 17.690000000000005, 83.33000000000001, 17.735000000000007]"
ap_visakhapatnam_port_r2_c4,ap_visakhapatnam_port,coastal,"[83.33000000000001, 17.690000000000005, 83.37500000000001, 17.735000000000007]"
ap_visakhapatnam_port_r2_c5,ap_visakhapatnam_port,coastal,"[83.37500000000001, 17.690000000000005, 83.42000000000002, 17.735000000000007]"
ap_visakhapatnam_port_r3_c0,ap_visakhapatnam_port,coastal,"[83.15, 17.735000000000007, 83.19500000000001, 17.78000000000001]"
ap_visakhapatnam_port_r3_c1,ap_visakhapatnam_port,coastal,"[83.19500000000001, 17.735000000000007, 83.24000000000001, 17.78000000000001]"
ap_visakhapatnam_port_r3_c2,ap_visakhapatnam_port,coastal,"[83.24000000000001, 17.735000000000007, 83.28500000000001, 17.78000000000001]"
ap_visakhapatnam_port_r3_c3,ap_visakhapatnam_port,coastal,"[83.28500000000001, 17.735000000000007, 83.33000000000001, 17.78000000000001]"
ap_visakhapatnam_port_r3_c4,ap_visakhapatnam_port,coastal,"[83.33000000000001, 17.735000000000007, 83.37500000000001, 17.78000000000001]"
ap_visakhapatnam_port_r3_c5,ap_visakhapatnam_port,coastal,"[83.37500000000001, 17.735000000000007, 83.42000000000002, 17.78000000000001]"
ap_visakhapatnam_port_r4_c0,ap_visakhapatnam_port,coastal,"[83.15, 17.78000000000001, 83.19500000000001, 17.82500000000001]"
ap_visakhapatnam_port_r4_c1,ap_visakhapatnam_port,coastal,"[83.19500000000001, 17.78000000000001, 83.24000000000001, 17.82500000000001]"
ap_visakhapatnam_port_r4_c2,ap_visakhapatnam_port,coastal,"[83.24000000000001, 17.78000000000001, 83.28500000000001, 17.82500000000001]"
ap_visakhapatnam_port_r4_c3,ap_visakhapatnam_port,coastal,"[83.28500000000001, 17.78000000000001, 83.33000000000001, 17.82500000000001]"
ap_visakhapatnam_port_r4_c4,ap_visakhapatnam_port,coastal,"[83.33000000000001, 17.78000000000001, 83.37500000000001, 17.82500000000001]"
ap_visakhapatnam_port_r4_c5,ap_visakhapatnam_port,coastal,"[83.37500000000001, 17.78000000000001, 83.42000000000002, 17.82500000000001]"
ap_visakhapatnam_port_r5_c0,ap_visakhapatnam_port,coastal,"[83.15, 17.82500000000001, 83.19500000000001, 17.87000000000001]"
ap_visakhapatnam_port_r5_c1,ap_visakhapatnam_port,coastal,"[83.19500000000001, 17.82500000000001, 83.24000000000001, 17.87000000000001]"
ap_visakhapatnam_port_r5_c2,ap_visakhapatnam_port,coastal,"[83.24000000000001, 17.82500000000001, 83.28500000000001, 17.87000000000001]"
ap_visakhapatnam_port_r5_c3,ap_visakhapatnam_port,coastal,"[83.28500000000001, 17.82500000000001, 83.33000000000001, 17.87000000000001]"
ap_visakhapatnam_port_r5_c4,ap_visakhapatnam_port,coastal,"[83.33000000000001, 17.82500000000001, 83.37500000000001, 17.87000000000001]"
ap_visakhapatnam_port_r5_c5,ap_visakhapatnam_port,coastal,"[83.37500000000001, 17.82500000000001, 83.42000000000002, 17.87000000000001]"
mumbai_coastal_road_r0_c0,mumbai_coastal_road,coastal,"[72.78, 18.96, 72.825, 19.005000000000003]"
mumbai_coastal_road_r0_c1,mumbai_coastal_road,coastal,"[72.825, 18.96, 72.87, 19.005000000000003]"
mumbai_coastal_road_r0_c2,mumbai_coastal_road,coastal,"[72.87, 18.96, 72.915, 19.005000000000003]"
mumbai_coastal_road_r0_c3,mumbai_coastal_road,coastal,"[72.915, 18.96, 72.96000000000001, 19.005000000000003]"
mumbai_coastal_road_r0_c4,mumbai_coastal_road,coastal,"[72.96000000000001, 18.96, 73.00500000000001, 19.005000000000003]"
mumbai_coastal_road_r0_c5,mumbai_coastal_road,coastal,"[73.00500000000001, 18.96, 73.05000000000001, 19.005000000000003]"
mumbai_coastal_road_r1_c0,mumbai_coastal_road,coastal,"[72.78, 19.005000000000003, 72.825, 19.050000000000004]"
mumbai_coastal_road_r1_c1,mumbai_coastal_road,coastal,"[72.825, 19.005000000000003, 72.87, 19.050000000000004]"
mumbai_coastal_road_r1_c2,mumbai_coastal_road,coastal,"[72.87, 19.005000000000003, 72.915, 19.050000000000004]"
mumbai_coastal_road_r1_c3,mumbai_coastal_road,coastal,"[72.915, 19.005000000000003, 72.96000000000001, 19.050000000000004]"
mumbai_coastal_road_r1_c4,mumbai_coastal_road,coastal,"[72.96000000000001, 19.005000000000003, 73.00500000000001, 19.050000000000004]"
mumbai_coastal_road_r1_c5,mumbai_coastal_road,coastal,"[73.00500000000001, 19.005000000000003, 73.05000000000001, 19.050000000000004]"
mumbai_coastal_road_r2_c0,mumbai_coastal_road,coastal,"[72.78, 19.050000000000004, 72.825, 19.095000000000006]"
mumbai_coastal_road_r2_c1,mumbai_coastal_road,coastal,"[72.825, 19.050000000000004, 72.87, 19.095000000000006]"
mumbai_coastal_road_r2_c2,mumbai_coastal_road,coastal,"[72.87, 19.050000000000004, 72.915, 19.095000000000006]"
mumbai_coastal_road_r2_c3,mumbai_coastal_road,coastal,"[72.915, 19.050000000000004, 72.96000000000001, 19.095000000000006]"
mumbai_coastal_road_r2_c4,mumbai_coastal_road,coastal,"[72.96000000000001, 19.050000000000004, 73.00500000000001, 19.095000000000006]"
mumbai_coastal_road_r2_c5,mumbai_coastal_road,coastal,"[73.00500000000001, 19.050000000000004, 73.05000000000001, 19.095000000000006]"
mumbai_coastal_road_r3_c0,mumbai_coastal_road,coastal,"[72.78, 19.095000000000006, 72.825, 19.140000000000008]"
mumbai_coastal_road_r3_c1,mumbai_coastal_road,coastal,"[72.825, 19.095000000000006, 72.87, 19.140000000000008]"
mumbai_coastal_road_r3_c2,mumbai_coastal_road,coastal,"[72.87, 19.095000000000006, 72.915, 19.140000000000008]"
mumbai_coastal_road_r3_c3,mumbai_coastal_road,coastal,"[72.915, 19.095000000000006, 72.96000000000001, 19.140000000000008]"
mumbai_coastal_road_r3_c4,mumbai_coastal_road,coastal,"[72.96000000000001, 19.095000000000006, 73.00500000000001, 19.140000000000008]"
mumbai_coastal_road_r3_c5,mumbai_coastal_road,coastal,"[73.00500000000001, 19.095000000000006, 73.05000000000001, 19.140000000000008]"
mumbai_coastal_road_r4_c0,mumbai_coastal_road,coastal,"[72.78, 19.140000000000008, 72.825, 19.18500000000001]"
mumbai_coastal_road_r4_c1,mumbai_coastal_road,coastal,"[72.825, 19.140000000000008, 72.87, 19.18500000000001]"
mumbai_coastal_road_r4_c2,mumbai_coastal_road,coastal,"[72.87, 19.140000000000008, 72.915, 19.18500000000001]"
mumbai_coastal_road_r4_c3,mumbai_coastal_road,coastal,"[72.915, 19.140000000000008, 72.96000000000001, 19.18500000000001]"
mumbai_coastal_road_r4_c4,mumbai_coastal_road,coastal,"[72.96000000000001, 19.140000000000008, 73.00500000000001, 19.18500000000001]"
mumbai_coastal_road_r4_c5,mumbai_coastal_road,coastal,"[73.00500000000001, 19.140000000000008, 73.05000000000001, 19.18500000000001]"
mumbai_coastal_road_r5_c0,mumbai_coastal_road,coastal,"[72.78, 19.18500000000001, 72.825, 19.23000000000001]"
mumbai_coastal_road_r5_c1,mumbai_coastal_road,coastal,"[72.825, 19.18500000000001, 72.87, 19.23000000000001]"
mumbai_coastal_road_r5_c2,mumbai_coastal_road,coastal,"[72.87, 19.18500000000001, 72.915, 19.23000000000001]"
mumbai_coastal_road_r5_c3,mumbai_coastal_road,coastal,"[72.915, 19.18500000000001, 72.96000000000001, 19.23000000000001]"
mumbai_coastal_road_r5_c4,mumbai_coastal_road,coastal,"[72.96000000000001, 19.18500000000001, 73.00500000000001, 19.23000000000001]"
mumbai_coastal_road_r5_c5,mumbai_coastal_road,coastal,"[73.00500000000001, 19.18500000000001, 73.05000000000001, 19.23000000000001]"
jewar_airport_up_r0_c0,jewar_airport_up,infrastructure,"[77.45, 28.0, 77.495, 28.045]"
jewar_airport_up_r0_c1,jewar_airport_up,infrastructure,"[77.495, 28.0, 77.54, 28.045]"
jewar_airport_up_r0_c2,jewar_airport_up,infrastructure,"[77.54, 28.0, 77.58500000000001, 28.045]"
jewar_airport_up_r0_c3,jewar_airport_up,infrastructure,"[77.58500000000001, 28.0, 77.63000000000001, 28.045]"
jewar_airport_up_r0_c4,jewar_airport_up,infrastructure,"[77.63000000000001, 28.0, 77.67500000000001, 28.045]"
jewar_airport_up_r0_c5,jewar_airport_up,infrastructure,"[77.67500000000001, 28.0, 77.72000000000001, 28.045]"
jewar_airport_up_r1_c0,jewar_airport_up,infrastructure,"[77.45, 28.045, 77.495, 28.090000000000003]"
jewar_airport_up_r1_c1,jewar_airport_up,infrastructure,"[77.495, 28.045, 77.54, 28.090000000000003]"
jewar_airport_up_r1_c2,jewar_airport_up,infrastructure,"[77.54, 28.045, 77.58500000000001, 28.090000000000003]"
jewar_airport_up_r1_c3,jewar_airport_up,infrastructure,"[77.58500000000001, 28.045, 77.63000000000001, 28.090000000000003]"
jewar_airport_up_r1_c4,jewar_airport_up,infrastructure,"[77.63000000000001, 28.045, 77.67500000000001, 28.090000000000003]"
jewar_airport_up_r1_c5,jewar_airport_up,infrastructure,"[77.67500000000001, 28.045, 77.72000000000001, 28.090000000000003]"
jewar_airport_up_r2_c0,jewar_airport_up,infrastructure,"[77.45, 28.090000000000003, 77.495, 28.135000000000005]"
jewar_airport_up_r2_c1,jewar_airport_up,infrastructure,"[77.495, 28.090000000000003, 77.54, 28.135000000000005]"
jewar_airport_up_r2_c2,jewar_airport_up,infrastructure,"[77.54, 28.090000000000003, 77.58500000000001, 28.135000000000005]"
jewar_airport_up_r2_c3,jewar_airport_up,infrastructure,"[77.58500000000001, 28.090000000000003, 77.63000000000001, 28.135000000000005]"
jewar_airport_up_r2_c4,jewar_airport_up,infrastructure,"[77.63000000000001, 28.090000000000003, 77.67500000000001, 28.135000000000005]"
jewar_airport_up_r2_c5,jewar_airport_up,infrastructure,"[77.67500000000001, 28.090000000000003, 77.72000000000001, 28.135000000000005]"
jewar_airport_up_r3_c0,jewar_airport_up,infrastructure,"[77.45, 28.135000000000005, 77.495, 28.180000000000007]"
jewar_airport_up_r3_c1,jewar_airport_up,infrastructure,"[77.495, 28.135000000000005, 77.54, 28.180000000000007]"
jewar_airport_up_r3_c2,jewar_airport_up,infrastructure,"[77.54, 28.135000000000005, 77.58500000000001, 28.180000000000007]"
jewar_airport_up_r3_c3,jewar_airport_up,infrastructure,"[77.58500000000001, 28.135000000000005, 77.63000000000001, 28.180000000000007]"
jewar_airport_up_r3_c4,jewar_airport_up,infrastructure,"[77.63000000000001, 28.135000000000005, 77.67500000000001, 28.180000000000007]"
jewar_airport_up_r3_c5,jewar_airport_up,infrastructure,"[77.67500000000001, 28.135000000000005, 77.72000000000001, 28.180000000000007]"
jewar_airport_up_r4_c0,jewar_airport_up,infrastructure,"[77.45, 28.180000000000007, 77.495, 28.22500000000001]"
jewar_airport_up_r4_c1,jewar_airport_up,infrastructure,"[77.495, 28.180000000000007, 77.54, 28.22500000000001]"
jewar_airport_up_r4_c2,jewar_airport_up,infrastructure,"[77.54, 28.180000000000007, 77.58500000000001, 28.22500000000001]"
jewar_airport_up_r4_c3,jewar_airport_up,infrastructure,"[77.58500000000001, 28.180000000000007, 77.63000000000001, 28.22500000000001]"
jewar_airport_up_r4_c4,jewar_airport_up,infrastructure,"[77.63000000000001, 28.180000000000007, 77.67500000000001, 28.22500000000001]"
jewar_airport_up_r4_c5,jewar_airport_up,infrastructure,"[77.67500000000001, 28.180000000000007, 77.72000000000001, 28.22500000000001]"
jewar_airport_up_r5_c0,jewar_airport_up,infrastructure,"[77.45, 28.22500000000001, 77.495, 28.27000000000001]"
jewar_airport_up_r5_c1,jewar_airport_up,infrastructure,"[77.495, 28.22500000000001, 77.54, 28.27000000000001]"
jewar_airport_up_r5_c2,jewar_airport_up,infrastructure,"[77.54, 28.22500000000001, 77.58500000000001, 28.27000000000001]"
jewar_airport_up_r5_c3,jewar_airport_up,infrastructure,"[77.58500000000001, 28.22500000000001, 77.63000000000001, 28.27000000000001]"
jewar_airport_up_r5_c4,jewar_airport_up,infrastructure,"[77.63000000000001, 28.22500000000001, 77.67500000000001, 28.27000000000001]"
jewar_airport_up_r5_c5,jewar_airport_up,infrastructure,"[77.67500000000001, 28.22500000000001, 77.72000000000001, 28.27000000000001]"
navi_mumbai_airport_r0_c0,navi_mumbai_airport,infrastructure,"[73.0, 18.95, 73.045, 18.995]"
navi_mumbai_airport_r0_c1,navi_mumbai_airport,infrastructure,"[73.045, 18.95, 73.09, 18.995]"
navi_mumbai_airport_r0_c2,navi_mumbai_airport,infrastructure,"[73.09, 18.95, 73.135, 18.995]"
navi_mumbai_airport_r0_c3,navi_mumbai_airport,infrastructure,"[73.135, 18.95, 73.18, 18.995]"
navi_mumbai_airport_r0_c4,navi_mumbai_airport,infrastructure,"[73.18, 18.95, 73.22500000000001, 18.995]"
navi_mumbai_airport_r0_c5,navi_mumbai_airport,infrastructure,"[73.22500000000001, 18.95, 73.27000000000001, 18.995]"
navi_mumbai_airport_r1_c0,navi_mumbai_airport,infrastructure,"[73.0, 18.995, 73.045, 19.040000000000003]"
navi_mumbai_airport_r1_c1,navi_mumbai_airport,infrastructure,"[73.045, 18.995, 73.09, 19.040000000000003]"
navi_mumbai_airport_r1_c2,navi_mumbai_airport,infrastructure,"[73.09, 18.995, 73.135, 19.040000000000003]"
navi_mumbai_airport_r1_c3,navi_mumbai_airport,infrastructure,"[73.135, 18.995, 73.18, 19.040000000000003]"
navi_mumbai_airport_r1_c4,navi_mumbai_airport,infrastructure,"[73.18, 18.995, 73.22500000000001, 19.040000000000003]"
navi_mumbai_airport_r1_c5,navi_mumbai_airport,infrastructure,"[73.22500000000001, 18.995, 73.27000000000001, 19.040000000000003]"
navi_mumbai_airport_r2_c0,navi_mumbai_airport,infrastructure,"[73.0, 19.040000000000003, 73.045, 19.085000000000004]"
navi_mumbai_airport_r2_c1,navi_mumbai_airport,infrastructure,"[73.045, 19.040000000000003, 73.09, 19.085000000000004]"
navi_mumbai_airport_r2_c2,navi_mumbai_airport,infrastructure,"[73.09, 19.040000000000003, 73.135, 19.085000000000004]"
navi_mumbai_airport_r2_c3,navi_mumbai_airport,infrastructure,"[73.135, 19.040000000000003, 73.18, 19.085000000000004]"
navi_mumbai_airport_r2_c4,navi_mumbai_airport,infrastructure,"[73.18, 19.040000000000003, 73.22500000000001, 19.085000000000004]"
navi_mumbai_airport_r2_c5,navi_mumbai_airport,infrastructure,"[73.22500000000001, 19.040000000000003, 73.27000000000001, 19.085000000000004]"
navi_mumbai_airport_r3_c0,navi_mumbai_airport,infrastructure,"[73.0, 19.085000000000004, 73.045, 19.130000000000006]"
navi_mumbai_airport_r3_c1,navi_mumbai_airport,infrastructure,"[73.045, 19.085000000000004, 73.09, 19.130000000000006]"
navi_mumbai_airport_r3_c2,navi_mumbai_airport,infrastructure,"[73.09, 19.085000000000004, 73.135, 19.130000000000006]"
navi_mumbai_airport_r3_c3,navi_mumbai_airport,infrastructure,"[73.135, 19.085000000000004, 73.18, 19.130000000000006]"
navi_mumbai_airport_r3_c4,navi_mumbai_airport,infrastructure,"[73.18, 19.085000000000004, 73.22500000000001, 19.130000000000006]"
navi_mumbai_airport_r3_c5,navi_mumbai_airport,infrastructure,"[73.22500000000001, 19.085000000000004, 73.27000000000001, 19.130000000000006]"
navi_mumbai_airport_r4_c0,navi_mumbai_airport,infrastructure,"[73.0, 19.130000000000006, 73.045, 19.175000000000008]"
navi_mumbai_airport_r4_c1,navi_mumbai_airport,infrastructure,"[73.045, 19.130000000000006, 73.09, 19.175000000000008]"
navi_mumbai_airport_r4_c2,navi_mumbai_airport,infrastructure,"[73.09, 19.130000000000006, 73.135, 19.175000000000008]"
navi_mumbai_airport_r4_c3,navi_mumbai_airport,infrastructure,"[73.135, 19.130000000000006, 73.18, 19.175000000000008]"
navi_mumbai_airport_r4_c4,navi_mumbai_airport,infrastructure,"[73.18, 19.130000000000006, 73.22500000000001, 19.175000000000008]"
navi_mumbai_airport_r4_c5,navi_mumbai_airport,infrastructure,"[73.22500000000001, 19.130000000000006, 73.27000000000001, 19.175000000000008]"
navi_mumbai_airport_r5_c0,navi_mumbai_airport,infrastructure,"[73.0, 19.175000000000008, 73.045, 19.22000000000001]"
navi_mumbai_airport_r5_c1,navi_mumbai_airport,infrastructure,"[73.045, 19.175000000000008, 73.09, 19.22000000000001]"
navi_mumbai_airport_r5_c2,navi_mumbai_airport,infrastructure,"[73.09, 19.175000000000008, 73.135, 19.22000000000001]"
navi_mumbai_airport_r5_c3,navi_mumbai_airport,infrastructure,"[73.135, 19.175000000000008, 73.18, 19.22000000000001]"
navi_mumbai_airport_r5_c4,navi_mumbai_airport,infrastructure,"[73.18, 19.175000000000008, 73.22500000000001, 19.22000000000001]"
navi_mumbai_airport_r5_c5,navi_mumbai_airport,infrastructure,"[73.22500000000001, 19.175000000000008, 73.27000000000001, 19.22000000000001]"
statue_of_unity_kevadia_r0_c0,statue_of_unity_kevadia,infrastructure,"[73.6, 21.85, 73.645, 21.895000000000003]"
statue_of_unity_kevadia_r0_c1,statue_of_unity_kevadia,infrastructure,"[73.645, 21.85, 73.69, 21.895000000000003]"
statue_of_unity_kevadia_r0_c2,statue_of_unity_kevadia,infrastructure,"[73.69, 21.85, 73.735, 21.895000000000003]"
statue_of_unity_kevadia_r0_c3,statue_of_unity_kevadia,infrastructure,"[73.735, 21.85, 73.78, 21.895000000000003]"
statue_of_unity_kevadia_r0_c4,statue_of_unity_kevadia,infrastructure,"[73.78, 21.85, 73.825, 21.895000000000003]"
statue_of_unity_kevadia_r0_c5,statue_of_unity_kevadia,infrastructure,"[73.825, 21.85, 73.87, 21.895000000000003]"
statue_of_unity_kevadia_r1_c0,statue_of_unity_kevadia,infrastructure,"[73.6, 21.895000000000003, 73.645, 21.940000000000005]"
statue_of_unity_kevadia_r1_c1,statue_of_unity_kevadia,infrastructure,"[73.645, 21.895000000000003, 73.69, 21.940000000000005]"
statue_of_unity_kevadia_r1_c2,statue_of_unity_kevadia,infrastructure,"[73.69, 21.895000000000003, 73.735, 21.940000000000005]"
statue_of_unity_kevadia_r1_c3,statue_of_unity_kevadia,infrastructure,"[73.735, 21.895000000000003, 73.78, 21.940000000000005]"
statue_of_unity_kevadia_r1_c4,statue_of_unity_kevadia,infrastructure,"[73.78, 21.895000000000003, 73.825, 21.940000000000005]"
statue_of_unity_kevadia_r1_c5,statue_of_unity_kevadia,infrastructure,"[73.825, 21.895000000000003, 73.87, 21.940000000000005]"
statue_of_unity_kevadia_r2_c0,statue_of_unity_kevadia,infrastructure,"[73.6, 21.940000000000005, 73.645, 21.985000000000007]"
statue_of_unity_kevadia_r2_c1,statue_of_unity_kevadia,infrastructure,"[73.645, 21.940000000000005, 73.69, 21.985000000000007]"
statue_of_unity_kevadia_r2_c2,statue_of_unity_kevadia,infrastructure,"[73.69, 21.940000000000005, 73.735, 21.985000000000007]"
statue_of_unity_kevadia_r2_c3,statue_of_unity_kevadia,infrastructure,"[73.735, 21.940000000000005, 73.78, 21.985000000000007]"
statue_of_unity_kevadia_r2_c4,statue_of_unity_kevadia,infrastructure,"[73.78, 21.940000000000005, 73.825, 21.985000000000007]"
statue_of_unity_kevadia_r2_c5,statue_of_unity_kevadia,infrastructure,"[73.825, 21.940000000000005, 73.87, 21.985000000000007]"
statue_of_unity_kevadia_r3_c0,statue_of_unity_kevadia,infrastructure,"[73.6, 21.985000000000007, 73.645, 22.03000000000001]"
statue_of_unity_kevadia_r3_c1,statue_of_unity_kevadia,infrastructure,"[73.645, 21.985000000000007, 73.69, 22.03000000000001]"
statue_of_unity_kevadia_r3_c2,statue_of_unity_kevadia,infrastructure,"[73.69, 21.985000000000007, 73.735, 22.03000000000001]"
statue_of_unity_kevadia_r3_c3,statue_of_unity_kevadia,infrastructure,"[73.735, 21.985000000000007, 73.78, 22.03000000000001]"
statue_of_unity_kevadia_r3_c4,statue_of_unity_kevadia,infrastructure,"[73.78, 21.985000000000007, 73.825, 22.03000000000001]"
statue_of_unity_kevadia_r3_c5,statue_of_unity_kevadia,infrastructure,"[73.825, 21.985000000000007, 73.87, 22.03000000000001]"
statue_of_unity_kevadia_r4_c0,statue_of_unity_kevadia,infrastructure,"[73.6, 22.03000000000001, 73.645, 22.07500000000001]"
statue_of_unity_kevadia_r4_c1,statue_of_unity_kevadia,infrastructure,"[73.645, 22.03000000000001, 73.69, 22.07500000000001]"
statue_of_unity_kevadia_r4_c2,statue_of_unity_kevadia,infrastructure,"[73.69, 22.03000000000001, 73.735, 22.07500000000001]"
statue_of_unity_kevadia_r4_c3,statue_of_unity_kevadia,infrastructure,"[73.735, 22.03000000000001, 73.78, 22.07500000000001]"
statue_of_unity_kevadia_r4_c4,statue_of_unity_kevadia,infrastructure,"[73.78, 22.03000000000001, 73.825, 22.07500000000001]"
statue_of_unity_kevadia_r4_c5,statue_of_unity_kevadia,infrastructure,"[73.825, 22.03000000000001, 73.87, 22.07500000000001]"
statue_of_unity_kevadia_r5_c0,statue_of_unity_kevadia,infrastructure,"[73.6, 22.07500000000001, 73.645, 22.12000000000001]"
statue_of_unity_kevadia_r5_c1,statue_of_unity_kevadia,infrastructure,"[73.645, 22.07500000000001, 73.69, 22.12000000000001]"
statue_of_unity_kevadia_r5_c2,statue_of_unity_kevadia,infrastructure,"[73.69, 22.07500000000001, 73.735, 22.12000000000001]"
statue_of_unity_kevadia_r5_c3,statue_of_unity_kevadia,infrastructure,"[73.735, 22.07500000000001, 73.78, 22.12000000000001]"
statue_of_unity_kevadia_r5_c4,statue_of_unity_kevadia,infrastructure,"[73.78, 22.07500000000001, 73.825, 22.12000000000001]"
statue_of_unity_kevadia_r5_c5,statue_of_unity_kevadia,infrastructure,"[73.825, 22.07500000000001, 73.87, 22.12000000000001]"
central_vista_delhi_r0_c0,central_vista_delhi,infrastructure,"[77.15, 28.55, 77.19500000000001, 28.595000000000002]"
central_vista_delhi_r0_c1,central_vista_delhi,infrastructure,"[77.19500000000001, 28.55, 77.24000000000001, 28.595000000000002]"
central_vista_delhi_r0_c2,central_vista_delhi,infrastructure,"[77.24000000000001, 28.55, 77.28500000000001, 28.595000000000002]"
central_vista_delhi_r0_c3,central_vista_delhi,infrastructure,"[77.28500000000001, 28.55, 77.33000000000001, 28.595000000000002]"
central_vista_delhi_r0_c4,central_vista_delhi,infrastructure,"[77.33000000000001, 28.55, 77.37500000000001, 28.595000000000002]"
central_vista_delhi_r0_c5,central_vista_delhi,infrastructure,"[77.37500000000001, 28.55, 77.42000000000002, 28.595000000000002]"
central_vista_delhi_r1_c0,central_vista_delhi,infrastructure,"[77.15, 28.595000000000002, 77.19500000000001, 28.640000000000004]"
central_vista_delhi_r1_c1,central_vista_delhi,infrastructure,"[77.19500000000001, 28.595000000000002, 77.24000000000001, 28.640000000000004]"
central_vista_delhi_r1_c2,central_vista_delhi,infrastructure,"[77.24000000000001, 28.595000000000002, 77.28500000000001, 28.640000000000004]"
central_vista_delhi_r1_c3,central_vista_delhi,infrastructure,"[77.28500000000001, 28.595000000000002, 77.33000000000001, 28.640000000000004]"
central_vista_delhi_r1_c4,central_vista_delhi,infrastructure,"[77.33000000000001, 28.595000000000002, 77.37500000000001, 28.640000000000004]"
central_vista_delhi_r1_c5,central_vista_delhi,infrastructure,"[77.37500000000001, 28.595000000000002, 77.42000000000002, 28.640000000000004]"
central_vista_delhi_r2_c0,central_vista_delhi,infrastructure,"[77.15, 28.640000000000004, 77.19500000000001, 28.685000000000006]"
central_vista_delhi_r2_c1,central_vista_delhi,infrastructure,"[77.19500000000001, 28.640000000000004, 77.24000000000001, 28.685000000000006]"
central_vista_delhi_r2_c2,central_vista_delhi,infrastructure,"[77.24000000000001, 28.640000000000004, 77.28500000000001, 28.685000000000006]"
central_vista_delhi_r2_c3,central_vista_delhi,infrastructure,"[77.28500000000001, 28.640000000000004, 77.33000000000001, 28.685000000000006]"
central_vista_delhi_r2_c4,central_vista_delhi,infrastructure,"[77.33000000000001, 28.640000000000004, 77.37500000000001, 28.685000000000006]"
central_vista_delhi_r2_c5,central_vista_delhi,infrastructure,"[77.37500000000001, 28.640000000000004, 77.42000000000002, 28.685000000000006]"
central_vista_delhi_r3_c0,central_vista_delhi,infrastructure,"[77.15, 28.685000000000006, 77.19500000000001, 28.730000000000008]"
central_vista_delhi_r3_c1,central_vista_delhi,infrastructure,"[77.19500000000001, 28.685000000000006, 77.24000000000001, 28.730000000000008]"
central_vista_delhi_r3_c2,central_vista_delhi,infrastructure,"[77.24000000000001, 28.685000000000006, 77.28500000000001, 28.730000000000008]"
central_vista_delhi_r3_c3,central_vista_delhi,infrastructure,"[77.28500000000001, 28.685000000000006, 77.33000000000001, 28.730000000000008]"
central_vista_delhi_r3_c4,central_vista_delhi,infrastructure,"[77.33000000000001, 28.685000000000006, 77.37500000000001, 28.730000000000008]"
central_vista_delhi_r3_c5,central_vista_delhi,infrastructure,"[77.37500000000001, 28.685000000000006, 77.42000000000002, 28.730000000000008]"
central_vista_delhi_r4_c0,central_vista_delhi,infrastructure,"[77.15, 28.730000000000008, 77.19500000000001, 28.77500000000001]"
central_vista_delhi_r4_c1,central_vista_delhi,infrastructure,"[77.19500000000001, 28.730000000000008, 77.24000000000001, 28.77500000000001]"
central_vista_delhi_r4_c2,central_vista_delhi,infrastructure,"[77.24000000000001, 28.730000000000008, 77.28500000000001, 28.77500000000001]"
central_vista_delhi_r4_c3,central_vista_delhi,infrastructure,"[77.28500000000001, 28.730000000000008, 77.33000000000001, 28.77500000000001]"
central_vista_delhi_r4_c4,central_vista_delhi,infrastructure,"[77.33000000000001, 28.730000000000008, 77.37500000000001, 28.77500000000001]"
central_vista_delhi_r4_c5,central_vista_delhi,infrastructure,"[77.37500000000001, 28.730000000000008, 77.42000000000002, 28.77500000000001]"
central_vista_delhi_r5_c0,central_vista_delhi,infrastructure,"[77.15, 28.77500000000001, 77.19500000000001, 28.82000000000001]"
central_vista_delhi_r5_c1,central_vista_delhi,infrastructure,"[77.19500000000001, 28.77500000000001, 77.24000000000001, 28.82000000000001]"
central_vista_delhi_r5_c2,central_vista_delhi,infrastructure,"[77.24000000000001, 28.77500000000001, 77.28500000000001, 28.82000000000001]"
central_vista_delhi_r5_c3,central_vista_delhi,infrastructure,"[77.28500000000001, 28.77500000000001, 77.33000000000001, 28.82000000000001]"
central_vista_delhi_r5_c4,central_vista_delhi,infrastructure,"[77.33000000000001, 28.77500000000001, 77.37500000000001, 28.82000000000001]"
central_vista_delhi_r5_c5,central_vista_delhi,infrastructure,"[77.37500000000001, 28.77500000000001, 77.42000000000002, 28.82000000000001]"
chenab_bridge_jk_r0_c0,chenab_bridge_jk,infrastructure,"[75.15, 33.2, 75.19500000000001, 33.245000000000005]"
chenab_bridge_jk_r0_c1,chenab_bridge_jk,infrastructure,"[75.19500000000001, 33.2, 75.24000000000001, 33.245000000000005]"
chenab_bridge_jk_r0_c2,chenab_bridge_jk,infrastructure,"[75.24000000000001, 33.2, 75.28500000000001, 33.245000000000005]"
chenab_bridge_jk_r0_c3,chenab_bridge_jk,infrastructure,"[75.28500000000001, 33.2, 75.33000000000001, 33.245000000000005]"
chenab_bridge_jk_r0_c4,chenab_bridge_jk,infrastructure,"[75.33000000000001, 33.2, 75.37500000000001, 33.245000000000005]"
chenab_bridge_jk_r0_c5,chenab_bridge_jk,infrastructure,"[75.37500000000001, 33.2, 75.42000000000002, 33.245000000000005]"
chenab_bridge_jk_r1_c0,chenab_bridge_jk,infrastructure,"[75.15, 33.245000000000005, 75.19500000000001, 33.290000000000006]"
chenab_bridge_jk_r1_c1,chenab_bridge_jk,infrastructure,"[75.19500000000001, 33.245000000000005, 75.24000000000001, 33.290000000000006]"
chenab_bridge_jk_r1_c2,chenab_bridge_jk,infrastructure,"[75.24000000000001, 33.245000000000005, 75.28500000000001, 33.290000000000006]"
chenab_bridge_jk_r1_c3,chenab_bridge_jk,infrastructure,"[75.28500000000001, 33.245000000000005, 75.33000000000001, 33.290000000000006]"
chenab_bridge_jk_r1_c4,chenab_bridge_jk,infrastructure,"[75.33000000000001, 33.245000000000005, 75.37500000000001, 33.290000000000006]"
chenab_bridge_jk_r1_c5,chenab_bridge_jk,infrastructure,"[75.37500000000001, 33.245000000000005, 75.42000000000002, 33.290000000000006]"
chenab_bridge_jk_r2_c0,chenab_bridge_jk,infrastructure,"[75.15, 33.290000000000006, 75.19500000000001, 33.33500000000001]"
chenab_bridge_jk_r2_c1,chenab_bridge_jk,infrastructure,"[75.19500000000001, 33.290000000000006, 75.24000000000001, 33.33500000000001]"
chenab_bridge_jk_r2_c2,chenab_bridge_jk,infrastructure,"[75.24000000000001, 33.290000000000006, 75.28500000000001, 33.33500000000001]"
chenab_bridge_jk_r2_c3,chenab_bridge_jk,infrastructure,"[75.28500000000001, 33.290000000000006, 75.33000000000001, 33.33500000000001]"
chenab_bridge_jk_r2_c4,chenab_bridge_jk,infrastructure,"[75.33000000000001, 33.290000000000006, 75.37500000000001, 33.33500000000001]"
chenab_bridge_jk_r2_c5,chenab_bridge_jk,infrastructure,"[75.37500000000001, 33.290000000000006, 75.42000000000002, 33.33500000000001]"
chenab_bridge_jk_r3_c0,chenab_bridge_jk,infrastructure,"[75.15, 33.33500000000001, 75.19500000000001, 33.38000000000001]"
chenab_bridge_jk_r3_c1,chenab_bridge_jk,infrastructure,"[75.19500000000001, 33.33500000000001, 75.24000000000001, 33.38000000000001]"
chenab_bridge_jk_r3_c2,chenab_bridge_jk,infrastructure,"[75.24000000000001, 33.33500000000001, 75.28500000000001, 33.38000000000001]"
chenab_bridge_jk_r3_c3,chenab_bridge_jk,infrastructure,"[75.28500000000001, 33.33500000000001, 75.33000000000001, 33.38000000000001]"
chenab_bridge_jk_r3_c4,chenab_bridge_jk,infrastructure,"[75.33000000000001, 33.33500000000001, 75.37500000000001, 33.38000000000001]"
chenab_bridge_jk_r3_c5,chenab_bridge_jk,infrastructure,"[75.37500000000001, 33.33500000000001, 75.42000000000002, 33.38000000000001]"
chenab_bridge_jk_r4_c0,chenab_bridge_jk,infrastructure,"[75.15, 33.38000000000001, 75.19500000000001, 33.42500000000001]"
chenab_bridge_jk_r4_c1,chenab_bridge_jk,infrastructure,"[75.19500000000001, 33.38000000000001, 75.24000000000001, 33.42500000000001]"
chenab_bridge_jk_r4_c2,chenab_bridge_jk,infrastructure,"[75.24000000000001, 33.38000000000001, 75.28500000000001, 33.42500000000001]"
chenab_bridge_jk_r4_c3,chenab_bridge_jk,infrastructure,"[75.28500000000001, 33.38000000000001, 75.33000000000001, 33.42500000000001]"
chenab_bridge_jk_r4_c4,chenab_bridge_jk,infrastructure,"[75.33000000000001, 33.38000000000001, 75.37500000000001, 33.42500000000001]"
chenab_bridge_jk_r4_c5,chenab_bridge_jk,infrastructure,"[75.37500000000001, 33.38000000000001, 75.42000000000002, 33.42500000000001]"
chenab_bridge_jk_r5_c0,chenab_bridge_jk,infrastructure,"[75.15, 33.42500000000001, 75.19500000000001, 33.47000000000001]"
chenab_bridge_jk_r5_c1,chenab_bridge_jk,infrastructure,"[75.19500000000001, 33.42500000000001, 75.24000000000001, 33.47000000000001]"
chenab_bridge_jk_r5_c2,chenab_bridge_jk,infrastructure,"[75.24000000000001, 33.42500000000001, 75.28500000000001, 33.47000000000001]"
chenab_bridge_jk_r5_c3,chenab_bridge_jk,infrastructure,"[75.28500000000001, 33.42500000000001, 75.33000000000001, 33.47000000000001]"
chenab_bridge_jk_r5_c4,chenab_bridge_jk,infrastructure,"[75.33000000000001, 33.42500000000001, 75.37500000000001, 33.47000000000001]"
chenab_bridge_jk_r5_c5,chenab_bridge_jk,infrastructure,"[75.37500000000001, 33.42500000000001, 75.42000000000002, 33.47000000000001]"
atal_setu_mumbai_r0_c0,atal_setu_mumbai,infrastructure,"[72.8, 18.85, 72.845, 18.895000000000003]"
atal_setu_mumbai_r0_c1,atal_setu_mumbai,infrastructure,"[72.845, 18.85, 72.89, 18.895000000000003]"
atal_setu_mumbai_r0_c2,atal_setu_mumbai,infrastructure,"[72.89, 18.85, 72.935, 18.895000000000003]"
atal_setu_mumbai_r0_c3,atal_setu_mumbai,infrastructure,"[72.935, 18.85, 72.98, 18.895000000000003]"
atal_setu_mumbai_r0_c4,atal_setu_mumbai,infrastructure,"[72.98, 18.85, 73.025, 18.895000000000003]"
atal_setu_mumbai_r0_c5,atal_setu_mumbai,infrastructure,"[73.025, 18.85, 73.07000000000001, 18.895000000000003]"
atal_setu_mumbai_r1_c0,atal_setu_mumbai,infrastructure,"[72.8, 18.895000000000003, 72.845, 18.940000000000005]"
atal_setu_mumbai_r1_c1,atal_setu_mumbai,infrastructure,"[72.845, 18.895000000000003, 72.89, 18.940000000000005]"
atal_setu_mumbai_r1_c2,atal_setu_mumbai,infrastructure,"[72.89, 18.895000000000003, 72.935, 18.940000000000005]"
atal_setu_mumbai_r1_c3,atal_setu_mumbai,infrastructure,"[72.935, 18.895000000000003, 72.98, 18.940000000000005]"
atal_setu_mumbai_r1_c4,atal_setu_mumbai,infrastructure,"[72.98, 18.895000000000003, 73.025, 18.940000000000005]"
atal_setu_mumbai_r1_c5,atal_setu_mumbai,infrastructure,"[73.025, 18.895000000000003, 73.07000000000001, 18.940000000000005]"
atal_setu_mumbai_r2_c0,atal_setu_mumbai,infrastructure,"[72.8, 18.940000000000005, 72.845, 18.985000000000007]"
atal_setu_mumbai_r2_c1,atal_setu_mumbai,infrastructure,"[72.845, 18.940000000000005, 72.89, 18.985000000000007]"
atal_setu_mumbai_r2_c2,atal_setu_mumbai,infrastructure,"[72.89, 18.940000000000005, 72.935, 18.985000000000007]"
atal_setu_mumbai_r2_c3,atal_setu_mumbai,infrastructure,"[72.935, 18.940000000000005, 72.98, 18.985000000000007]"
atal_setu_mumbai_r2_c4,atal_setu_mumbai,infrastructure,"[72.98, 18.940000000000005, 73.025, 18.985000000000007]"
atal_setu_mumbai_r2_c5,atal_setu_mumbai,infrastructure,"[73.025, 18.940000000000005, 73.07000000000001, 18.985000000000007]"
atal_setu_mumbai_r3_c0,atal_setu_mumbai,infrastructure,"[72.8, 18.985000000000007, 72.845, 19.03000000000001]"
atal_setu_mumbai_r3_c1,atal_setu_mumbai,infrastructure,"[72.845, 18.985000000000007, 72.89, 19.03000000000001]"
atal_setu_mumbai_r3_c2,atal_setu_mumbai,infrastructure,"[72.89, 18.985000000000007, 72.935, 19.03000000000001]"
atal_setu_mumbai_r3_c3,atal_setu_mumbai,infrastructure,"[72.935, 18.985000000000007, 72.98, 19.03000000000001]"
atal_setu_mumbai_r3_c4,atal_setu_mumbai,infrastructure,"[72.98, 18.985000000000007, 73.025, 19.03000000000001]"
atal_setu_mumbai_r3_c5,atal_setu_mumbai,infrastructure,"[73.025, 18.985000000000007, 73.07000000000001, 19.03000000000001]"
atal_setu_mumbai_r4_c0,atal_setu_mumbai,infrastructure,"[72.8, 19.03000000000001, 72.845, 19.07500000000001]"
atal_setu_mumbai_r4_c1,atal_setu_mumbai,infrastructure,"[72.845, 19.03000000000001, 72.89, 19.07500000000001]"
atal_setu_mumbai_r4_c2,atal_setu_mumbai,infrastructure,"[72.89, 19.03000000000001, 72.935, 19.07500000000001]"
atal_setu_mumbai_r4_c3,atal_setu_mumbai,infrastructure,"[72.935, 19.03000000000001, 72.98, 19.07500000000001]"
atal_setu_mumbai_r4_c4,atal_setu_mumbai,infrastructure,"[72.98, 19.03000000000001, 73.025, 19.07500000000001]"
atal_setu_mumbai_r4_c5,atal_setu_mumbai,infrastructure,"[73.025, 19.03000000000001, 73.07000000000001, 19.07500000000001]"
atal_setu_mumbai_r5_c0,atal_setu_mumbai,infrastructure,"[72.8, 19.07500000000001, 72.845, 19.12000000000001]"
atal_setu_mumbai_r5_c1,atal_setu_mumbai,infrastructure,"[72.845, 19.07500000000001, 72.89, 19.12000000000001]"
atal_setu_mumbai_r5_c2,atal_setu_mumbai,infrastructure,"[72.89, 19.07500000000001, 72.935, 19.12000000000001]"
atal_setu_mumbai_r5_c3,atal_setu_mumbai,infrastructure,"[72.935, 19.07500000000001, 72.98, 19.12000000000001]"
atal_setu_mumbai_r5_c4,atal_setu_mumbai,infrastructure,"[72.98, 19.07500000000001, 73.025, 19.12000000000001]"
atal_setu_mumbai_r5_c5,atal_setu_mumbai,infrastructure,"[73.025, 19.07500000000001, 73.07000000000001, 19.12000000000001]"
bogibeel_bridge_assam_r0_c0,bogibeel_bridge_assam,infrastructure,"[95.3, 27.6, 95.345, 27.645000000000003]"
bogibeel_bridge_assam_r0_c1,bogibeel_bridge_assam,infrastructure,"[95.345, 27.6, 95.39, 27.645000000000003]"
bogibeel_bridge_assam_r0_c2,bogibeel_bridge_assam,infrastructure,"[95.39, 27.6, 95.435, 27.645000000000003]"
bogibeel_bridge_assam_r0_c3,bogibeel_bridge_assam,infrastructure,"[95.435, 27.6, 95.48, 27.645000000000003]"
bogibeel_bridge_assam_r0_c4,bogibeel_bridge_assam,infrastructure,"[95.48, 27.6, 95.525, 27.645000000000003]"
bogibeel_bridge_assam_r0_c5,bogibeel_bridge_assam,infrastructure,"[95.525, 27.6, 95.57000000000001, 27.645000000000003]"
bogibeel_bridge_assam_r1_c0,bogibeel_bridge_assam,infrastructure,"[95.3, 27.645000000000003, 95.345, 27.690000000000005]"
bogibeel_bridge_assam_r1_c1,bogibeel_bridge_assam,infrastructure,"[95.345, 27.645000000000003, 95.39, 27.690000000000005]"
bogibeel_bridge_assam_r1_c2,bogibeel_bridge_assam,infrastructure,"[95.39, 27.645000000000003, 95.435, 27.690000000000005]"
bogibeel_bridge_assam_r1_c3,bogibeel_bridge_assam,infrastructure,"[95.435, 27.645000000000003, 95.48, 27.690000000000005]"
bogibeel_bridge_assam_r1_c4,bogibeel_bridge_assam,infrastructure,"[95.48, 27.645000000000003, 95.525, 27.690000000000005]"
bogibeel_bridge_assam_r1_c5,bogibeel_bridge_assam,infrastructure,"[95.525, 27.645000000000003, 95.57000000000001, 27.690000000000005]"
bogibeel_bridge_assam_r2_c0,bogibeel_bridge_assam,infrastructure,"[95.3, 27.690000000000005, 95.345, 27.735000000000007]"
bogibeel_bridge_assam_r2_c1,bogibeel_bridge_assam,infrastructure,"[95.345, 27.690000000000005, 95.39, 27.735000000000007]"
bogibeel_bridge_assam_r2_c2,bogibeel_bridge_assam,infrastructure,"[95.39, 27.690000000000005, 95.435, 27.735000000000007]"
bogibeel_bridge_assam_r2_c3,bogibeel_bridge_assam,infrastructure,"[95.435, 27.690000000000005, 95.48, 27.735000000000007]"
bogibeel_bridge_assam_r2_c4,bogibeel_bridge_assam,infrastructure,"[95.48, 27.690000000000005, 95.525, 27.735000000000007]"
bogibeel_bridge_assam_r2_c5,bogibeel_bridge_assam,infrastructure,"[95.525, 27.690000000000005, 95.57000000000001, 27.735000000000007]"
bogibeel_bridge_assam_r3_c0,bogibeel_bridge_assam,infrastructure,"[95.3, 27.735000000000007, 95.345, 27.78000000000001]"
bogibeel_bridge_assam_r3_c1,bogibeel_bridge_assam,infrastructure,"[95.345, 27.735000000000007, 95.39, 27.78000000000001]"
bogibeel_bridge_assam_r3_c2,bogibeel_bridge_assam,infrastructure,"[95.39, 27.735000000000007, 95.435, 27.78000000000001]"
bogibeel_bridge_assam_r3_c3,bogibeel_bridge_assam,infrastructure,"[95.435, 27.735000000000007, 95.48, 27.78000000000001]"
bogibeel_bridge_assam_r3_c4,bogibeel_bridge_assam,infrastructure,"[95.48, 27.735000000000007, 95.525, 27.78000000000001]"
bogibeel_bridge_assam_r3_c5,bogibeel_bridge_assam,infrastructure,"[95.525, 27.735000000000007, 95.57000000000001, 27.78000000000001]"
bogibeel_bridge_assam_r4_c0,bogibeel_bridge_assam,infrastructure,"[95.3, 27.78000000000001, 95.345, 27.82500000000001]"
bogibeel_bridge_assam_r4_c1,bogibeel_bridge_assam,infrastructure,"[95.345, 27.78000000000001, 95.39, 27.82500000000001]"
bogibeel_bridge_assam_r4_c2,bogibeel_bridge_assam,infrastructure,"[95.39, 27.78000000000001, 95.435, 27.82500000000001]"
bogibeel_bridge_assam_r4_c3,bogibeel_bridge_assam,infrastructure,"[95.435, 27.78000000000001, 95.48, 27.82500000000001]"
bogibeel_bridge_assam_r4_c4,bogibeel_bridge_assam,infrastructure,"[95.48, 27.78000000000001, 95.525, 27.82500000000001]"
bogibeel_bridge_assam_r4_c5,bogibeel_bridge_assam,infrastructure,"[95.525, 27.78000000000001, 95.57000000000001, 27.82500000000001]"
bogibeel_bridge_assam_r5_c0,bogibeel_bridge_assam,infrastructure,"[95.3, 27.82500000000001, 95.345, 27.87000000000001]"
bogibeel_bridge_assam_r5_c1,bogibeel_bridge_assam,infrastructure,"[95.345, 27.82500000000001, 95.39, 27.87000000000001]"
bogibeel_bridge_assam_r5_c2,bogibeel_bridge_assam,infrastructure,"[95.39, 27.82500000000001, 95.435, 27.87000000000001]"
bogibeel_bridge_assam_r5_c3,bogibeel_bridge_assam,infrastructure,"[95.435, 27.82500000000001, 95.48, 27.87000000000001]"
bogibeel_bridge_assam_r5_c4,bogibeel_bridge_assam,infrastructure,"[95.48, 27.82500000000001, 95.525, 27.87000000000001]"
bogibeel_bridge_assam_r5_c5,bogibeel_bridge_assam,infrastructure,"[95.525, 27.82500000000001, 95.57000000000001, 27.87000000000001]"
dholera_sir_gujarat_r0_c0,dholera_sir_gujarat,infrastructure,"[72.1, 22.1, 72.145, 22.145000000000003]"
dholera_sir_gujarat_r0_c1,dholera_sir_gujarat,infrastructure,"[72.145, 22.1, 72.19, 22.145000000000003]"
dholera_sir_gujarat_r0_c2,dholera_sir_gujarat,infrastructure,"[72.19, 22.1, 72.235, 22.145000000000003]"
dholera_sir_gujarat_r0_c3,dholera_sir_gujarat,infrastructure,"[72.235, 22.1, 72.28, 22.145000000000003]"
dholera_sir_gujarat_r0_c4,dholera_sir_gujarat,infrastructure,"[72.28, 22.1, 72.325, 22.145000000000003]"
dholera_sir_gujarat_r0_c5,dholera_sir_gujarat,infrastructure,"[72.325, 22.1, 72.37, 22.145000000000003]"
dholera_sir_gujarat_r1_c0,dholera_sir_gujarat,infrastructure,"[72.1, 22.145000000000003, 72.145, 22.190000000000005]"
dholera_sir_gujarat_r1_c1,dholera_sir_gujarat,infrastructure,"[72.145, 22.145000000000003, 72.19, 22.190000000000005]"
dholera_sir_gujarat_r1_c2,dholera_sir_gujarat,infrastructure,"[72.19, 22.145000000000003, 72.235, 22.190000000000005]"
dholera_sir_gujarat_r1_c3,dholera_sir_gujarat,infrastructure,"[72.235, 22.145000000000003, 72.28, 22.190000000000005]"
dholera_sir_gujarat_r1_c4,dholera_sir_gujarat,infrastructure,"[72.28, 22.145000000000003, 72.325, 22.190000000000005]"
dholera_sir_gujarat_r1_c5,dholera_sir_gujarat,infrastructure,"[72.325, 22.145000000000003, 72.37, 22.190000000000005]"
dholera_sir_gujarat_r2_c0,dholera_sir_gujarat,infrastructure,"[72.1, 22.190000000000005, 72.145, 22.235000000000007]"
dholera_sir_gujarat_r2_c1,dholera_sir_gujarat,infrastructure,"[72.145, 22.190000000000005, 72.19, 22.235000000000007]"
dholera_sir_gujarat_r2_c2,dholera_sir_gujarat,infrastructure,"[72.19, 22.190000000000005, 72.235, 22.235000000000007]"
dholera_sir_gujarat_r2_c3,dholera_sir_gujarat,infrastructure,"[72.235, 22.190000000000005, 72.28, 22.235000000000007]"
dholera_sir_gujarat_r2_c4,dholera_sir_gujarat,infrastructure,"[72.28, 22.190000000000005, 72.325, 22.235000000000007]"
dholera_sir_gujarat_r2_c5,dholera_sir_gujarat,infrastructure,"[72.325, 22.190000000000005, 72.37, 22.235000000000007]"
dholera_sir_gujarat_r3_c0,dholera_sir_gujarat,infrastructure,"[72.1, 22.235000000000007, 72.145, 22.28000000000001]"
dholera_sir_gujarat_r3_c1,dholera_sir_gujarat,infrastructure,"[72.145, 22.235000000000007, 72.19, 22.28000000000001]"
dholera_sir_gujarat_r3_c2,dholera_sir_gujarat,infrastructure,"[72.19, 22.235000000000007, 72.235, 22.28000000000001]"
dholera_sir_gujarat_r3_c3,dholera_sir_gujarat,infrastructure,"[72.235, 22.235000000000007, 72.28, 22.28000000000001]"
dholera_sir_gujarat_r3_c4,dholera_sir_gujarat,infrastructure,"[72.28, 22.235000000000007, 72.325, 22.28000000000001]"
dholera_sir_gujarat_r3_c5,dholera_sir_gujarat,infrastructure,"[72.325, 22.235000000000007, 72.37, 22.28000000000001]"
dholera_sir_gujarat_r4_c0,dholera_sir_gujarat,infrastructure,"[72.1, 22.28000000000001, 72.145, 22.32500000000001]"
dholera_sir_gujarat_r4_c1,dholera_sir_gujarat,infrastructure,"[72.145, 22.28000000000001, 72.19, 22.32500000000001]"
dholera_sir_gujarat_r4_c2,dholera_sir_gujarat,infrastructure,"[72.19, 22.28000000000001, 72.235, 22.32500000000001]"
dholera_sir_gujarat_r4_c3,dholera_sir_gujarat,infrastructure,"[72.235, 22.28000000000001, 72.28, 22.32500000000001]"
dholera_sir_gujarat_r4_c4,dholera_sir_gujarat,infrastructure,"[72.28, 22.28000000000001, 72.325, 22.32500000000001]"
dholera_sir_gujarat_r4_c5,dholera_sir_gujarat,infrastructure,"[72.325, 22.28000000000001, 72.37, 22.32500000000001]"
dholera_sir_gujarat_r5_c0,dholera_sir_gujarat,infrastructure,"[72.1, 22.32500000000001, 72.145, 22.37000000000001]"
dholera_sir_gujarat_r5_c1,dholera_sir_gujarat,infrastructure,"[72.145, 22.32500000000001, 72.19, 22.37000000000001]"
dholera_sir_gujarat_r5_c2,dholera_sir_gujarat,infrastructure,"[72.19, 22.32500000000001, 72.235, 22.37000000000001]"
dholera_sir_gujarat_r5_c3,dholera_sir_gujarat,infrastructure,"[72.235, 22.32500000000001, 72.28, 22.37000000000001]"
dholera_sir_gujarat_r5_c4,dholera_sir_gujarat,infrastructure,"[72.28, 22.32500000000001, 72.325, 22.37000000000001]"
dholera_sir_gujarat_r5_c5,dholera_sir_gujarat,infrastructure,"[72.325, 22.32500000000001, 72.37, 22.37000000000001]"
purvanchal_expressway_up_r0_c0,purvanchal_expressway_up,infrastructure,"[82.45, 26.65, 82.495, 26.695]"
purvanchal_expressway_up_r0_c1,purvanchal_expressway_up,infrastructure,"[82.495, 26.65, 82.54, 26.695]"
purvanchal_expressway_up_r0_c2,purvanchal_expressway_up,infrastructure,"[82.54, 26.65, 82.58500000000001, 26.695]"
purvanchal_expressway_up_r0_c3,purvanchal_expressway_up,infrastructure,"[82.58500000000001, 26.65, 82.63000000000001, 26.695]"
purvanchal_expressway_up_r0_c4,purvanchal_expressway_up,infrastructure,"[82.63000000000001, 26.65, 82.67500000000001, 26.695]"
purvanchal_expressway_up_r0_c5,purvanchal_expressway_up,infrastructure,"[82.67500000000001, 26.65, 82.72000000000001, 26.695]"
purvanchal_expressway_up_r1_c0,purvanchal_expressway_up,infrastructure,"[82.45, 26.695, 82.495, 26.740000000000002]"
purvanchal_expressway_up_r1_c1,purvanchal_expressway_up,infrastructure,"[82.495, 26.695, 82.54, 26.740000000000002]"
purvanchal_expressway_up_r1_c2,purvanchal_expressway_up,infrastructure,"[82.54, 26.695, 82.58500000000001, 26.740000000000002]"
purvanchal_expressway_up_r1_c3,purvanchal_expressway_up,infrastructure,"[82.58500000000001, 26.695, 82.63000000000001, 26.740000000000002]"
purvanchal_expressway_up_r1_c4,purvanchal_expressway_up,infrastructure,"[82.63000000000001, 26.695, 82.67500000000001, 26.740000000000002]"
purvanchal_expressway_up_r1_c5,purvanchal_expressway_up,infrastructure,"[82.67500000000001, 26.695, 82.72000000000001, 26.740000000000002]"
purvanchal_expressway_up_r2_c0,purvanchal_expressway_up,infrastructure,"[82.45, 26.740000000000002, 82.495, 26.785000000000004]"
purvanchal_expressway_up_r2_c1,purvanchal_expressway_up,infrastructure,"[82.495, 26.740000000000002, 82.54, 26.785000000000004]"
purvanchal_expressway_up_r2_c2,purvanchal_expressway_up,infrastructure,"[82.54, 26.740000000000002, 82.58500000000001, 26.785000000000004]"
purvanchal_expressway_up_r2_c3,purvanchal_expressway_up,infrastructure,"[82.58500000000001, 26.740000000000002, 82.63000000000001, 26.785000000000004]"
purvanchal_expressway_up_r2_c4,purvanchal_expressway_up,infrastructure,"[82.63000000000001, 26.740000000000002, 82.67500000000001, 26.785000000000004]"
purvanchal_expressway_up_r2_c5,purvanchal_expressway_up,infrastructure,"[82.67500000000001, 26.740000000000002, 82.72000000000001, 26.785000000000004]"
purvanchal_expressway_up_r3_c0,purvanchal_expressway_up,infrastructure,"[82.45, 26.785000000000004, 82.495, 26.830000000000005]"
purvanchal_expressway_up_r3_c1,purvanchal_expressway_up,infrastructure,"[82.495, 26.785000000000004, 82.54, 26.830000000000005]"
purvanchal_expressway_up_r3_c2,purvanchal_expressway_up,infrastructure,"[82.54, 26.785000000000004, 82.58500000000001, 26.830000000000005]"
purvanchal_expressway_up_r3_c3,purvanchal_expressway_up,infrastructure,"[82.58500000000001, 26.785000000000004, 82.63000000000001, 26.830000000000005]"
purvanchal_expressway_up_r3_c4,purvanchal_expressway_up,infrastructure,"[82.63000000000001, 26.785000000000004, 82.67500000000001, 26.830000000000005]"
purvanchal_expressway_up_r3_c5,purvanchal_expressway_up,infrastructure,"[82.67500000000001, 26.785000000000004, 82.72000000000001, 26.830000000000005]"
purvanchal_expressway_up_r4_c0,purvanchal_expressway_up,infrastructure,"[82.45, 26.830000000000005, 82.495, 26.875000000000007]"
purvanchal_expressway_up_r4_c1,purvanchal_expressway_up,infrastructure,"[82.495, 26.830000000000005, 82.54, 26.875000000000007]"
purvanchal_expressway_up_r4_c2,purvanchal_expressway_up,infrastructure,"[82.54, 26.830000000000005, 82.58500000000001, 26.875000000000007]"
purvanchal_expressway_up_r4_c3,purvanchal_expressway_up,infrastructure,"[82.58500000000001, 26.830000000000005, 82.63000000000001, 26.875000000000007]"
purvanchal_expressway_up_r4_c4,purvanchal_expressway_up,infrastructure,"[82.63000000000001, 26.830000000000005, 82.67500000000001, 26.875000000000007]"
purvanchal_expressway_up_r4_c5,purvanchal_expressway_up,infrastructure,"[82.67500000000001, 26.830000000000005, 82.72000000000001, 26.875000000000007]"
purvanchal_expressway_up_r5_c0,purvanchal_expressway_up,infrastructure,"[82.45, 26.875000000000007, 82.495, 26.92000000000001]"
purvanchal_expressway_up_r5_c1,purvanchal_expressway_up,infrastructure,"[82.495, 26.875000000000007, 82.54, 26.92000000000001]"
purvanchal_expressway_up_r5_c2,purvanchal_expressway_up,infrastructure,"[82.54, 26.875000000000007, 82.58500000000001, 26.92000000000001]"
purvanchal_expressway_up_r5_c3,purvanchal_expressway_up,infrastructure,"[82.58500000000001, 26.875000000000007, 82.63000000000001, 26.92000000000001]"
purvanchal_expressway_up_r5_c4,purvanchal_expressway_up,infrastructure,"[82.63000000000001, 26.875000000000007, 82.67500000000001, 26.92000000000001]"
purvanchal_expressway_up_r5_c5,purvanchal_expressway_up,infrastructure,"[82.67500000000001, 26.875000000000007, 82.72000000000001, 26.92000000000001]"
delhi_mumbai_expwy_dausa_r0_c0,delhi_mumbai_expwy_dausa,infrastructure,"[76.25, 26.8, 76.295, 26.845000000000002]"
delhi_mumbai_expwy_dausa_r0_c1,delhi_mumbai_expwy_dausa,infrastructure,"[76.295, 26.8, 76.34, 26.845000000000002]"
delhi_mumbai_expwy_dausa_r0_c2,delhi_mumbai_expwy_dausa,infrastructure,"[76.34, 26.8, 76.385, 26.845000000000002]"
delhi_mumbai_expwy_dausa_r0_c3,delhi_mumbai_expwy_dausa,infrastructure,"[76.385, 26.8, 76.43, 26.845000000000002]"
delhi_mumbai_expwy_dausa_r0_c4,delhi_mumbai_expwy_dausa,infrastructure,"[76.43, 26.8, 76.47500000000001, 26.845000000000002]"
delhi_mumbai_expwy_dausa_r0_c5,delhi_mumbai_expwy_dausa,infrastructure,"[76.47500000000001, 26.8, 76.52000000000001, 26.845000000000002]"
delhi_mumbai_expwy_dausa_r1_c0,delhi_mumbai_expwy_dausa,infrastructure,"[76.25, 26.845000000000002, 76.295, 26.890000000000004]"
delhi_mumbai_expwy_dausa_r1_c1,delhi_mumbai_expwy_dausa,infrastructure,"[76.295, 26.845000000000002, 76.34, 26.890000000000004]"
delhi_mumbai_expwy_dausa_r1_c2,delhi_mumbai_expwy_dausa,infrastructure,"[76.34, 26.845000000000002, 76.385, 26.890000000000004]"
delhi_mumbai_expwy_dausa_r1_c3,delhi_mumbai_expwy_dausa,infrastructure,"[76.385, 26.845000000000002, 76.43, 26.890000000000004]"
delhi_mumbai_expwy_dausa_r1_c4,delhi_mumbai_expwy_dausa,infrastructure,"[76.43, 26.845000000000002, 76.47500000000001, 26.890000000000004]"
delhi_mumbai_expwy_dausa_r1_c5,delhi_mumbai_expwy_dausa,infrastructure,"[76.47500000000001, 26.845000000000002, 76.52000000000001, 26.890000000000004]"
delhi_mumbai_expwy_dausa_r2_c0,delhi_mumbai_expwy_dausa,infrastructure,"[76.25, 26.890000000000004, 76.295, 26.935000000000006]"
delhi_mumbai_expwy_dausa_r2_c1,delhi_mumbai_expwy_dausa,infrastructure,"[76.295, 26.890000000000004, 76.34, 26.935000000000006]"
delhi_mumbai_expwy_dausa_r2_c2,delhi_mumbai_expwy_dausa,infrastructure,"[76.34, 26.890000000000004, 76.385, 26.935000000000006]"
delhi_mumbai_expwy_dausa_r2_c3,delhi_mumbai_expwy_dausa,infrastructure,"[76.385, 26.890000000000004, 76.43, 26.935000000000006]"
delhi_mumbai_expwy_dausa_r2_c4,delhi_mumbai_expwy_dausa,infrastructure,"[76.43, 26.890000000000004, 76.47500000000001, 26.935000000000006]"
delhi_mumbai_expwy_dausa_r2_c5,delhi_mumbai_expwy_dausa,infrastructure,"[76.47500000000001, 26.890000000000004, 76.52000000000001, 26.935000000000006]"
delhi_mumbai_expwy_dausa_r3_c0,delhi_mumbai_expwy_dausa,infrastructure,"[76.25, 26.935000000000006, 76.295, 26.980000000000008]"
delhi_mumbai_expwy_dausa_r3_c1,delhi_mumbai_expwy_dausa,infrastructure,"[76.295, 26.935000000000006, 76.34, 26.980000000000008]"
delhi_mumbai_expwy_dausa_r3_c2,delhi_mumbai_expwy_dausa,infrastructure,"[76.34, 26.935000000000006, 76.385, 26.980000000000008]"
delhi_mumbai_expwy_dausa_r3_c3,delhi_mumbai_expwy_dausa,infrastructure,"[76.385, 26.935000000000006, 76.43, 26.980000000000008]"
delhi_mumbai_expwy_dausa_r3_c4,delhi_mumbai_expwy_dausa,infrastructure,"[76.43, 26.935000000000006, 76.47500000000001, 26.980000000000008]"
delhi_mumbai_expwy_dausa_r3_c5,delhi_mumbai_expwy_dausa,infrastructure,"[76.47500000000001, 26.935000000000006, 76.52000000000001, 26.980000000000008]"
delhi_mumbai_expwy_dausa_r4_c0,delhi_mumbai_expwy_dausa,infrastructure,"[76.25, 26.980000000000008, 76.295, 27.02500000000001]"
delhi_mumbai_expwy_dausa_r4_c1,delhi_mumbai_expwy_dausa,infrastructure,"[76.295, 26.980000000000008, 76.34, 27.02500000000001]"
delhi_mumbai_expwy_dausa_r4_c2,delhi_mumbai_expwy_dausa,infrastructure,"[76.34, 26.980000000000008, 76.385, 27.02500000000001]"
delhi_mumbai_expwy_dausa_r4_c3,delhi_mumbai_expwy_dausa,infrastructure,"[76.385, 26.980000000000008, 76.43, 27.02500000000001]"
delhi_mumbai_expwy_dausa_r4_c4,delhi_mumbai_expwy_dausa,infrastructure,"[76.43, 26.980000000000008, 76.47500000000001, 27.02500000000001]"
delhi_mumbai_expwy_dausa_r4_c5,delhi_mumbai_expwy_dausa,infrastructure,"[76.47500000000001, 26.980000000000008, 76.52000000000001, 27.02500000000001]"
delhi_mumbai_expwy_dausa_r5_c0,delhi_mumbai_expwy_dausa,infrastructure,"[76.25, 27.02500000000001, 76.295, 27.07000000000001]"
delhi_mumbai_expwy_dausa_r5_c1,delhi_mumbai_expwy_dausa,infrastructure,"[76.295, 27.02500000000001, 76.34, 27.07000000000001]"
delhi_mumbai_expwy_dausa_r5_c2,delhi_mumbai_expwy_dausa,infrastructure,"[76.34, 27.02500000000001, 76.385, 27.07000000000001]"
delhi_mumbai_expwy_dausa_r5_c3,delhi_mumbai_expwy_dausa,infrastructure,"[76.385, 27.02500000000001, 76.43, 27.07000000000001]"
delhi_mumbai_expwy_dausa_r5_c4,delhi_mumbai_expwy_dausa,infrastructure,"[76.43, 27.02500000000001, 76.47500000000001, 27.07000000000001]"
delhi_mumbai_expwy_dausa_r5_c5,delhi_mumbai_expwy_dausa,infrastructure,"[76.47500000000001, 27.02500000000001, 76.52000000000001, 27.07000000000001]"
polavaram_dam_ap_r0_c0,polavaram_dam_ap,infrastructure,"[81.55, 17.15, 81.595, 17.195]"
polavaram_dam_ap_r0_c1,polavaram_dam_ap,infrastructure,"[81.595, 17.15, 81.64, 17.195]"
polavaram_dam_ap_r0_c2,polavaram_dam_ap,infrastructure,"[81.64, 17.15, 81.685, 17.195]"
polavaram_dam_ap_r0_c3,polavaram_dam_ap,infrastructure,"[81.685, 17.15, 81.73, 17.195]"
polavaram_dam_ap_r0_c4,polavaram_dam_ap,infrastructure,"[81.73, 17.15, 81.775, 17.195]"
polavaram_dam_ap_r0_c5,polavaram_dam_ap,infrastructure,"[81.775, 17.15, 81.82000000000001, 17.195]"
polavaram_dam_ap_r1_c0,polavaram_dam_ap,infrastructure,"[81.55, 17.195, 81.595, 17.240000000000002]"
polavaram_dam_ap_r1_c1,polavaram_dam_ap,infrastructure,"[81.595, 17.195, 81.64, 17.240000000000002]"
polavaram_dam_ap_r1_c2,polavaram_dam_ap,infrastructure,"[81.64, 17.195, 81.685, 17.240000000000002]"
polavaram_dam_ap_r1_c3,polavaram_dam_ap,infrastructure,"[81.685, 17.195, 81.73, 17.240000000000002]"
polavaram_dam_ap_r1_c4,polavaram_dam_ap,infrastructure,"[81.73, 17.195, 81.775, 17.240000000000002]"
polavaram_dam_ap_r1_c5,polavaram_dam_ap,infrastructure,"[81.775, 17.195, 81.82000000000001, 17.240000000000002]"
polavaram_dam_ap_r2_c0,polavaram_dam_ap,infrastructure,"[81.55, 17.240000000000002, 81.595, 17.285000000000004]"
polavaram_dam_ap_r2_c1,polavaram_dam_ap,infrastructure,"[81.595, 17.240000000000002, 81.64, 17.285000000000004]"
polavaram_dam_ap_r2_c2,polavaram_dam_ap,infrastructure,"[81.64, 17.240000000000002, 81.685, 17.285000000000004]"
polavaram_dam_ap_r2_c3,polavaram_dam_ap,infrastructure,"[81.685, 17.240000000000002, 81.73, 17.285000000000004]"
polavaram_dam_ap_r2_c4,polavaram_dam_ap,infrastructure,"[81.73, 17.240000000000002, 81.775, 17.285000000000004]"
polavaram_dam_ap_r2_c5,polavaram_dam_ap,infrastructure,"[81.775, 17.240000000000002, 81.82000000000001, 17.285000000000004]"
polavaram_dam_ap_r3_c0,polavaram_dam_ap,infrastructure,"[81.55, 17.285000000000004, 81.595, 17.330000000000005]"
polavaram_dam_ap_r3_c1,polavaram_dam_ap,infrastructure,"[81.595, 17.285000000000004, 81.64, 17.330000000000005]"
polavaram_dam_ap_r3_c2,polavaram_dam_ap,infrastructure,"[81.64, 17.285000000000004, 81.685, 17.330000000000005]"
polavaram_dam_ap_r3_c3,polavaram_dam_ap,infrastructure,"[81.685, 17.285000000000004, 81.73, 17.330000000000005]"
polavaram_dam_ap_r3_c4,polavaram_dam_ap,infrastructure,"[81.73, 17.285000000000004, 81.775, 17.330000000000005]"
polavaram_dam_ap_r3_c5,polavaram_dam_ap,infrastructure,"[81.775, 17.285000000000004, 81.82000000000001, 17.330000000000005]"
polavaram_dam_ap_r4_c0,polavaram_dam_ap,infrastructure,"[81.55, 17.330000000000005, 81.595, 17.375000000000007]"
polavaram_dam_ap_r4_c1,polavaram_dam_ap,infrastructure,"[81.595, 17.330000000000005, 81.64, 17.375000000000007]"
polavaram_dam_ap_r4_c2,polavaram_dam_ap,infrastructure,"[81.64, 17.330000000000005, 81.685, 17.375000000000007]"
polavaram_dam_ap_r4_c3,polavaram_dam_ap,infrastructure,"[81.685, 17.330000000000005, 81.73, 17.375000000000007]"
polavaram_dam_ap_r4_c4,polavaram_dam_ap,infrastructure,"[81.73, 17.330000000000005, 81.775, 17.375000000000007]"
polavaram_dam_ap_r4_c5,polavaram_dam_ap,infrastructure,"[81.775, 17.330000000000005, 81.82000000000001, 17.375000000000007]"
polavaram_dam_ap_r5_c0,polavaram_dam_ap,infrastructure,"[81.55, 17.375000000000007, 81.595, 17.42000000000001]"
polavaram_dam_ap_r5_c1,polavaram_dam_ap,infrastructure,"[81.595, 17.375000000000007, 81.64, 17.42000000000001]"
polavaram_dam_ap_r5_c2,polavaram_dam_ap,infrastructure,"[81.64, 17.375000000000007, 81.685, 17.42000000000001]"
polavaram_dam_ap_r5_c3,polavaram_dam_ap,infrastructure,"[81.685, 17.375000000000007, 81.73, 17.42000000000001]"
polavaram_dam_ap_r5_c4,polavaram_dam_ap,infrastructure,"[81.73, 17.375000000000007, 81.775, 17.42000000000001]"
polavaram_dam_ap_r5_c5,polavaram_dam_ap,infrastructure,"[81.775, 17.375000000000007, 81.82000000000001, 17.42000000000001]"
